domain,schema,table,table_purpose,column,data_type,nullable,default,primary_key,unique,references,introduced_by
Audit,audit,audit_logs,Private business-operation audit evidence.,id,uuid,false,gen_random_uuid(),true,false,,20260717000600_phase2_documents_reporting_operations.sql
Audit,audit,audit_logs,Private business-operation audit evidence.,institution_id,uuid,true,,false,false,public.institutions(id),20260717000600_phase2_documents_reporting_operations.sql
Audit,audit,audit_logs,Private business-operation audit evidence.,campus_id,uuid,true,,false,false,,20260717000600_phase2_documents_reporting_operations.sql
Audit,audit,audit_logs,Private business-operation audit evidence.,actor_auth_user_id,uuid,true,,false,false,auth.users(id),20260717000600_phase2_documents_reporting_operations.sql
Audit,audit,audit_logs,Private business-operation audit evidence.,actor_staff_profile_id,uuid,true,,false,false,public.staff_profiles(id),20260717000600_phase2_documents_reporting_operations.sql
Audit,audit,audit_logs,Private business-operation audit evidence.,actor_student_id,uuid,true,,false,false,,20260717000600_phase2_documents_reporting_operations.sql
Audit,audit,audit_logs,Private business-operation audit evidence.,operation,text,false,,false,false,,20260717000600_phase2_documents_reporting_operations.sql
Audit,audit,audit_logs,Private business-operation audit evidence.,entity_type,text,true,,false,false,,20260717000600_phase2_documents_reporting_operations.sql
Audit,audit,audit_logs,Private business-operation audit evidence.,entity_id,uuid,true,,false,false,,20260717000600_phase2_documents_reporting_operations.sql
Audit,audit,audit_logs,Private business-operation audit evidence.,correlation_id,uuid,true,,false,false,,20260717000600_phase2_documents_reporting_operations.sql
Audit,audit,audit_logs,Private business-operation audit evidence.,outcome,text,false,,false,false,,20260717000600_phase2_documents_reporting_operations.sql
Audit,audit,audit_logs,Private business-operation audit evidence.,details,jsonb,false,CAST('{}' AS jsonb),false,false,,20260717000600_phase2_documents_reporting_operations.sql
Audit,audit,audit_logs,Private business-operation audit evidence.,occurred_at,timestamptz,false,"timezone('utc', now())",false,false,,20260717000600_phase2_documents_reporting_operations.sql
Audit,audit,audit_logs,Private business-operation audit evidence.,created_at,timestamptz,false,"timezone('utc', now())",false,false,,20260717000600_phase2_documents_reporting_operations.sql
Identity & authorization,audit,authorization_events,Stores authorization events records for the academic operations model.,id,uuid,false,gen_random_uuid(),true,false,,20260717000200_phase2_identity_and_authorization.sql
Identity & authorization,audit,authorization_events,Stores authorization events records for the academic operations model.,occurred_at,timestamptz,false,"timezone('utc', now())",false,false,,20260717000200_phase2_identity_and_authorization.sql
Identity & authorization,audit,authorization_events,Stores authorization events records for the academic operations model.,auth_user_id,uuid,true,,false,false,auth.users(id),20260717000200_phase2_identity_and_authorization.sql
Identity & authorization,audit,authorization_events,Stores authorization events records for the academic operations model.,staff_profile_id,uuid,true,,false,false,public.staff_profiles(id),20260717000200_phase2_identity_and_authorization.sql
Identity & authorization,audit,authorization_events,Stores authorization events records for the academic operations model.,operation,text,false,,false,false,,20260717000200_phase2_identity_and_authorization.sql
Identity & authorization,audit,authorization_events,Stores authorization events records for the academic operations model.,institution_id,uuid,true,,false,false,public.institutions(id),20260717000200_phase2_identity_and_authorization.sql
Identity & authorization,audit,authorization_events,Stores authorization events records for the academic operations model.,campus_id,uuid,true,,false,false,public.campuses(id),20260717000200_phase2_identity_and_authorization.sql
Identity & authorization,audit,authorization_events,Stores authorization events records for the academic operations model.,allowed,boolean,false,,false,false,,20260717000200_phase2_identity_and_authorization.sql
Identity & authorization,audit,authorization_events,Stores authorization events records for the academic operations model.,reason_code,text,false,,false,false,,20260717000200_phase2_identity_and_authorization.sql
Identity & authorization,audit,authorization_events,Stores authorization events records for the academic operations model.,correlation_id,uuid,true,,false,false,,20260717000200_phase2_identity_and_authorization.sql
Identity & authorization,audit,authorization_events,Stores authorization events records for the academic operations model.,details,jsonb,false,CAST('{}' AS jsonb),false,false,,20260717000200_phase2_identity_and_authorization.sql
Audit,audit,data_change_events,Stores data change events records for the academic operations model.,id,uuid,false,gen_random_uuid(),true,false,,20260717000600_phase2_documents_reporting_operations.sql
Audit,audit,data_change_events,Stores data change events records for the academic operations model.,institution_id,uuid,true,,false,false,public.institutions(id),20260717000600_phase2_documents_reporting_operations.sql
Audit,audit,data_change_events,Stores data change events records for the academic operations model.,table_name,text,false,,false,false,,20260717000600_phase2_documents_reporting_operations.sql
Audit,audit,data_change_events,Stores data change events records for the academic operations model.,record_id,uuid,true,,false,false,,20260717000600_phase2_documents_reporting_operations.sql
Audit,audit,data_change_events,Stores data change events records for the academic operations model.,action,text,false,,false,false,,20260717000600_phase2_documents_reporting_operations.sql
Audit,audit,data_change_events,Stores data change events records for the academic operations model.,changed_by,uuid,true,,false,false,auth.users(id),20260717000600_phase2_documents_reporting_operations.sql
Audit,audit,data_change_events,Stores data change events records for the academic operations model.,correlation_id,uuid,true,,false,false,,20260717000600_phase2_documents_reporting_operations.sql
Audit,audit,data_change_events,Stores data change events records for the academic operations model.,before_data,jsonb,true,,false,false,,20260717000600_phase2_documents_reporting_operations.sql
Audit,audit,data_change_events,Stores data change events records for the academic operations model.,after_data,jsonb,true,,false,false,,20260717000600_phase2_documents_reporting_operations.sql
Audit,audit,data_change_events,Stores data change events records for the academic operations model.,occurred_at,timestamptz,false,"timezone('utc', now())",false,false,,20260717000600_phase2_documents_reporting_operations.sql
Operations,ops,dashboard_refresh_runs,Stores dashboard refresh runs records for the academic operations model.,id,uuid,false,gen_random_uuid(),true,false,,20260717000600_phase2_documents_reporting_operations.sql
Operations,ops,dashboard_refresh_runs,Stores dashboard refresh runs records for the academic operations model.,institution_id,uuid,false,,false,false,public.institutions(id),20260717000600_phase2_documents_reporting_operations.sql
Operations,ops,dashboard_refresh_runs,Stores dashboard refresh runs records for the academic operations model.,campus_id,uuid,true,,false,false,,20260717000600_phase2_documents_reporting_operations.sql
Operations,ops,dashboard_refresh_runs,Stores dashboard refresh runs records for the academic operations model.,correlation_id,uuid,false,,false,false,,20260717000600_phase2_documents_reporting_operations.sql
Operations,ops,dashboard_refresh_runs,Stores dashboard refresh runs records for the academic operations model.,job_status,ops.job_status,false,'pending',false,false,,20260717000600_phase2_documents_reporting_operations.sql
Operations,ops,dashboard_refresh_runs,Stores dashboard refresh runs records for the academic operations model.,snapshot,jsonb,true,,false,false,,20260717000600_phase2_documents_reporting_operations.sql
Operations,ops,dashboard_refresh_runs,Stores dashboard refresh runs records for the academic operations model.,requested_at,timestamptz,false,"timezone('utc', now())",false,false,,20260717000600_phase2_documents_reporting_operations.sql
Operations,ops,dashboard_refresh_runs,Stores dashboard refresh runs records for the academic operations model.,completed_at,timestamptz,true,,false,false,,20260717000600_phase2_documents_reporting_operations.sql
Operations,ops,dashboard_refresh_runs,Stores dashboard refresh runs records for the academic operations model.,created_at,timestamptz,false,"timezone('utc', now())",false,false,,20260717000600_phase2_documents_reporting_operations.sql
Operations,ops,dashboard_refresh_runs,Stores dashboard refresh runs records for the academic operations model.,updated_at,timestamptz,false,"timezone('utc', now())",false,false,,20260717000600_phase2_documents_reporting_operations.sql
Operations,ops,generated_report_files,Stores generated report files records for the academic operations model.,id,uuid,false,gen_random_uuid(),true,false,,20260717000600_phase2_documents_reporting_operations.sql
Operations,ops,generated_report_files,Stores generated report files records for the academic operations model.,institution_id,uuid,false,,false,false,public.institutions(id),20260717000600_phase2_documents_reporting_operations.sql
Operations,ops,generated_report_files,Stores generated report files records for the academic operations model.,hec_report_run_id,uuid,true,,false,false,ops.hec_report_runs(id),20260717000600_phase2_documents_reporting_operations.sql
Operations,ops,generated_report_files,Stores generated report files records for the academic operations model.,report_type,text,false,,false,false,,20260717000600_phase2_documents_reporting_operations.sql
Operations,ops,generated_report_files,Stores generated report files records for the academic operations model.,file_format,text,false,,false,false,,20260717000600_phase2_documents_reporting_operations.sql
Operations,ops,generated_report_files,Stores generated report files records for the academic operations model.,storage_provider,text,false,,false,false,,20260717000600_phase2_documents_reporting_operations.sql
Operations,ops,generated_report_files,Stores generated report files records for the academic operations model.,storage_object_id,text,false,,false,false,,20260717000600_phase2_documents_reporting_operations.sql
Operations,ops,generated_report_files,Stores generated report files records for the academic operations model.,file_url,text,true,,false,false,,20260717000600_phase2_documents_reporting_operations.sql
Operations,ops,generated_report_files,Stores generated report files records for the academic operations model.,checksum_sha256,text,true,,false,false,,20260717000600_phase2_documents_reporting_operations.sql
Operations,ops,generated_report_files,Stores generated report files records for the academic operations model.,created_at,timestamptz,false,"timezone('utc', now())",false,false,,20260717000600_phase2_documents_reporting_operations.sql
Operations,ops,hec_report_runs,Stores hec report runs records for the academic operations model.,id,uuid,false,gen_random_uuid(),true,false,,20260717000600_phase2_documents_reporting_operations.sql
Operations,ops,hec_report_runs,Stores hec report runs records for the academic operations model.,institution_id,uuid,false,,false,false,public.institutions(id),20260717000600_phase2_documents_reporting_operations.sql
Operations,ops,hec_report_runs,Stores hec report runs records for the academic operations model.,campus_id,uuid,true,,false,false,,20260717000600_phase2_documents_reporting_operations.sql
Operations,ops,hec_report_runs,Stores hec report runs records for the academic operations model.,academic_year_id,uuid,false,,false,false,,20260717000600_phase2_documents_reporting_operations.sql
Operations,ops,hec_report_runs,Stores hec report runs records for the academic operations model.,term_id,uuid,true,,false,false,,20260717000600_phase2_documents_reporting_operations.sql
Operations,ops,hec_report_runs,Stores hec report runs records for the academic operations model.,program_id,uuid,true,,false,false,,20260717000600_phase2_documents_reporting_operations.sql
Operations,ops,hec_report_runs,Stores hec report runs records for the academic operations model.,requested_by,uuid,true,,false,false,auth.users(id),20260717000600_phase2_documents_reporting_operations.sql
Operations,ops,hec_report_runs,Stores hec report runs records for the academic operations model.,correlation_id,uuid,false,,false,false,,20260717000600_phase2_documents_reporting_operations.sql
Operations,ops,hec_report_runs,Stores hec report runs records for the academic operations model.,idempotency_key,text,false,,false,false,,20260717000600_phase2_documents_reporting_operations.sql
Operations,ops,hec_report_runs,Stores hec report runs records for the academic operations model.,filters,jsonb,false,CAST('{}' AS jsonb),false,false,,20260717000600_phase2_documents_reporting_operations.sql
Operations,ops,hec_report_runs,Stores hec report runs records for the academic operations model.,job_status,ops.job_status,false,'pending',false,false,,20260717000600_phase2_documents_reporting_operations.sql
Operations,ops,hec_report_runs,Stores hec report runs records for the academic operations model.,template_label,text,false,'Demonstration HEC Enrollment Format',false,false,,20260717000600_phase2_documents_reporting_operations.sql
Operations,ops,hec_report_runs,Stores hec report runs records for the academic operations model.,requested_at,timestamptz,false,"timezone('utc', now())",false,false,,20260717000600_phase2_documents_reporting_operations.sql
Operations,ops,hec_report_runs,Stores hec report runs records for the academic operations model.,completed_at,timestamptz,true,,false,false,,20260717000600_phase2_documents_reporting_operations.sql
Operations,ops,hec_report_runs,Stores hec report runs records for the academic operations model.,error_code,text,true,,false,false,,20260717000600_phase2_documents_reporting_operations.sql
Operations,ops,hec_report_runs,Stores hec report runs records for the academic operations model.,sanitized_error_message,text,true,,false,false,,20260717000600_phase2_documents_reporting_operations.sql
Operations,ops,hec_report_runs,Stores hec report runs records for the academic operations model.,created_at,timestamptz,false,"timezone('utc', now())",false,false,,20260717000600_phase2_documents_reporting_operations.sql
Operations,ops,hec_report_runs,Stores hec report runs records for the academic operations model.,updated_at,timestamptz,false,"timezone('utc', now())",false,false,,20260717000600_phase2_documents_reporting_operations.sql
Operations,ops,idempotency_records,Database-enforced request replay protection.,id,uuid,false,gen_random_uuid(),true,false,,20260717000600_phase2_documents_reporting_operations.sql
Operations,ops,idempotency_records,Database-enforced request replay protection.,institution_id,uuid,false,,false,false,public.institutions(id),20260717000600_phase2_documents_reporting_operations.sql
Operations,ops,idempotency_records,Database-enforced request replay protection.,operation,text,false,,false,false,,20260717000600_phase2_documents_reporting_operations.sql
Operations,ops,idempotency_records,Database-enforced request replay protection.,idempotency_key,text,false,,false,false,,20260717000600_phase2_documents_reporting_operations.sql
Operations,ops,idempotency_records,Database-enforced request replay protection.,request_hash,text,false,,false,false,,20260717000600_phase2_documents_reporting_operations.sql
Operations,ops,idempotency_records,Database-enforced request replay protection.,correlation_id,uuid,false,,false,false,,20260717000600_phase2_documents_reporting_operations.sql
Operations,ops,idempotency_records,Database-enforced request replay protection.,state,text,false,'processing',false,false,,20260717000600_phase2_documents_reporting_operations.sql
Operations,ops,idempotency_records,Database-enforced request replay protection.,result_payload,jsonb,true,,false,false,,20260717000600_phase2_documents_reporting_operations.sql
Operations,ops,idempotency_records,Database-enforced request replay protection.,error_payload,jsonb,true,,false,false,,20260717000600_phase2_documents_reporting_operations.sql
Operations,ops,idempotency_records,Database-enforced request replay protection.,locked_until,timestamptz,true,,false,false,,20260717000600_phase2_documents_reporting_operations.sql
Operations,ops,idempotency_records,Database-enforced request replay protection.,created_at,timestamptz,false,"timezone('utc', now())",false,false,,20260717000600_phase2_documents_reporting_operations.sql
Operations,ops,idempotency_records,Database-enforced request replay protection.,updated_at,timestamptz,false,"timezone('utc', now())",false,false,,20260717000600_phase2_documents_reporting_operations.sql
Operations,ops,incident_events,Stores incident events records for the academic operations model.,id,uuid,false,gen_random_uuid(),true,false,,20260717000600_phase2_documents_reporting_operations.sql
Operations,ops,incident_events,Stores incident events records for the academic operations model.,incident_id,uuid,false,,false,false,ops.incidents(id),20260717000600_phase2_documents_reporting_operations.sql
Operations,ops,incident_events,Stores incident events records for the academic operations model.,event_type,text,false,,false,false,,20260717000600_phase2_documents_reporting_operations.sql
Operations,ops,incident_events,Stores incident events records for the academic operations model.,correlation_id,uuid,true,,false,false,,20260717000600_phase2_documents_reporting_operations.sql
Operations,ops,incident_events,Stores incident events records for the academic operations model.,n8n_execution_id,text,true,,false,false,,20260717000600_phase2_documents_reporting_operations.sql
Operations,ops,incident_events,Stores incident events records for the academic operations model.,retry_number,integer,true,,false,false,,20260717000600_phase2_documents_reporting_operations.sql
Operations,ops,incident_events,Stores incident events records for the academic operations model.,retryable,boolean,true,,false,false,,20260717000600_phase2_documents_reporting_operations.sql
Operations,ops,incident_events,Stores incident events records for the academic operations model.,sanitized_details,jsonb,false,CAST('{}' AS jsonb),false,false,,20260717000600_phase2_documents_reporting_operations.sql
Operations,ops,incident_events,Stores incident events records for the academic operations model.,occurred_at,timestamptz,false,"timezone('utc', now())",false,false,,20260717000600_phase2_documents_reporting_operations.sql
Operations,ops,incident_events,Stores incident events records for the academic operations model.,created_at,timestamptz,false,"timezone('utc', now())",false,false,,20260717000600_phase2_documents_reporting_operations.sql
Operations,ops,incidents,Deduplicated operational incidents.,id,uuid,false,gen_random_uuid(),true,false,,20260717000600_phase2_documents_reporting_operations.sql
Operations,ops,incidents,Deduplicated operational incidents.,institution_id,uuid,true,,false,false,public.institutions(id),20260717000600_phase2_documents_reporting_operations.sql
Operations,ops,incidents,Deduplicated operational incidents.,campus_id,uuid,true,,false,false,,20260717000600_phase2_documents_reporting_operations.sql
Operations,ops,incidents,Deduplicated operational incidents.,fingerprint,text,false,,false,false,,20260717000600_phase2_documents_reporting_operations.sql
Operations,ops,incidents,Deduplicated operational incidents.,root_correlation_id,uuid,true,,false,false,,20260717000600_phase2_documents_reporting_operations.sql
Operations,ops,incidents,Deduplicated operational incidents.,workflow_code,text,true,,false,false,,20260717000600_phase2_documents_reporting_operations.sql
Operations,ops,incidents,Deduplicated operational incidents.,operation,text,true,,false,false,,20260717000600_phase2_documents_reporting_operations.sql
Operations,ops,incidents,Deduplicated operational incidents.,severity,ops.incident_severity,false,'error',false,false,,20260717000600_phase2_documents_reporting_operations.sql
Operations,ops,incidents,Deduplicated operational incidents.,incident_status,ops.incident_status,false,'open',false,false,,20260717000600_phase2_documents_reporting_operations.sql
Operations,ops,incidents,Deduplicated operational incidents.,title,text,false,,false,false,,20260717000600_phase2_documents_reporting_operations.sql
Operations,ops,incidents,Deduplicated operational incidents.,summary,text,false,,false,false,,20260717000600_phase2_documents_reporting_operations.sql
Operations,ops,incidents,Deduplicated operational incidents.,first_seen_at,timestamptz,false,"timezone('utc', now())",false,false,,20260717000600_phase2_documents_reporting_operations.sql
Operations,ops,incidents,Deduplicated operational incidents.,last_seen_at,timestamptz,false,"timezone('utc', now())",false,false,,20260717000600_phase2_documents_reporting_operations.sql
Operations,ops,incidents,Deduplicated operational incidents.,occurrence_count,integer,false,1,false,false,,20260717000600_phase2_documents_reporting_operations.sql
Operations,ops,incidents,Deduplicated operational incidents.,acknowledged_by,uuid,true,,false,false,auth.users(id),20260717000600_phase2_documents_reporting_operations.sql
Operations,ops,incidents,Deduplicated operational incidents.,acknowledged_at,timestamptz,true,,false,false,,20260717000600_phase2_documents_reporting_operations.sql
Operations,ops,incidents,Deduplicated operational incidents.,resolved_by,uuid,true,,false,false,auth.users(id),20260717000600_phase2_documents_reporting_operations.sql
Operations,ops,incidents,Deduplicated operational incidents.,resolved_at,timestamptz,true,,false,false,,20260717000600_phase2_documents_reporting_operations.sql
Operations,ops,incidents,Deduplicated operational incidents.,created_at,timestamptz,false,"timezone('utc', now())",false,false,,20260717000600_phase2_documents_reporting_operations.sql
Operations,ops,incidents,Deduplicated operational incidents.,updated_at,timestamptz,false,"timezone('utc', now())",false,false,,20260717000600_phase2_documents_reporting_operations.sql
Operations,ops,maintenance_runs,Stores maintenance runs records for the academic operations model.,id,uuid,false,gen_random_uuid(),true,false,,20260717000600_phase2_documents_reporting_operations.sql
Operations,ops,maintenance_runs,Stores maintenance runs records for the academic operations model.,operation,text,false,,false,false,,20260717000600_phase2_documents_reporting_operations.sql
Operations,ops,maintenance_runs,Stores maintenance runs records for the academic operations model.,correlation_id,uuid,false,,false,false,,20260717000600_phase2_documents_reporting_operations.sql
Operations,ops,maintenance_runs,Stores maintenance runs records for the academic operations model.,job_status,ops.job_status,false,'running',false,false,,20260717000600_phase2_documents_reporting_operations.sql
Operations,ops,maintenance_runs,Stores maintenance runs records for the academic operations model.,metrics,jsonb,false,CAST('{}' AS jsonb),false,false,,20260717000600_phase2_documents_reporting_operations.sql
Operations,ops,maintenance_runs,Stores maintenance runs records for the academic operations model.,started_at,timestamptz,false,"timezone('utc', now())",false,false,,20260717000600_phase2_documents_reporting_operations.sql
Operations,ops,maintenance_runs,Stores maintenance runs records for the academic operations model.,completed_at,timestamptz,true,,false,false,,20260717000600_phase2_documents_reporting_operations.sql
Operations,ops,maintenance_runs,Stores maintenance runs records for the academic operations model.,created_at,timestamptz,false,"timezone('utc', now())",false,false,,20260717000600_phase2_documents_reporting_operations.sql
Operations,ops,notification_deliveries,Stores notification deliveries records for the academic operations model.,id,uuid,false,gen_random_uuid(),true,false,,20260717000600_phase2_documents_reporting_operations.sql
Operations,ops,notification_deliveries,Stores notification deliveries records for the academic operations model.,institution_id,uuid,false,,false,false,public.institutions(id),20260717000600_phase2_documents_reporting_operations.sql
Operations,ops,notification_deliveries,Stores notification deliveries records for the academic operations model.,outbox_id,uuid,false,,false,false,ops.notification_outbox(id),20260717000600_phase2_documents_reporting_operations.sql
Operations,ops,notification_deliveries,Stores notification deliveries records for the academic operations model.,attempt_number,integer,false,,false,false,,20260717000600_phase2_documents_reporting_operations.sql
Operations,ops,notification_deliveries,Stores notification deliveries records for the academic operations model.,delivery_status,ops.delivery_status,false,,false,false,,20260717000600_phase2_documents_reporting_operations.sql
Operations,ops,notification_deliveries,Stores notification deliveries records for the academic operations model.,provider,text,false,,false,false,,20260717000600_phase2_documents_reporting_operations.sql
Operations,ops,notification_deliveries,Stores notification deliveries records for the academic operations model.,provider_message_id,text,true,,false,false,,20260717000600_phase2_documents_reporting_operations.sql
Operations,ops,notification_deliveries,Stores notification deliveries records for the academic operations model.,error_code,text,true,,false,false,,20260717000600_phase2_documents_reporting_operations.sql
Operations,ops,notification_deliveries,Stores notification deliveries records for the academic operations model.,sanitized_error_message,text,true,,false,false,,20260717000600_phase2_documents_reporting_operations.sql
Operations,ops,notification_deliveries,Stores notification deliveries records for the academic operations model.,retryable,boolean,false,FALSE,false,false,,20260717000600_phase2_documents_reporting_operations.sql
Operations,ops,notification_deliveries,Stores notification deliveries records for the academic operations model.,started_at,timestamptz,false,"timezone('utc', now())",false,false,,20260717000600_phase2_documents_reporting_operations.sql
Operations,ops,notification_deliveries,Stores notification deliveries records for the academic operations model.,finished_at,timestamptz,true,,false,false,,20260717000600_phase2_documents_reporting_operations.sql
Operations,ops,notification_deliveries,Stores notification deliveries records for the academic operations model.,created_at,timestamptz,false,"timezone('utc', now())",false,false,,20260717000600_phase2_documents_reporting_operations.sql
Operations,ops,notification_outbox,Transactional notification work queue.,id,uuid,false,gen_random_uuid(),true,false,,20260717000600_phase2_documents_reporting_operations.sql
Operations,ops,notification_outbox,Transactional notification work queue.,institution_id,uuid,false,,false,false,public.institutions(id),20260717000600_phase2_documents_reporting_operations.sql
Operations,ops,notification_outbox,Transactional notification work queue.,campus_id,uuid,true,,false,false,,20260717000600_phase2_documents_reporting_operations.sql
Operations,ops,notification_outbox,Transactional notification work queue.,channel,ops.notification_channel,false,'email',false,false,,20260717000600_phase2_documents_reporting_operations.sql
Operations,ops,notification_outbox,Transactional notification work queue.,notification_type,text,false,,false,false,,20260717000600_phase2_documents_reporting_operations.sql
Operations,ops,notification_outbox,Transactional notification work queue.,recipient_address,text,false,,false,false,,20260717000600_phase2_documents_reporting_operations.sql
Operations,ops,notification_outbox,Transactional notification work queue.,recipient_name,text,true,,false,false,,20260717000600_phase2_documents_reporting_operations.sql
Operations,ops,notification_outbox,Transactional notification work queue.,subject,text,true,,false,false,,20260717000600_phase2_documents_reporting_operations.sql
Operations,ops,notification_outbox,Transactional notification work queue.,template_code,text,true,,false,false,,20260717000600_phase2_documents_reporting_operations.sql
Operations,ops,notification_outbox,Transactional notification work queue.,payload,jsonb,false,CAST('{}' AS jsonb),false,false,,20260717000600_phase2_documents_reporting_operations.sql
Operations,ops,notification_outbox,Transactional notification work queue.,correlation_id,uuid,false,,false,false,,20260717000600_phase2_documents_reporting_operations.sql
Operations,ops,notification_outbox,Transactional notification work queue.,idempotency_key,text,false,,false,false,,20260717000600_phase2_documents_reporting_operations.sql
Operations,ops,notification_outbox,Transactional notification work queue.,job_status,ops.job_status,false,'pending',false,false,,20260717000600_phase2_documents_reporting_operations.sql
Operations,ops,notification_outbox,Transactional notification work queue.,priority,integer,false,100,false,false,,20260717000600_phase2_documents_reporting_operations.sql
Operations,ops,notification_outbox,Transactional notification work queue.,available_at,timestamptz,false,"timezone('utc', now())",false,false,,20260717000600_phase2_documents_reporting_operations.sql
Operations,ops,notification_outbox,Transactional notification work queue.,claimed_at,timestamptz,true,,false,false,,20260717000600_phase2_documents_reporting_operations.sql
Operations,ops,notification_outbox,Transactional notification work queue.,claimed_by,text,true,,false,false,,20260717000600_phase2_documents_reporting_operations.sql
Operations,ops,notification_outbox,Transactional notification work queue.,attempt_count,integer,false,0,false,false,,20260717000600_phase2_documents_reporting_operations.sql
Operations,ops,notification_outbox,Transactional notification work queue.,max_attempts,integer,false,3,false,false,,20260717000600_phase2_documents_reporting_operations.sql
Operations,ops,notification_outbox,Transactional notification work queue.,last_error_code,text,true,,false,false,,20260717000600_phase2_documents_reporting_operations.sql
Operations,ops,notification_outbox,Transactional notification work queue.,last_error_message,text,true,,false,false,,20260717000600_phase2_documents_reporting_operations.sql
Operations,ops,notification_outbox,Transactional notification work queue.,completed_at,timestamptz,true,,false,false,,20260717000600_phase2_documents_reporting_operations.sql
Operations,ops,notification_outbox,Transactional notification work queue.,created_at,timestamptz,false,"timezone('utc', now())",false,false,,20260717000600_phase2_documents_reporting_operations.sql
Operations,ops,notification_outbox,Transactional notification work queue.,updated_at,timestamptz,false,"timezone('utc', now())",false,false,,20260717000600_phase2_documents_reporting_operations.sql
Operations,ops,workflow_runs,Durable n8n workflow execution records.,id,uuid,false,gen_random_uuid(),true,false,,20260717000600_phase2_documents_reporting_operations.sql
Operations,ops,workflow_runs,Durable n8n workflow execution records.,institution_id,uuid,true,,false,false,public.institutions(id),20260717000600_phase2_documents_reporting_operations.sql
Operations,ops,workflow_runs,Durable n8n workflow execution records.,campus_id,uuid,true,,false,false,,20260717000600_phase2_documents_reporting_operations.sql
Operations,ops,workflow_runs,Durable n8n workflow execution records.,workflow_code,text,false,,false,false,,20260717000600_phase2_documents_reporting_operations.sql
Operations,ops,workflow_runs,Durable n8n workflow execution records.,n8n_execution_id,text,true,,false,false,,20260717000600_phase2_documents_reporting_operations.sql
Operations,ops,workflow_runs,Durable n8n workflow execution records.,operation,text,true,,false,false,,20260717000600_phase2_documents_reporting_operations.sql
Operations,ops,workflow_runs,Durable n8n workflow execution records.,correlation_id,uuid,false,,false,false,,20260717000600_phase2_documents_reporting_operations.sql
Operations,ops,workflow_runs,Durable n8n workflow execution records.,idempotency_key,text,true,,false,false,,20260717000600_phase2_documents_reporting_operations.sql
Operations,ops,workflow_runs,Durable n8n workflow execution records.,run_status,ops.workflow_run_status,false,'started',false,false,,20260717000600_phase2_documents_reporting_operations.sql
Operations,ops,workflow_runs,Durable n8n workflow execution records.,started_at,timestamptz,false,"timezone('utc', now())",false,false,,20260717000600_phase2_documents_reporting_operations.sql
Operations,ops,workflow_runs,Durable n8n workflow execution records.,finished_at,timestamptz,true,,false,false,,20260717000600_phase2_documents_reporting_operations.sql
Operations,ops,workflow_runs,Durable n8n workflow execution records.,input_summary,jsonb,false,CAST('{}' AS jsonb),false,false,,20260717000600_phase2_documents_reporting_operations.sql
Operations,ops,workflow_runs,Durable n8n workflow execution records.,output_summary,jsonb,false,CAST('{}' AS jsonb),false,false,,20260717000600_phase2_documents_reporting_operations.sql
Operations,ops,workflow_runs,Durable n8n workflow execution records.,error_code,text,true,,false,false,,20260717000600_phase2_documents_reporting_operations.sql
Operations,ops,workflow_runs,Durable n8n workflow execution records.,sanitized_error_message,text,true,,false,false,,20260717000600_phase2_documents_reporting_operations.sql
Operations,ops,workflow_runs,Durable n8n workflow execution records.,created_at,timestamptz,false,"timezone('utc', now())",false,false,,20260717000600_phase2_documents_reporting_operations.sql
Operations,ops,workflow_runs,Durable n8n workflow execution records.,updated_at,timestamptz,false,"timezone('utc', now())",false,false,,20260717000600_phase2_documents_reporting_operations.sql
Marks & results,public,academic_standing_history,Stores academic standing history records for the academic operations model.,id,uuid,false,gen_random_uuid(),true,false,,20260717000500_phase2_marks_results.sql
Marks & results,public,academic_standing_history,Stores academic standing history records for the academic operations model.,institution_id,uuid,false,,false,false,,20260717000500_phase2_marks_results.sql
Marks & results,public,academic_standing_history,Stores academic standing history records for the academic operations model.,student_id,uuid,false,,false,false,,20260717000500_phase2_marks_results.sql
Marks & results,public,academic_standing_history,Stores academic standing history records for the academic operations model.,program_registration_id,uuid,false,,false,false,,20260717000500_phase2_marks_results.sql
Marks & results,public,academic_standing_history,Stores academic standing history records for the academic operations model.,term_id,uuid,false,,false,false,,20260717000500_phase2_marks_results.sql
Marks & results,public,academic_standing_history,Stores academic standing history records for the academic operations model.,semester_result_id,uuid,false,,false,false,,20260717000500_phase2_marks_results.sql
Marks & results,public,academic_standing_history,Stores academic standing history records for the academic operations model.,standing_code,text,false,,false,false,,20260717000500_phase2_marks_results.sql
Marks & results,public,academic_standing_history,Stores academic standing history records for the academic operations model.,at_risk,boolean,false,,false,false,,20260717000500_phase2_marks_results.sql
Marks & results,public,academic_standing_history,Stores academic standing history records for the academic operations model.,grading_policy_id,uuid,false,,false,false,,20260717000500_phase2_marks_results.sql
Marks & results,public,academic_standing_history,Stores academic standing history records for the academic operations model.,effective_at,timestamptz,false,"timezone('utc', now())",false,false,,20260717000500_phase2_marks_results.sql
Marks & results,public,academic_standing_history,Stores academic standing history records for the academic operations model.,correlation_id,uuid,false,,false,false,,20260717000500_phase2_marks_results.sql
Marks & results,public,academic_standing_history,Stores academic standing history records for the academic operations model.,created_at,timestamptz,false,"timezone('utc', now())",false,false,,20260717000500_phase2_marks_results.sql
Institution & configuration,public,academic_standing_rules,Stores academic standing rules records for the academic operations model.,id,uuid,false,gen_random_uuid(),true,false,,20260717000300_phase2_academic_configuration_curriculum.sql
Institution & configuration,public,academic_standing_rules,Stores academic standing rules records for the academic operations model.,institution_id,uuid,false,,false,false,,20260717000300_phase2_academic_configuration_curriculum.sql
Institution & configuration,public,academic_standing_rules,Stores academic standing rules records for the academic operations model.,grading_policy_id,uuid,false,,false,false,,20260717000300_phase2_academic_configuration_curriculum.sql
Institution & configuration,public,academic_standing_rules,Stores academic standing rules records for the academic operations model.,minimum_cgpa,"numeric(5, 2)",false,,false,false,,20260717000300_phase2_academic_configuration_curriculum.sql
Institution & configuration,public,academic_standing_rules,Stores academic standing rules records for the academic operations model.,maximum_cgpa,"numeric(5, 2)",false,,false,false,,20260717000300_phase2_academic_configuration_curriculum.sql
Institution & configuration,public,academic_standing_rules,Stores academic standing rules records for the academic operations model.,standing_code,text,false,,false,false,,20260717000300_phase2_academic_configuration_curriculum.sql
Institution & configuration,public,academic_standing_rules,Stores academic standing rules records for the academic operations model.,standing_label,text,false,,false,false,,20260717000300_phase2_academic_configuration_curriculum.sql
Institution & configuration,public,academic_standing_rules,Stores academic standing rules records for the academic operations model.,at_risk,boolean,false,FALSE,false,false,,20260717000300_phase2_academic_configuration_curriculum.sql
Institution & configuration,public,academic_standing_rules,Stores academic standing rules records for the academic operations model.,display_order,integer,false,,false,false,,20260717000300_phase2_academic_configuration_curriculum.sql
Institution & configuration,public,academic_standing_rules,Stores academic standing rules records for the academic operations model.,created_at,timestamptz,false,"timezone('utc', now())",false,false,,20260717000300_phase2_academic_configuration_curriculum.sql
Institution & configuration,public,academic_standing_rules,Stores academic standing rules records for the academic operations model.,updated_at,timestamptz,false,"timezone('utc', now())",false,false,,20260717000300_phase2_academic_configuration_curriculum.sql
Institution & configuration,public,academic_years,Stores academic years records for the academic operations model.,id,uuid,false,gen_random_uuid(),true,false,,20260717000100_phase2_foundation_and_tenancy.sql
Institution & configuration,public,academic_years,Stores academic years records for the academic operations model.,institution_id,uuid,false,,false,false,public.institutions(id),20260717000100_phase2_foundation_and_tenancy.sql
Institution & configuration,public,academic_years,Stores academic years records for the academic operations model.,code,text,false,,false,false,,20260717000100_phase2_foundation_and_tenancy.sql
Institution & configuration,public,academic_years,Stores academic years records for the academic operations model.,name,text,false,,false,false,,20260717000100_phase2_foundation_and_tenancy.sql
Institution & configuration,public,academic_years,Stores academic years records for the academic operations model.,starts_on,date,false,,false,false,,20260717000100_phase2_foundation_and_tenancy.sql
Institution & configuration,public,academic_years,Stores academic years records for the academic operations model.,ends_on,date,false,,false,false,,20260717000100_phase2_foundation_and_tenancy.sql
Institution & configuration,public,academic_years,Stores academic years records for the academic operations model.,status,public.record_status,false,'draft',false,false,,20260717000100_phase2_foundation_and_tenancy.sql
Institution & configuration,public,academic_years,Stores academic years records for the academic operations model.,created_at,timestamptz,false,"timezone('utc', now())",false,false,,20260717000100_phase2_foundation_and_tenancy.sql
Institution & configuration,public,academic_years,Stores academic years records for the academic operations model.,updated_at,timestamptz,false,"timezone('utc', now())",false,false,,20260717000100_phase2_foundation_and_tenancy.sql
Institution & configuration,public,academic_years,Stores academic years records for the academic operations model.,created_by,uuid,true,,false,false,auth.users(id),20260717000100_phase2_foundation_and_tenancy.sql
Institution & configuration,public,academic_years,Stores academic years records for the academic operations model.,updated_by,uuid,true,,false,false,auth.users(id),20260717000100_phase2_foundation_and_tenancy.sql
Curriculum & scheduling,public,assessment_components,Stores assessment components records for the academic operations model.,id,uuid,false,gen_random_uuid(),true,false,,20260717000300_phase2_academic_configuration_curriculum.sql
Curriculum & scheduling,public,assessment_components,Stores assessment components records for the academic operations model.,institution_id,uuid,false,,false,false,,20260717000300_phase2_academic_configuration_curriculum.sql
Curriculum & scheduling,public,assessment_components,Stores assessment components records for the academic operations model.,grading_policy_id,uuid,false,,false,false,,20260717000300_phase2_academic_configuration_curriculum.sql
Curriculum & scheduling,public,assessment_components,Stores assessment components records for the academic operations model.,code,text,false,,false,false,,20260717000300_phase2_academic_configuration_curriculum.sql
Curriculum & scheduling,public,assessment_components,Stores assessment components records for the academic operations model.,name,text,false,,false,false,,20260717000300_phase2_academic_configuration_curriculum.sql
Curriculum & scheduling,public,assessment_components,Stores assessment components records for the academic operations model.,weight_percent,"numeric(6, 3)",false,,false,false,,20260717000300_phase2_academic_configuration_curriculum.sql
Curriculum & scheduling,public,assessment_components,Stores assessment components records for the academic operations model.,sequence_number,integer,false,,false,false,,20260717000300_phase2_academic_configuration_curriculum.sql
Curriculum & scheduling,public,assessment_components,Stores assessment components records for the academic operations model.,required,boolean,false,TRUE,false,false,,20260717000300_phase2_academic_configuration_curriculum.sql
Curriculum & scheduling,public,assessment_components,Stores assessment components records for the academic operations model.,status,public.record_status,false,'active',false,false,,20260717000300_phase2_academic_configuration_curriculum.sql
Curriculum & scheduling,public,assessment_components,Stores assessment components records for the academic operations model.,created_at,timestamptz,false,"timezone('utc', now())",false,false,,20260717000300_phase2_academic_configuration_curriculum.sql
Curriculum & scheduling,public,assessment_components,Stores assessment components records for the academic operations model.,updated_at,timestamptz,false,"timezone('utc', now())",false,false,,20260717000300_phase2_academic_configuration_curriculum.sql
Curriculum & scheduling,public,assessments,Stores assessments records for the academic operations model.,id,uuid,false,gen_random_uuid(),true,false,,20260717000300_phase2_academic_configuration_curriculum.sql
Curriculum & scheduling,public,assessments,Stores assessments records for the academic operations model.,institution_id,uuid,false,,false,false,,20260717000300_phase2_academic_configuration_curriculum.sql
Curriculum & scheduling,public,assessments,Stores assessments records for the academic operations model.,campus_id,uuid,false,,false,false,,20260717000300_phase2_academic_configuration_curriculum.sql
Curriculum & scheduling,public,assessments,Stores assessments records for the academic operations model.,offering_id,uuid,false,,false,false,,20260717000300_phase2_academic_configuration_curriculum.sql
Curriculum & scheduling,public,assessments,Stores assessments records for the academic operations model.,section_id,uuid,true,,false,false,,20260717000300_phase2_academic_configuration_curriculum.sql
Curriculum & scheduling,public,assessments,Stores assessments records for the academic operations model.,component_id,uuid,false,,false,false,,20260717000300_phase2_academic_configuration_curriculum.sql
Curriculum & scheduling,public,assessments,Stores assessments records for the academic operations model.,code,text,false,,false,false,,20260717000300_phase2_academic_configuration_curriculum.sql
Curriculum & scheduling,public,assessments,Stores assessments records for the academic operations model.,title,text,false,,false,false,,20260717000300_phase2_academic_configuration_curriculum.sql
Curriculum & scheduling,public,assessments,Stores assessments records for the academic operations model.,maximum_marks,"numeric(8, 2)",false,,false,false,,20260717000300_phase2_academic_configuration_curriculum.sql
Curriculum & scheduling,public,assessments,Stores assessments records for the academic operations model.,due_at,timestamptz,true,,false,false,,20260717000300_phase2_academic_configuration_curriculum.sql
Curriculum & scheduling,public,assessments,Stores assessments records for the academic operations model.,sequence_number,integer,false,,false,false,,20260717000300_phase2_academic_configuration_curriculum.sql
Curriculum & scheduling,public,assessments,Stores assessments records for the academic operations model.,status,public.record_status,false,'active',false,false,,20260717000300_phase2_academic_configuration_curriculum.sql
Curriculum & scheduling,public,assessments,Stores assessments records for the academic operations model.,created_at,timestamptz,false,"timezone('utc', now())",false,false,,20260717000300_phase2_academic_configuration_curriculum.sql
Curriculum & scheduling,public,assessments,Stores assessments records for the academic operations model.,updated_at,timestamptz,false,"timezone('utc', now())",false,false,,20260717000300_phase2_academic_configuration_curriculum.sql
Identity & authorization,public,campus_assignments,Explicit campus scope for staff roles.,id,uuid,false,gen_random_uuid(),true,false,,20260717000200_phase2_identity_and_authorization.sql
Identity & authorization,public,campus_assignments,Explicit campus scope for staff roles.,role_assignment_id,uuid,false,,false,false,,20260717000200_phase2_identity_and_authorization.sql
Identity & authorization,public,campus_assignments,Explicit campus scope for staff roles.,institution_id,uuid,false,,false,false,,20260717000200_phase2_identity_and_authorization.sql
Identity & authorization,public,campus_assignments,Explicit campus scope for staff roles.,campus_id,uuid,false,,false,false,,20260717000200_phase2_identity_and_authorization.sql
Identity & authorization,public,campus_assignments,Explicit campus scope for staff roles.,status,public.assignment_status,false,'active',false,false,,20260717000200_phase2_identity_and_authorization.sql
Identity & authorization,public,campus_assignments,Explicit campus scope for staff roles.,valid_from,timestamptz,false,"timezone('utc', now())",false,false,,20260717000200_phase2_identity_and_authorization.sql
Identity & authorization,public,campus_assignments,Explicit campus scope for staff roles.,valid_to,timestamptz,true,,false,false,,20260717000200_phase2_identity_and_authorization.sql
Identity & authorization,public,campus_assignments,Explicit campus scope for staff roles.,created_at,timestamptz,false,"timezone('utc', now())",false,false,,20260717000200_phase2_identity_and_authorization.sql
Identity & authorization,public,campus_assignments,Explicit campus scope for staff roles.,updated_at,timestamptz,false,"timezone('utc', now())",false,false,,20260717000200_phase2_identity_and_authorization.sql
Identity & authorization,public,campus_assignments,Explicit campus scope for staff roles.,created_by,uuid,true,,false,false,auth.users(id),20260717000200_phase2_identity_and_authorization.sql
Identity & authorization,public,campus_assignments,Explicit campus scope for staff roles.,updated_by,uuid,true,,false,false,auth.users(id),20260717000200_phase2_identity_and_authorization.sql
Institution & configuration,public,campuses,Institution-owned campuses and campus-level scope.,id,uuid,false,gen_random_uuid(),true,false,,20260717000100_phase2_foundation_and_tenancy.sql
Institution & configuration,public,campuses,Institution-owned campuses and campus-level scope.,institution_id,uuid,false,,false,false,public.institutions(id),20260717000100_phase2_foundation_and_tenancy.sql
Institution & configuration,public,campuses,Institution-owned campuses and campus-level scope.,code,text,false,,false,false,,20260717000100_phase2_foundation_and_tenancy.sql
Institution & configuration,public,campuses,Institution-owned campuses and campus-level scope.,name,text,false,,false,false,,20260717000100_phase2_foundation_and_tenancy.sql
Institution & configuration,public,campuses,Institution-owned campuses and campus-level scope.,timezone,text,true,,false,false,,20260717000100_phase2_foundation_and_tenancy.sql
Institution & configuration,public,campuses,Institution-owned campuses and campus-level scope.,address_line,text,true,,false,false,,20260717000100_phase2_foundation_and_tenancy.sql
Institution & configuration,public,campuses,Institution-owned campuses and campus-level scope.,city,text,true,,false,false,,20260717000100_phase2_foundation_and_tenancy.sql
Institution & configuration,public,campuses,Institution-owned campuses and campus-level scope.,country_code,text,false,'PK',false,false,,20260717000100_phase2_foundation_and_tenancy.sql
Institution & configuration,public,campuses,Institution-owned campuses and campus-level scope.,status,public.record_status,false,'active',false,false,,20260717000100_phase2_foundation_and_tenancy.sql
Institution & configuration,public,campuses,Institution-owned campuses and campus-level scope.,created_at,timestamptz,false,"timezone('utc', now())",false,false,,20260717000100_phase2_foundation_and_tenancy.sql
Institution & configuration,public,campuses,Institution-owned campuses and campus-level scope.,updated_at,timestamptz,false,"timezone('utc', now())",false,false,,20260717000100_phase2_foundation_and_tenancy.sql
Institution & configuration,public,campuses,Institution-owned campuses and campus-level scope.,created_by,uuid,true,,false,false,auth.users(id),20260717000100_phase2_foundation_and_tenancy.sql
Institution & configuration,public,campuses,Institution-owned campuses and campus-level scope.,updated_by,uuid,true,,false,false,auth.users(id),20260717000100_phase2_foundation_and_tenancy.sql
Curriculum & scheduling,public,course_equivalencies,Stores course equivalencies records for the academic operations model.,id,uuid,false,gen_random_uuid(),true,false,,20260717000300_phase2_academic_configuration_curriculum.sql
Curriculum & scheduling,public,course_equivalencies,Stores course equivalencies records for the academic operations model.,institution_id,uuid,false,,false,false,,20260717000300_phase2_academic_configuration_curriculum.sql
Curriculum & scheduling,public,course_equivalencies,Stores course equivalencies records for the academic operations model.,course_id,uuid,false,,false,false,,20260717000300_phase2_academic_configuration_curriculum.sql
Curriculum & scheduling,public,course_equivalencies,Stores course equivalencies records for the academic operations model.,equivalent_course_id,uuid,false,,false,false,,20260717000300_phase2_academic_configuration_curriculum.sql
Curriculum & scheduling,public,course_equivalencies,Stores course equivalencies records for the academic operations model.,status,public.record_status,false,'active',false,false,,20260717000300_phase2_academic_configuration_curriculum.sql
Curriculum & scheduling,public,course_equivalencies,Stores course equivalencies records for the academic operations model.,created_at,timestamptz,false,"timezone('utc', now())",false,false,,20260717000300_phase2_academic_configuration_curriculum.sql
Curriculum & scheduling,public,course_offerings,Stores course offerings records for the academic operations model.,id,uuid,false,gen_random_uuid(),true,false,,20260717000300_phase2_academic_configuration_curriculum.sql
Curriculum & scheduling,public,course_offerings,Stores course offerings records for the academic operations model.,institution_id,uuid,false,,false,false,,20260717000300_phase2_academic_configuration_curriculum.sql
Curriculum & scheduling,public,course_offerings,Stores course offerings records for the academic operations model.,campus_id,uuid,false,,false,false,,20260717000300_phase2_academic_configuration_curriculum.sql
Curriculum & scheduling,public,course_offerings,Stores course offerings records for the academic operations model.,term_id,uuid,false,,false,false,,20260717000300_phase2_academic_configuration_curriculum.sql
Curriculum & scheduling,public,course_offerings,Stores course offerings records for the academic operations model.,course_id,uuid,false,,false,false,,20260717000300_phase2_academic_configuration_curriculum.sql
Curriculum & scheduling,public,course_offerings,Stores course offerings records for the academic operations model.,program_id,uuid,true,,false,false,,20260717000300_phase2_academic_configuration_curriculum.sql
Curriculum & scheduling,public,course_offerings,Stores course offerings records for the academic operations model.,grading_policy_id,uuid,false,,false,false,,20260717000300_phase2_academic_configuration_curriculum.sql
Curriculum & scheduling,public,course_offerings,Stores course offerings records for the academic operations model.,enrollment_policy_id,uuid,false,,false,false,,20260717000300_phase2_academic_configuration_curriculum.sql
Curriculum & scheduling,public,course_offerings,Stores course offerings records for the academic operations model.,offering_code,text,false,,false,false,,20260717000300_phase2_academic_configuration_curriculum.sql
Curriculum & scheduling,public,course_offerings,Stores course offerings records for the academic operations model.,status,public.offering_status,false,'planned',false,false,,20260717000300_phase2_academic_configuration_curriculum.sql
Curriculum & scheduling,public,course_offerings,Stores course offerings records for the academic operations model.,created_at,timestamptz,false,"timezone('utc', now())",false,false,,20260717000300_phase2_academic_configuration_curriculum.sql
Curriculum & scheduling,public,course_offerings,Stores course offerings records for the academic operations model.,updated_at,timestamptz,false,"timezone('utc', now())",false,false,,20260717000300_phase2_academic_configuration_curriculum.sql
Curriculum & scheduling,public,course_offerings,Stores course offerings records for the academic operations model.,created_by,uuid,true,,false,false,auth.users(id),20260717000300_phase2_academic_configuration_curriculum.sql
Curriculum & scheduling,public,course_offerings,Stores course offerings records for the academic operations model.,updated_by,uuid,true,,false,false,auth.users(id),20260717000300_phase2_academic_configuration_curriculum.sql
Curriculum & scheduling,public,course_prerequisites,Stores course prerequisites records for the academic operations model.,id,uuid,false,gen_random_uuid(),true,false,,20260717000300_phase2_academic_configuration_curriculum.sql
Curriculum & scheduling,public,course_prerequisites,Stores course prerequisites records for the academic operations model.,institution_id,uuid,false,,false,false,,20260717000300_phase2_academic_configuration_curriculum.sql
Curriculum & scheduling,public,course_prerequisites,Stores course prerequisites records for the academic operations model.,course_id,uuid,false,,false,false,,20260717000300_phase2_academic_configuration_curriculum.sql
Curriculum & scheduling,public,course_prerequisites,Stores course prerequisites records for the academic operations model.,prerequisite_course_id,uuid,false,,false,false,,20260717000300_phase2_academic_configuration_curriculum.sql
Curriculum & scheduling,public,course_prerequisites,Stores course prerequisites records for the academic operations model.,minimum_letter_grade,text,true,,false,false,,20260717000300_phase2_academic_configuration_curriculum.sql
Curriculum & scheduling,public,course_prerequisites,Stores course prerequisites records for the academic operations model.,minimum_grade_point,"numeric(5, 2)",true,,false,false,,20260717000300_phase2_academic_configuration_curriculum.sql
Curriculum & scheduling,public,course_prerequisites,Stores course prerequisites records for the academic operations model.,rule_group,integer,false,1,false,false,,20260717000300_phase2_academic_configuration_curriculum.sql
Curriculum & scheduling,public,course_prerequisites,Stores course prerequisites records for the academic operations model.,status,public.record_status,false,'active',false,false,,20260717000300_phase2_academic_configuration_curriculum.sql
Curriculum & scheduling,public,course_prerequisites,Stores course prerequisites records for the academic operations model.,created_at,timestamptz,false,"timezone('utc', now())",false,false,,20260717000300_phase2_academic_configuration_curriculum.sql
Curriculum & scheduling,public,course_prerequisites,Stores course prerequisites records for the academic operations model.,updated_at,timestamptz,false,"timezone('utc', now())",false,false,,20260717000300_phase2_academic_configuration_curriculum.sql
Marks & results,public,course_results,Calculated course grade and grade point.,id,uuid,false,gen_random_uuid(),true,false,,20260717000500_phase2_marks_results.sql
Marks & results,public,course_results,Calculated course grade and grade point.,institution_id,uuid,false,,false,false,,20260717000500_phase2_marks_results.sql
Marks & results,public,course_results,Calculated course grade and grade point.,campus_id,uuid,false,,false,false,,20260717000500_phase2_marks_results.sql
Marks & results,public,course_results,Calculated course grade and grade point.,student_id,uuid,false,,false,false,,20260717000500_phase2_marks_results.sql
Marks & results,public,course_results,Calculated course grade and grade point.,term_id,uuid,false,,false,false,,20260717000500_phase2_marks_results.sql
Marks & results,public,course_results,Calculated course grade and grade point.,course_offering_id,uuid,false,,false,false,,20260717000500_phase2_marks_results.sql
Marks & results,public,course_results,Calculated course grade and grade point.,enrollment_id,uuid,false,,false,false,,20260717000500_phase2_marks_results.sql
Marks & results,public,course_results,Calculated course grade and grade point.,grading_policy_id,uuid,false,,false,false,,20260717000500_phase2_marks_results.sql
Marks & results,public,course_results,Calculated course grade and grade point.,total_score,"numeric(7, 3)",true,,false,false,,20260717000500_phase2_marks_results.sql
Marks & results,public,course_results,Calculated course grade and grade point.,letter_grade,text,true,,false,false,,20260717000500_phase2_marks_results.sql
Marks & results,public,course_results,Calculated course grade and grade point.,grade_point,"numeric(5, 2)",true,,false,false,,20260717000500_phase2_marks_results.sql
Marks & results,public,course_results,Calculated course grade and grade point.,credit_hours,"numeric(5, 2)",false,,false,false,,20260717000500_phase2_marks_results.sql
Marks & results,public,course_results,Calculated course grade and grade point.,outcome_code,text,false,,false,false,,20260717000500_phase2_marks_results.sql
Marks & results,public,course_results,Calculated course grade and grade point.,result_status,public.result_status,false,'calculated',false,false,,20260717000500_phase2_marks_results.sql
Marks & results,public,course_results,Calculated course grade and grade point.,calculation_version,integer,false,1,false,false,,20260717000500_phase2_marks_results.sql
Marks & results,public,course_results,Calculated course grade and grade point.,correlation_id,uuid,false,,false,false,,20260717000500_phase2_marks_results.sql
Marks & results,public,course_results,Calculated course grade and grade point.,calculated_at,timestamptz,false,"timezone('utc', now())",false,false,,20260717000500_phase2_marks_results.sql
Marks & results,public,course_results,Calculated course grade and grade point.,approved_at,timestamptz,true,,false,false,,20260717000500_phase2_marks_results.sql
Marks & results,public,course_results,Calculated course grade and grade point.,published_at,timestamptz,true,,false,false,,20260717000500_phase2_marks_results.sql
Marks & results,public,course_results,Calculated course grade and grade point.,created_at,timestamptz,false,"timezone('utc', now())",false,false,,20260717000500_phase2_marks_results.sql
Marks & results,public,course_results,Calculated course grade and grade point.,updated_at,timestamptz,false,"timezone('utc', now())",false,false,,20260717000500_phase2_marks_results.sql
Curriculum & scheduling,public,courses,Stores courses records for the academic operations model.,id,uuid,false,gen_random_uuid(),true,false,,20260717000300_phase2_academic_configuration_curriculum.sql
Curriculum & scheduling,public,courses,Stores courses records for the academic operations model.,institution_id,uuid,false,,false,false,public.institutions(id),20260717000300_phase2_academic_configuration_curriculum.sql
Curriculum & scheduling,public,courses,Stores courses records for the academic operations model.,department_id,uuid,true,,false,false,,20260717000300_phase2_academic_configuration_curriculum.sql
Curriculum & scheduling,public,courses,Stores courses records for the academic operations model.,code,text,false,,false,false,,20260717000300_phase2_academic_configuration_curriculum.sql
Curriculum & scheduling,public,courses,Stores courses records for the academic operations model.,title,text,false,,false,false,,20260717000300_phase2_academic_configuration_curriculum.sql
Curriculum & scheduling,public,courses,Stores courses records for the academic operations model.,course_kind,public.course_kind,false,,false,false,,20260717000300_phase2_academic_configuration_curriculum.sql
Curriculum & scheduling,public,courses,Stores courses records for the academic operations model.,credit_hours,"numeric(5, 2)",false,0,false,false,,20260717000300_phase2_academic_configuration_curriculum.sql
Curriculum & scheduling,public,courses,Stores courses records for the academic operations model.,subject_load,"numeric(5, 2)",false,1,false,false,,20260717000300_phase2_academic_configuration_curriculum.sql
Curriculum & scheduling,public,courses,Stores courses records for the academic operations model.,level_number,integer,true,,false,false,,20260717000300_phase2_academic_configuration_curriculum.sql
Curriculum & scheduling,public,courses,Stores courses records for the academic operations model.,metadata,jsonb,false,CAST('{}' AS jsonb),false,false,,20260717000300_phase2_academic_configuration_curriculum.sql
Curriculum & scheduling,public,courses,Stores courses records for the academic operations model.,status,public.record_status,false,'active',false,false,,20260717000300_phase2_academic_configuration_curriculum.sql
Curriculum & scheduling,public,courses,Stores courses records for the academic operations model.,created_at,timestamptz,false,"timezone('utc', now())",false,false,,20260717000300_phase2_academic_configuration_curriculum.sql
Curriculum & scheduling,public,courses,Stores courses records for the academic operations model.,updated_at,timestamptz,false,"timezone('utc', now())",false,false,,20260717000300_phase2_academic_configuration_curriculum.sql
Marks & results,public,cumulative_results,Program-level CGPA and standing.,id,uuid,false,gen_random_uuid(),true,false,,20260717000500_phase2_marks_results.sql
Marks & results,public,cumulative_results,Program-level CGPA and standing.,institution_id,uuid,false,,false,false,,20260717000500_phase2_marks_results.sql
Marks & results,public,cumulative_results,Program-level CGPA and standing.,campus_id,uuid,false,,false,false,,20260717000500_phase2_marks_results.sql
Marks & results,public,cumulative_results,Program-level CGPA and standing.,student_id,uuid,false,,false,false,,20260717000500_phase2_marks_results.sql
Marks & results,public,cumulative_results,Program-level CGPA and standing.,program_registration_id,uuid,false,,false,false,,20260717000500_phase2_marks_results.sql
Marks & results,public,cumulative_results,Program-level CGPA and standing.,attempted_credits,"numeric(10, 2)",false,0,false,false,,20260717000500_phase2_marks_results.sql
Marks & results,public,cumulative_results,Program-level CGPA and standing.,earned_credits,"numeric(10, 2)",false,0,false,false,,20260717000500_phase2_marks_results.sql
Marks & results,public,cumulative_results,Program-level CGPA and standing.,quality_points,"numeric(12, 3)",false,0,false,false,,20260717000500_phase2_marks_results.sql
Marks & results,public,cumulative_results,Program-level CGPA and standing.,cgpa,"numeric(5, 3)",true,,false,false,,20260717000500_phase2_marks_results.sql
Marks & results,public,cumulative_results,Program-level CGPA and standing.,standing_code,text,true,,false,false,,20260717000500_phase2_marks_results.sql
Marks & results,public,cumulative_results,Program-level CGPA and standing.,at_risk,boolean,false,FALSE,false,false,,20260717000500_phase2_marks_results.sql
Marks & results,public,cumulative_results,Program-level CGPA and standing.,last_term_id,uuid,true,,false,false,,20260717000500_phase2_marks_results.sql
Marks & results,public,cumulative_results,Program-level CGPA and standing.,correlation_id,uuid,false,,false,false,,20260717000500_phase2_marks_results.sql
Marks & results,public,cumulative_results,Program-level CGPA and standing.,calculated_at,timestamptz,false,"timezone('utc', now())",false,false,,20260717000500_phase2_marks_results.sql
Marks & results,public,cumulative_results,Program-level CGPA and standing.,created_at,timestamptz,false,"timezone('utc', now())",false,false,,20260717000500_phase2_marks_results.sql
Marks & results,public,cumulative_results,Program-level CGPA and standing.,updated_at,timestamptz,false,"timezone('utc', now())",false,false,,20260717000500_phase2_marks_results.sql
Institution & configuration,public,departments,Stores departments records for the academic operations model.,id,uuid,false,gen_random_uuid(),true,false,,20260717000300_phase2_academic_configuration_curriculum.sql
Institution & configuration,public,departments,Stores departments records for the academic operations model.,institution_id,uuid,false,,false,false,public.institutions(id),20260717000300_phase2_academic_configuration_curriculum.sql
Institution & configuration,public,departments,Stores departments records for the academic operations model.,code,text,false,,false,false,,20260717000300_phase2_academic_configuration_curriculum.sql
Institution & configuration,public,departments,Stores departments records for the academic operations model.,name,text,false,,false,false,,20260717000300_phase2_academic_configuration_curriculum.sql
Institution & configuration,public,departments,Stores departments records for the academic operations model.,status,public.record_status,false,'active',false,false,,20260717000300_phase2_academic_configuration_curriculum.sql
Institution & configuration,public,departments,Stores departments records for the academic operations model.,created_at,timestamptz,false,"timezone('utc', now())",false,false,,20260717000300_phase2_academic_configuration_curriculum.sql
Institution & configuration,public,departments,Stores departments records for the academic operations model.,updated_at,timestamptz,false,"timezone('utc', now())",false,false,,20260717000300_phase2_academic_configuration_curriculum.sql
Institution & configuration,public,departments,Stores departments records for the academic operations model.,created_by,uuid,true,,false,false,auth.users(id),20260717000300_phase2_academic_configuration_curriculum.sql
Institution & configuration,public,departments,Stores departments records for the academic operations model.,updated_by,uuid,true,,false,false,auth.users(id),20260717000300_phase2_academic_configuration_curriculum.sql
Students & documents,public,document_requirements,Stores document requirements records for the academic operations model.,id,uuid,false,gen_random_uuid(),true,false,,20260717000400_phase2_students_documents_enrollment.sql
Students & documents,public,document_requirements,Stores document requirements records for the academic operations model.,institution_id,uuid,false,,false,false,,20260717000400_phase2_students_documents_enrollment.sql
Students & documents,public,document_requirements,Stores document requirements records for the academic operations model.,program_id,uuid,true,,false,false,,20260717000400_phase2_students_documents_enrollment.sql
Students & documents,public,document_requirements,Stores document requirements records for the academic operations model.,document_code,text,false,,false,false,,20260717000400_phase2_students_documents_enrollment.sql
Students & documents,public,document_requirements,Stores document requirements records for the academic operations model.,document_name,text,false,,false,false,,20260717000400_phase2_students_documents_enrollment.sql
Students & documents,public,document_requirements,Stores document requirements records for the academic operations model.,required_for_enrollment,boolean,false,TRUE,false,false,,20260717000400_phase2_students_documents_enrollment.sql
Students & documents,public,document_requirements,Stores document requirements records for the academic operations model.,valid_for_days,integer,true,,false,false,,20260717000400_phase2_students_documents_enrollment.sql
Students & documents,public,document_requirements,Stores document requirements records for the academic operations model.,status,public.record_status,false,'active',false,false,,20260717000400_phase2_students_documents_enrollment.sql
Students & documents,public,document_requirements,Stores document requirements records for the academic operations model.,created_at,timestamptz,false,"timezone('utc', now())",false,false,,20260717000400_phase2_students_documents_enrollment.sql
Students & documents,public,document_requirements,Stores document requirements records for the academic operations model.,updated_at,timestamptz,false,"timezone('utc', now())",false,false,,20260717000400_phase2_students_documents_enrollment.sql
Enrollment,public,enrollment_decisions,Stores enrollment decisions records for the academic operations model.,id,uuid,false,gen_random_uuid(),true,false,,20260717000400_phase2_students_documents_enrollment.sql
Enrollment,public,enrollment_decisions,Stores enrollment decisions records for the academic operations model.,institution_id,uuid,false,,false,false,,20260717000400_phase2_students_documents_enrollment.sql
Enrollment,public,enrollment_decisions,Stores enrollment decisions records for the academic operations model.,enrollment_request_id,uuid,false,,false,false,,20260717000400_phase2_students_documents_enrollment.sql
Enrollment,public,enrollment_decisions,Stores enrollment decisions records for the academic operations model.,enrollment_request_item_id,uuid,true,,false,false,,20260717000400_phase2_students_documents_enrollment.sql
Enrollment,public,enrollment_decisions,Stores enrollment decisions records for the academic operations model.,decision,public.enrollment_outcome,false,,false,false,,20260717000400_phase2_students_documents_enrollment.sql
Enrollment,public,enrollment_decisions,Stores enrollment decisions records for the academic operations model.,decision_code,text,false,,false,false,,20260717000400_phase2_students_documents_enrollment.sql
Enrollment,public,enrollment_decisions,Stores enrollment decisions records for the academic operations model.,decision_reason,text,true,,false,false,,20260717000400_phase2_students_documents_enrollment.sql
Enrollment,public,enrollment_decisions,Stores enrollment decisions records for the academic operations model.,evidence,jsonb,false,CAST('{}' AS jsonb),false,false,,20260717000400_phase2_students_documents_enrollment.sql
Enrollment,public,enrollment_decisions,Stores enrollment decisions records for the academic operations model.,decided_by,uuid,true,,false,false,auth.users(id),20260717000400_phase2_students_documents_enrollment.sql
Enrollment,public,enrollment_decisions,Stores enrollment decisions records for the academic operations model.,decided_at,timestamptz,false,"timezone('utc', now())",false,false,,20260717000400_phase2_students_documents_enrollment.sql
Enrollment,public,enrollment_decisions,Stores enrollment decisions records for the academic operations model.,correlation_id,uuid,false,,false,false,,20260717000400_phase2_students_documents_enrollment.sql
Enrollment,public,enrollment_decisions,Stores enrollment decisions records for the academic operations model.,created_at,timestamptz,false,"timezone('utc', now())",false,false,,20260717000400_phase2_students_documents_enrollment.sql
Institution & configuration,public,enrollment_periods,Stores enrollment periods records for the academic operations model.,id,uuid,false,gen_random_uuid(),true,false,,20260717000100_phase2_foundation_and_tenancy.sql
Institution & configuration,public,enrollment_periods,Stores enrollment periods records for the academic operations model.,institution_id,uuid,false,,false,false,,20260717000100_phase2_foundation_and_tenancy.sql
Institution & configuration,public,enrollment_periods,Stores enrollment periods records for the academic operations model.,campus_id,uuid,true,,false,false,,20260717000100_phase2_foundation_and_tenancy.sql
Institution & configuration,public,enrollment_periods,Stores enrollment periods records for the academic operations model.,term_id,uuid,false,,false,false,,20260717000100_phase2_foundation_and_tenancy.sql
Institution & configuration,public,enrollment_periods,Stores enrollment periods records for the academic operations model.,name,text,false,,false,false,,20260717000100_phase2_foundation_and_tenancy.sql
Institution & configuration,public,enrollment_periods,Stores enrollment periods records for the academic operations model.,opens_at,timestamptz,false,,false,false,,20260717000100_phase2_foundation_and_tenancy.sql
Institution & configuration,public,enrollment_periods,Stores enrollment periods records for the academic operations model.,closes_at,timestamptz,false,,false,false,,20260717000100_phase2_foundation_and_tenancy.sql
Institution & configuration,public,enrollment_periods,Stores enrollment periods records for the academic operations model.,settings_version,integer,false,,false,false,,20260717000100_phase2_foundation_and_tenancy.sql
Institution & configuration,public,enrollment_periods,Stores enrollment periods records for the academic operations model.,status,public.record_status,false,'draft',false,false,,20260717000100_phase2_foundation_and_tenancy.sql
Institution & configuration,public,enrollment_periods,Stores enrollment periods records for the academic operations model.,created_at,timestamptz,false,"timezone('utc', now())",false,false,,20260717000100_phase2_foundation_and_tenancy.sql
Institution & configuration,public,enrollment_periods,Stores enrollment periods records for the academic operations model.,updated_at,timestamptz,false,"timezone('utc', now())",false,false,,20260717000100_phase2_foundation_and_tenancy.sql
Institution & configuration,public,enrollment_periods,Stores enrollment periods records for the academic operations model.,created_by,uuid,true,,false,false,auth.users(id),20260717000100_phase2_foundation_and_tenancy.sql
Institution & configuration,public,enrollment_periods,Stores enrollment periods records for the academic operations model.,updated_by,uuid,true,,false,false,auth.users(id),20260717000100_phase2_foundation_and_tenancy.sql
Institution & configuration,public,enrollment_policies,Stores enrollment policies records for the academic operations model.,id,uuid,false,gen_random_uuid(),true,false,,20260717000300_phase2_academic_configuration_curriculum.sql
Institution & configuration,public,enrollment_policies,Stores enrollment policies records for the academic operations model.,institution_id,uuid,false,,false,false,public.institutions(id),20260717000300_phase2_academic_configuration_curriculum.sql
Institution & configuration,public,enrollment_policies,Stores enrollment policies records for the academic operations model.,program_id,uuid,true,,false,false,,20260717000300_phase2_academic_configuration_curriculum.sql
Institution & configuration,public,enrollment_policies,Stores enrollment policies records for the academic operations model.,version,integer,false,,false,false,,20260717000300_phase2_academic_configuration_curriculum.sql
Institution & configuration,public,enrollment_policies,Stores enrollment policies records for the academic operations model.,effective_from,date,false,,false,false,,20260717000300_phase2_academic_configuration_curriculum.sql
Institution & configuration,public,enrollment_policies,Stores enrollment policies records for the academic operations model.,effective_to,date,true,,false,false,,20260717000300_phase2_academic_configuration_curriculum.sql
Institution & configuration,public,enrollment_policies,Stores enrollment policies records for the academic operations model.,maximum_load,"numeric(6, 2)",false,,false,false,,20260717000300_phase2_academic_configuration_curriculum.sql
Institution & configuration,public,enrollment_policies,Stores enrollment policies records for the academic operations model.,full_section_behavior,public.full_section_behavior,false,'waitlist',false,false,,20260717000300_phase2_academic_configuration_curriculum.sql
Institution & configuration,public,enrollment_policies,Stores enrollment policies records for the academic operations model.,allow_section_fallback,boolean,false,TRUE,false,false,,20260717000300_phase2_academic_configuration_curriculum.sql
Institution & configuration,public,enrollment_policies,Stores enrollment policies records for the academic operations model.,requires_verified_documents,boolean,false,TRUE,false,false,,20260717000300_phase2_academic_configuration_curriculum.sql
Institution & configuration,public,enrollment_policies,Stores enrollment policies records for the academic operations model.,allow_waitlist_promotion,boolean,false,TRUE,false,false,,20260717000300_phase2_academic_configuration_curriculum.sql
Institution & configuration,public,enrollment_policies,Stores enrollment policies records for the academic operations model.,policy,jsonb,false,CAST('{}' AS jsonb),false,false,,20260717000300_phase2_academic_configuration_curriculum.sql
Institution & configuration,public,enrollment_policies,Stores enrollment policies records for the academic operations model.,status,public.record_status,false,'draft',false,false,,20260717000300_phase2_academic_configuration_curriculum.sql
Institution & configuration,public,enrollment_policies,Stores enrollment policies records for the academic operations model.,created_at,timestamptz,false,"timezone('utc', now())",false,false,,20260717000300_phase2_academic_configuration_curriculum.sql
Institution & configuration,public,enrollment_policies,Stores enrollment policies records for the academic operations model.,updated_at,timestamptz,false,"timezone('utc', now())",false,false,,20260717000300_phase2_academic_configuration_curriculum.sql
Institution & configuration,public,enrollment_policies,Stores enrollment policies records for the academic operations model.,created_by,uuid,true,,false,false,auth.users(id),20260717000300_phase2_academic_configuration_curriculum.sql
Institution & configuration,public,enrollment_policies,Stores enrollment policies records for the academic operations model.,updated_by,uuid,true,,false,false,auth.users(id),20260717000300_phase2_academic_configuration_curriculum.sql
Enrollment,public,enrollment_request_items,Stores enrollment request items records for the academic operations model.,id,uuid,false,gen_random_uuid(),true,false,,20260717000400_phase2_students_documents_enrollment.sql
Enrollment,public,enrollment_request_items,Stores enrollment request items records for the academic operations model.,institution_id,uuid,false,,false,false,,20260717000400_phase2_students_documents_enrollment.sql
Enrollment,public,enrollment_request_items,Stores enrollment request items records for the academic operations model.,enrollment_request_id,uuid,false,,false,false,,20260717000400_phase2_students_documents_enrollment.sql
Enrollment,public,enrollment_request_items,Stores enrollment request items records for the academic operations model.,course_offering_id,uuid,false,,false,false,,20260717000400_phase2_students_documents_enrollment.sql
Enrollment,public,enrollment_request_items,Stores enrollment request items records for the academic operations model.,preferred_section_id,uuid,true,,false,false,,20260717000400_phase2_students_documents_enrollment.sql
Enrollment,public,enrollment_request_items,Stores enrollment request items records for the academic operations model.,preference_order,integer,false,1,false,false,,20260717000400_phase2_students_documents_enrollment.sql
Enrollment,public,enrollment_request_items,Stores enrollment request items records for the academic operations model.,requested_load,"numeric(6, 2)",false,,false,false,,20260717000400_phase2_students_documents_enrollment.sql
Enrollment,public,enrollment_request_items,Stores enrollment request items records for the academic operations model.,item_outcome,public.enrollment_outcome,true,,false,false,,20260717000400_phase2_students_documents_enrollment.sql
Enrollment,public,enrollment_request_items,Stores enrollment request items records for the academic operations model.,assigned_section_id,uuid,true,,false,false,,20260717000400_phase2_students_documents_enrollment.sql
Enrollment,public,enrollment_request_items,Stores enrollment request items records for the academic operations model.,decision_code,text,true,,false,false,,20260717000400_phase2_students_documents_enrollment.sql
Enrollment,public,enrollment_request_items,Stores enrollment request items records for the academic operations model.,created_at,timestamptz,false,"timezone('utc', now())",false,false,,20260717000400_phase2_students_documents_enrollment.sql
Enrollment,public,enrollment_request_items,Stores enrollment request items records for the academic operations model.,updated_at,timestamptz,false,"timezone('utc', now())",false,false,,20260717000400_phase2_students_documents_enrollment.sql
Enrollment,public,enrollment_requests,Enrollment request envelope and durable outcome.,id,uuid,false,gen_random_uuid(),true,false,,20260717000400_phase2_students_documents_enrollment.sql
Enrollment,public,enrollment_requests,Enrollment request envelope and durable outcome.,institution_id,uuid,false,,false,false,public.institutions(id),20260717000400_phase2_students_documents_enrollment.sql
Enrollment,public,enrollment_requests,Enrollment request envelope and durable outcome.,campus_id,uuid,false,,false,false,,20260717000400_phase2_students_documents_enrollment.sql
Enrollment,public,enrollment_requests,Enrollment request envelope and durable outcome.,student_id,uuid,false,,false,false,,20260717000400_phase2_students_documents_enrollment.sql
Enrollment,public,enrollment_requests,Enrollment request envelope and durable outcome.,enrollment_period_id,uuid,false,,false,false,,20260717000400_phase2_students_documents_enrollment.sql
Enrollment,public,enrollment_requests,Enrollment request envelope and durable outcome.,term_id,uuid,false,,false,false,,20260717000400_phase2_students_documents_enrollment.sql
Enrollment,public,enrollment_requests,Enrollment request envelope and durable outcome.,program_registration_id,uuid,false,,false,false,,20260717000400_phase2_students_documents_enrollment.sql
Enrollment,public,enrollment_requests,Enrollment request envelope and durable outcome.,correlation_id,uuid,false,,false,false,,20260717000400_phase2_students_documents_enrollment.sql
Enrollment,public,enrollment_requests,Enrollment request envelope and durable outcome.,idempotency_key,text,false,,false,false,,20260717000400_phase2_students_documents_enrollment.sql
Enrollment,public,enrollment_requests,Enrollment request envelope and durable outcome.,source_submission_id,text,true,,false,false,,20260717000400_phase2_students_documents_enrollment.sql
Enrollment,public,enrollment_requests,Enrollment request envelope and durable outcome.,request_payload,jsonb,false,,false,false,,20260717000400_phase2_students_documents_enrollment.sql
Enrollment,public,enrollment_requests,Enrollment request envelope and durable outcome.,request_hash,text,false,,false,false,,20260717000400_phase2_students_documents_enrollment.sql
Enrollment,public,enrollment_requests,Enrollment request envelope and durable outcome.,request_status,public.business_request_status,false,'received',false,false,,20260717000400_phase2_students_documents_enrollment.sql
Enrollment,public,enrollment_requests,Enrollment request envelope and durable outcome.,final_outcome,public.enrollment_outcome,true,,false,false,,20260717000400_phase2_students_documents_enrollment.sql
Enrollment,public,enrollment_requests,Enrollment request envelope and durable outcome.,result_payload,jsonb,true,,false,false,,20260717000400_phase2_students_documents_enrollment.sql
Enrollment,public,enrollment_requests,Enrollment request envelope and durable outcome.,created_at,timestamptz,false,"timezone('utc', now())",false,false,,20260717000400_phase2_students_documents_enrollment.sql
Enrollment,public,enrollment_requests,Enrollment request envelope and durable outcome.,updated_at,timestamptz,false,"timezone('utc', now())",false,false,,20260717000400_phase2_students_documents_enrollment.sql
Enrollment,public,enrollments,Accepted student-to-section enrollment records.,id,uuid,false,gen_random_uuid(),true,false,,20260717000400_phase2_students_documents_enrollment.sql
Enrollment,public,enrollments,Accepted student-to-section enrollment records.,institution_id,uuid,false,,false,false,,20260717000400_phase2_students_documents_enrollment.sql
Enrollment,public,enrollments,Accepted student-to-section enrollment records.,campus_id,uuid,false,,false,false,,20260717000400_phase2_students_documents_enrollment.sql
Enrollment,public,enrollments,Accepted student-to-section enrollment records.,student_id,uuid,false,,false,false,,20260717000400_phase2_students_documents_enrollment.sql
Enrollment,public,enrollments,Accepted student-to-section enrollment records.,program_registration_id,uuid,false,,false,false,,20260717000400_phase2_students_documents_enrollment.sql
Enrollment,public,enrollments,Accepted student-to-section enrollment records.,term_id,uuid,false,,false,false,,20260717000400_phase2_students_documents_enrollment.sql
Enrollment,public,enrollments,Accepted student-to-section enrollment records.,course_offering_id,uuid,false,,false,false,,20260717000400_phase2_students_documents_enrollment.sql
Enrollment,public,enrollments,Accepted student-to-section enrollment records.,section_id,uuid,false,,false,false,,20260717000400_phase2_students_documents_enrollment.sql
Enrollment,public,enrollments,Accepted student-to-section enrollment records.,enrollment_request_item_id,uuid,true,,false,false,,20260717000400_phase2_students_documents_enrollment.sql
Enrollment,public,enrollments,Accepted student-to-section enrollment records.,enrollment_status,text,false,'active',false,false,,20260717000400_phase2_students_documents_enrollment.sql
Enrollment,public,enrollments,Accepted student-to-section enrollment records.,enrolled_at,timestamptz,false,"timezone('utc', now())",false,false,,20260717000400_phase2_students_documents_enrollment.sql
Enrollment,public,enrollments,Accepted student-to-section enrollment records.,completed_at,timestamptz,true,,false,false,,20260717000400_phase2_students_documents_enrollment.sql
Enrollment,public,enrollments,Accepted student-to-section enrollment records.,created_at,timestamptz,false,"timezone('utc', now())",false,false,,20260717000400_phase2_students_documents_enrollment.sql
Enrollment,public,enrollments,Accepted student-to-section enrollment records.,updated_at,timestamptz,false,"timezone('utc', now())",false,false,,20260717000400_phase2_students_documents_enrollment.sql
Institution & configuration,public,grade_scales,Stores grade scales records for the academic operations model.,id,uuid,false,gen_random_uuid(),true,false,,20260717000300_phase2_academic_configuration_curriculum.sql
Institution & configuration,public,grade_scales,Stores grade scales records for the academic operations model.,institution_id,uuid,false,,false,false,,20260717000300_phase2_academic_configuration_curriculum.sql
Institution & configuration,public,grade_scales,Stores grade scales records for the academic operations model.,grading_policy_id,uuid,false,,false,false,,20260717000300_phase2_academic_configuration_curriculum.sql
Institution & configuration,public,grade_scales,Stores grade scales records for the academic operations model.,minimum_score,"numeric(6, 2)",false,,false,false,,20260717000300_phase2_academic_configuration_curriculum.sql
Institution & configuration,public,grade_scales,Stores grade scales records for the academic operations model.,maximum_score,"numeric(6, 2)",false,,false,false,,20260717000300_phase2_academic_configuration_curriculum.sql
Institution & configuration,public,grade_scales,Stores grade scales records for the academic operations model.,letter_grade,text,false,,false,false,,20260717000300_phase2_academic_configuration_curriculum.sql
Institution & configuration,public,grade_scales,Stores grade scales records for the academic operations model.,grade_point,"numeric(5, 2)",true,,false,false,,20260717000300_phase2_academic_configuration_curriculum.sql
Institution & configuration,public,grade_scales,Stores grade scales records for the academic operations model.,outcome_code,text,false,'pass',false,false,,20260717000300_phase2_academic_configuration_curriculum.sql
Institution & configuration,public,grade_scales,Stores grade scales records for the academic operations model.,display_order,integer,false,,false,false,,20260717000300_phase2_academic_configuration_curriculum.sql
Institution & configuration,public,grade_scales,Stores grade scales records for the academic operations model.,created_at,timestamptz,false,"timezone('utc', now())",false,false,,20260717000300_phase2_academic_configuration_curriculum.sql
Institution & configuration,public,grade_scales,Stores grade scales records for the academic operations model.,updated_at,timestamptz,false,"timezone('utc', now())",false,false,,20260717000300_phase2_academic_configuration_curriculum.sql
Institution & configuration,public,grading_policies,Stores grading policies records for the academic operations model.,id,uuid,false,gen_random_uuid(),true,false,,20260717000300_phase2_academic_configuration_curriculum.sql
Institution & configuration,public,grading_policies,Stores grading policies records for the academic operations model.,institution_id,uuid,false,,false,false,public.institutions(id),20260717000300_phase2_academic_configuration_curriculum.sql
Institution & configuration,public,grading_policies,Stores grading policies records for the academic operations model.,program_id,uuid,true,,false,false,,20260717000300_phase2_academic_configuration_curriculum.sql
Institution & configuration,public,grading_policies,Stores grading policies records for the academic operations model.,name,text,false,,false,false,,20260717000300_phase2_academic_configuration_curriculum.sql
Institution & configuration,public,grading_policies,Stores grading policies records for the academic operations model.,version,integer,false,,false,false,,20260717000300_phase2_academic_configuration_curriculum.sql
Institution & configuration,public,grading_policies,Stores grading policies records for the academic operations model.,effective_from,date,false,,false,false,,20260717000300_phase2_academic_configuration_curriculum.sql
Institution & configuration,public,grading_policies,Stores grading policies records for the academic operations model.,effective_to,date,true,,false,false,,20260717000300_phase2_academic_configuration_curriculum.sql
Institution & configuration,public,grading_policies,Stores grading policies records for the academic operations model.,pass_mark,"numeric(6, 2)",false,50,false,false,,20260717000300_phase2_academic_configuration_curriculum.sql
Institution & configuration,public,grading_policies,Stores grading policies records for the academic operations model.,calculation_method,jsonb,false,"CAST('{""rounding_scale"":2}' AS jsonb)",false,false,,20260717000300_phase2_academic_configuration_curriculum.sql
Institution & configuration,public,grading_policies,Stores grading policies records for the academic operations model.,status,public.record_status,false,'draft',false,false,,20260717000300_phase2_academic_configuration_curriculum.sql
Institution & configuration,public,grading_policies,Stores grading policies records for the academic operations model.,created_at,timestamptz,false,"timezone('utc', now())",false,false,,20260717000300_phase2_academic_configuration_curriculum.sql
Institution & configuration,public,grading_policies,Stores grading policies records for the academic operations model.,updated_at,timestamptz,false,"timezone('utc', now())",false,false,,20260717000300_phase2_academic_configuration_curriculum.sql
Institution & configuration,public,grading_policies,Stores grading policies records for the academic operations model.,created_by,uuid,true,,false,false,auth.users(id),20260717000300_phase2_academic_configuration_curriculum.sql
Institution & configuration,public,grading_policies,Stores grading policies records for the academic operations model.,updated_by,uuid,true,,false,false,auth.users(id),20260717000300_phase2_academic_configuration_curriculum.sql
Institution & configuration,public,hec_report_settings,Stores hec report settings records for the academic operations model.,id,uuid,false,gen_random_uuid(),true,false,,20260717000300_phase2_academic_configuration_curriculum.sql
Institution & configuration,public,hec_report_settings,Stores hec report settings records for the academic operations model.,institution_id,uuid,false,,false,false,public.institutions(id),20260717000300_phase2_academic_configuration_curriculum.sql
Institution & configuration,public,hec_report_settings,Stores hec report settings records for the academic operations model.,version,integer,false,,false,false,,20260717000300_phase2_academic_configuration_curriculum.sql
Institution & configuration,public,hec_report_settings,Stores hec report settings records for the academic operations model.,effective_from,date,false,,false,false,,20260717000300_phase2_academic_configuration_curriculum.sql
Institution & configuration,public,hec_report_settings,Stores hec report settings records for the academic operations model.,effective_to,date,true,,false,false,,20260717000300_phase2_academic_configuration_curriculum.sql
Institution & configuration,public,hec_report_settings,Stores hec report settings records for the academic operations model.,template_label,text,false,'Demonstration HEC Enrollment Format',false,false,,20260717000300_phase2_academic_configuration_curriculum.sql
Institution & configuration,public,hec_report_settings,Stores hec report settings records for the academic operations model.,configuration,jsonb,false,CAST('{}' AS jsonb),false,false,,20260717000300_phase2_academic_configuration_curriculum.sql
Institution & configuration,public,hec_report_settings,Stores hec report settings records for the academic operations model.,status,public.record_status,false,'draft',false,false,,20260717000300_phase2_academic_configuration_curriculum.sql
Institution & configuration,public,hec_report_settings,Stores hec report settings records for the academic operations model.,created_at,timestamptz,false,"timezone('utc', now())",false,false,,20260717000300_phase2_academic_configuration_curriculum.sql
Institution & configuration,public,hec_report_settings,Stores hec report settings records for the academic operations model.,updated_at,timestamptz,false,"timezone('utc', now())",false,false,,20260717000300_phase2_academic_configuration_curriculum.sql
Institution & configuration,public,institution_settings,Versioned institution-wide operational configuration.,id,uuid,false,gen_random_uuid(),true,false,,20260717000100_phase2_foundation_and_tenancy.sql
Institution & configuration,public,institution_settings,Versioned institution-wide operational configuration.,institution_id,uuid,false,,false,false,public.institutions(id),20260717000100_phase2_foundation_and_tenancy.sql
Institution & configuration,public,institution_settings,Versioned institution-wide operational configuration.,version,integer,false,,false,false,,20260717000100_phase2_foundation_and_tenancy.sql
Institution & configuration,public,institution_settings,Versioned institution-wide operational configuration.,effective_from,date,false,,false,false,,20260717000100_phase2_foundation_and_tenancy.sql
Institution & configuration,public,institution_settings,Versioned institution-wide operational configuration.,effective_to,date,true,,false,false,,20260717000100_phase2_foundation_and_tenancy.sql
Institution & configuration,public,institution_settings,Versioned institution-wide operational configuration.,enrollment_policy,jsonb,false,CAST('{}' AS jsonb),false,false,,20260717000100_phase2_foundation_and_tenancy.sql
Institution & configuration,public,institution_settings,Versioned institution-wide operational configuration.,waitlist_behavior,text,false,'waitlist',false,false,,20260717000100_phase2_foundation_and_tenancy.sql
Institution & configuration,public,institution_settings,Versioned institution-wide operational configuration.,maximum_credit_load,"numeric(6, 2)",true,,false,false,,20260717000100_phase2_foundation_and_tenancy.sql
Institution & configuration,public,institution_settings,Versioned institution-wide operational configuration.,transcript_disclaimer,text,true,,false,false,,20260717000100_phase2_foundation_and_tenancy.sql
Institution & configuration,public,institution_settings,Versioned institution-wide operational configuration.,transcript_settings,jsonb,false,CAST('{}' AS jsonb),false,false,,20260717000100_phase2_foundation_and_tenancy.sql
Institution & configuration,public,institution_settings,Versioned institution-wide operational configuration.,hec_report_settings,jsonb,false,CAST('{}' AS jsonb),false,false,,20260717000100_phase2_foundation_and_tenancy.sql
Institution & configuration,public,institution_settings,Versioned institution-wide operational configuration.,notification_settings,jsonb,false,CAST('{}' AS jsonb),false,false,,20260717000100_phase2_foundation_and_tenancy.sql
Institution & configuration,public,institution_settings,Versioned institution-wide operational configuration.,status,public.record_status,false,'draft',false,false,,20260717000100_phase2_foundation_and_tenancy.sql
Institution & configuration,public,institution_settings,Versioned institution-wide operational configuration.,created_at,timestamptz,false,"timezone('utc', now())",false,false,,20260717000100_phase2_foundation_and_tenancy.sql
Institution & configuration,public,institution_settings,Versioned institution-wide operational configuration.,updated_at,timestamptz,false,"timezone('utc', now())",false,false,,20260717000100_phase2_foundation_and_tenancy.sql
Institution & configuration,public,institution_settings,Versioned institution-wide operational configuration.,created_by,uuid,true,,false,false,auth.users(id),20260717000100_phase2_foundation_and_tenancy.sql
Institution & configuration,public,institution_settings,Versioned institution-wide operational configuration.,updated_by,uuid,true,,false,false,auth.users(id),20260717000100_phase2_foundation_and_tenancy.sql
Institution & configuration,public,institutions,Tenant institution master record and academic-model selection.,id,uuid,false,gen_random_uuid(),true,false,,20260717000100_phase2_foundation_and_tenancy.sql
Institution & configuration,public,institutions,Tenant institution master record and academic-model selection.,code,text,false,,false,false,,20260717000100_phase2_foundation_and_tenancy.sql
Institution & configuration,public,institutions,Tenant institution master record and academic-model selection.,name,text,false,,false,false,,20260717000100_phase2_foundation_and_tenancy.sql
Institution & configuration,public,institutions,Tenant institution master record and academic-model selection.,institution_type,public.institution_type,false,,false,false,,20260717000100_phase2_foundation_and_tenancy.sql
Institution & configuration,public,institutions,Tenant institution master record and academic-model selection.,academic_model,public.academic_model,false,,false,false,,20260717000100_phase2_foundation_and_tenancy.sql
Institution & configuration,public,institutions,Tenant institution master record and academic-model selection.,timezone,text,false,'Asia/Karachi',false,false,,20260717000100_phase2_foundation_and_tenancy.sql
Institution & configuration,public,institutions,Tenant institution master record and academic-model selection.,logo_url,text,true,,false,false,,20260717000100_phase2_foundation_and_tenancy.sql
Institution & configuration,public,institutions,Tenant institution master record and academic-model selection.,status,public.record_status,false,'active',false,false,,20260717000100_phase2_foundation_and_tenancy.sql
Institution & configuration,public,institutions,Tenant institution master record and academic-model selection.,created_at,timestamptz,false,"timezone('utc', now())",false,false,,20260717000100_phase2_foundation_and_tenancy.sql
Institution & configuration,public,institutions,Tenant institution master record and academic-model selection.,updated_at,timestamptz,false,"timezone('utc', now())",false,false,,20260717000100_phase2_foundation_and_tenancy.sql
Institution & configuration,public,institutions,Tenant institution master record and academic-model selection.,created_by,uuid,true,,false,false,auth.users(id),20260717000100_phase2_foundation_and_tenancy.sql
Institution & configuration,public,institutions,Tenant institution master record and academic-model selection.,updated_by,uuid,true,,false,false,auth.users(id),20260717000100_phase2_foundation_and_tenancy.sql
Marks & results,public,mark_correction_requests,Stores mark correction requests records for the academic operations model.,id,uuid,false,gen_random_uuid(),true,false,,20260717000500_phase2_marks_results.sql
Marks & results,public,mark_correction_requests,Stores mark correction requests records for the academic operations model.,institution_id,uuid,false,,false,false,,20260717000500_phase2_marks_results.sql
Marks & results,public,mark_correction_requests,Stores mark correction requests records for the academic operations model.,campus_id,uuid,false,,false,false,,20260717000500_phase2_marks_results.sql
Marks & results,public,mark_correction_requests,Stores mark correction requests records for the academic operations model.,marks_batch_id,uuid,false,,false,false,,20260717000500_phase2_marks_results.sql
Marks & results,public,mark_correction_requests,Stores mark correction requests records for the academic operations model.,student_mark_id,uuid,true,,false,false,,20260717000500_phase2_marks_results.sql
Marks & results,public,mark_correction_requests,Stores mark correction requests records for the academic operations model.,requested_by_staff_profile_id,uuid,true,,false,false,public.staff_profiles(id),20260717000500_phase2_marks_results.sql
Marks & results,public,mark_correction_requests,Stores mark correction requests records for the academic operations model.,requested_by_student_id,uuid,true,,false,false,,20260717000500_phase2_marks_results.sql
Marks & results,public,mark_correction_requests,Stores mark correction requests records for the academic operations model.,reason,text,false,,false,false,,20260717000500_phase2_marks_results.sql
Marks & results,public,mark_correction_requests,Stores mark correction requests records for the academic operations model.,proposed_marks,"numeric(8, 2)",true,,false,false,,20260717000500_phase2_marks_results.sql
Marks & results,public,mark_correction_requests,Stores mark correction requests records for the academic operations model.,correction_status,public.correction_status,false,'requested',false,false,,20260717000500_phase2_marks_results.sql
Marks & results,public,mark_correction_requests,Stores mark correction requests records for the academic operations model.,correlation_id,uuid,false,,false,false,,20260717000500_phase2_marks_results.sql
Marks & results,public,mark_correction_requests,Stores mark correction requests records for the academic operations model.,idempotency_key,text,false,,false,false,,20260717000500_phase2_marks_results.sql
Marks & results,public,mark_correction_requests,Stores mark correction requests records for the academic operations model.,decision_reason,text,true,,false,false,,20260717000500_phase2_marks_results.sql
Marks & results,public,mark_correction_requests,Stores mark correction requests records for the academic operations model.,decided_by,uuid,true,,false,false,auth.users(id),20260717000500_phase2_marks_results.sql
Marks & results,public,mark_correction_requests,Stores mark correction requests records for the academic operations model.,decided_at,timestamptz,true,,false,false,,20260717000500_phase2_marks_results.sql
Marks & results,public,mark_correction_requests,Stores mark correction requests records for the academic operations model.,applied_at,timestamptz,true,,false,false,,20260717000500_phase2_marks_results.sql
Marks & results,public,mark_correction_requests,Stores mark correction requests records for the academic operations model.,created_at,timestamptz,false,"timezone('utc', now())",false,false,,20260717000500_phase2_marks_results.sql
Marks & results,public,mark_correction_requests,Stores mark correction requests records for the academic operations model.,updated_at,timestamptz,false,"timezone('utc', now())",false,false,,20260717000500_phase2_marks_results.sql
Marks & results,public,marks_approval_history,Stores marks approval history records for the academic operations model.,id,uuid,false,gen_random_uuid(),true,false,,20260717000500_phase2_marks_results.sql
Marks & results,public,marks_approval_history,Stores marks approval history records for the academic operations model.,institution_id,uuid,false,,false,false,,20260717000500_phase2_marks_results.sql
Marks & results,public,marks_approval_history,Stores marks approval history records for the academic operations model.,marks_batch_id,uuid,false,,false,false,,20260717000500_phase2_marks_results.sql
Marks & results,public,marks_approval_history,Stores marks approval history records for the academic operations model.,decision,public.approval_decision,false,,false,false,,20260717000500_phase2_marks_results.sql
Marks & results,public,marks_approval_history,Stores marks approval history records for the academic operations model.,reason,text,true,,false,false,,20260717000500_phase2_marks_results.sql
Marks & results,public,marks_approval_history,Stores marks approval history records for the academic operations model.,decided_by,uuid,false,,false,false,auth.users(id),20260717000500_phase2_marks_results.sql
Marks & results,public,marks_approval_history,Stores marks approval history records for the academic operations model.,decided_at,timestamptz,false,"timezone('utc', now())",false,false,,20260717000500_phase2_marks_results.sql
Marks & results,public,marks_approval_history,Stores marks approval history records for the academic operations model.,correlation_id,uuid,false,,false,false,,20260717000500_phase2_marks_results.sql
Marks & results,public,marks_approval_history,Stores marks approval history records for the academic operations model.,created_at,timestamptz,false,"timezone('utc', now())",false,false,,20260717000500_phase2_marks_results.sql
Marks & results,public,marks_batch_files,Stores marks batch files records for the academic operations model.,id,uuid,false,gen_random_uuid(),true,false,,20260717000500_phase2_marks_results.sql
Marks & results,public,marks_batch_files,Stores marks batch files records for the academic operations model.,institution_id,uuid,false,,false,false,,20260717000500_phase2_marks_results.sql
Marks & results,public,marks_batch_files,Stores marks batch files records for the academic operations model.,marks_batch_id,uuid,false,,false,false,,20260717000500_phase2_marks_results.sql
Marks & results,public,marks_batch_files,Stores marks batch files records for the academic operations model.,file_name,text,false,,false,false,,20260717000500_phase2_marks_results.sql
Marks & results,public,marks_batch_files,Stores marks batch files records for the academic operations model.,mime_type,text,true,,false,false,,20260717000500_phase2_marks_results.sql
Marks & results,public,marks_batch_files,Stores marks batch files records for the academic operations model.,storage_provider,text,true,,false,false,,20260717000500_phase2_marks_results.sql
Marks & results,public,marks_batch_files,Stores marks batch files records for the academic operations model.,storage_object_id,text,true,,false,false,,20260717000500_phase2_marks_results.sql
Marks & results,public,marks_batch_files,Stores marks batch files records for the academic operations model.,checksum_sha256,text,true,,false,false,,20260717000500_phase2_marks_results.sql
Marks & results,public,marks_batch_files,Stores marks batch files records for the academic operations model.,row_count,integer,true,,false,false,,20260717000500_phase2_marks_results.sql
Marks & results,public,marks_batch_files,Stores marks batch files records for the academic operations model.,created_at,timestamptz,false,"timezone('utc', now())",false,false,,20260717000500_phase2_marks_results.sql
Marks & results,public,marks_batches,Versioned class marks submissions and lifecycle.,id,uuid,false,gen_random_uuid(),true,false,,20260717000500_phase2_marks_results.sql
Marks & results,public,marks_batches,Versioned class marks submissions and lifecycle.,institution_id,uuid,false,,false,false,,20260717000500_phase2_marks_results.sql
Marks & results,public,marks_batches,Versioned class marks submissions and lifecycle.,campus_id,uuid,false,,false,false,,20260717000500_phase2_marks_results.sql
Marks & results,public,marks_batches,Versioned class marks submissions and lifecycle.,offering_id,uuid,false,,false,false,,20260717000500_phase2_marks_results.sql
Marks & results,public,marks_batches,Versioned class marks submissions and lifecycle.,section_id,uuid,false,,false,false,,20260717000500_phase2_marks_results.sql
Marks & results,public,marks_batches,Versioned class marks submissions and lifecycle.,submitted_by_staff_profile_id,uuid,false,,false,false,public.staff_profiles(id),20260717000500_phase2_marks_results.sql
Marks & results,public,marks_batches,Versioned class marks submissions and lifecycle.,version_number,integer,false,,false,false,,20260717000500_phase2_marks_results.sql
Marks & results,public,marks_batches,Versioned class marks submissions and lifecycle.,source_submission_id,text,true,,false,false,,20260717000500_phase2_marks_results.sql
Marks & results,public,marks_batches,Versioned class marks submissions and lifecycle.,correlation_id,uuid,false,,false,false,,20260717000500_phase2_marks_results.sql
Marks & results,public,marks_batches,Versioned class marks submissions and lifecycle.,idempotency_key,text,false,,false,false,,20260717000500_phase2_marks_results.sql
Marks & results,public,marks_batches,Versioned class marks submissions and lifecycle.,request_hash,text,false,,false,false,,20260717000500_phase2_marks_results.sql
Marks & results,public,marks_batches,Versioned class marks submissions and lifecycle.,batch_status,public.marks_batch_status,false,'draft',false,false,,20260717000500_phase2_marks_results.sql
Marks & results,public,marks_batches,Versioned class marks submissions and lifecycle.,validation_summary,jsonb,false,CAST('{}' AS jsonb),false,false,,20260717000500_phase2_marks_results.sql
Marks & results,public,marks_batches,Versioned class marks submissions and lifecycle.,finalized_at,timestamptz,true,,false,false,,20260717000500_phase2_marks_results.sql
Marks & results,public,marks_batches,Versioned class marks submissions and lifecycle.,approved_at,timestamptz,true,,false,false,,20260717000500_phase2_marks_results.sql
Marks & results,public,marks_batches,Versioned class marks submissions and lifecycle.,approved_by,uuid,true,,false,false,auth.users(id),20260717000500_phase2_marks_results.sql
Marks & results,public,marks_batches,Versioned class marks submissions and lifecycle.,created_at,timestamptz,false,"timezone('utc', now())",false,false,,20260717000500_phase2_marks_results.sql
Marks & results,public,marks_batches,Versioned class marks submissions and lifecycle.,updated_at,timestamptz,false,"timezone('utc', now())",false,false,,20260717000500_phase2_marks_results.sql
Marks & results,public,marks_validation_issues,Stores marks validation issues records for the academic operations model.,id,uuid,false,gen_random_uuid(),true,false,,20260717000500_phase2_marks_results.sql
Marks & results,public,marks_validation_issues,Stores marks validation issues records for the academic operations model.,institution_id,uuid,false,,false,false,,20260717000500_phase2_marks_results.sql
Marks & results,public,marks_validation_issues,Stores marks validation issues records for the academic operations model.,marks_batch_id,uuid,false,,false,false,,20260717000500_phase2_marks_results.sql
Marks & results,public,marks_validation_issues,Stores marks validation issues records for the academic operations model.,issue_code,text,false,,false,false,,20260717000500_phase2_marks_results.sql
Marks & results,public,marks_validation_issues,Stores marks validation issues records for the academic operations model.,severity,text,false,,false,false,,20260717000500_phase2_marks_results.sql
Marks & results,public,marks_validation_issues,Stores marks validation issues records for the academic operations model.,student_number,text,true,,false,false,,20260717000500_phase2_marks_results.sql
Marks & results,public,marks_validation_issues,Stores marks validation issues records for the academic operations model.,assessment_code,text,true,,false,false,,20260717000500_phase2_marks_results.sql
Marks & results,public,marks_validation_issues,Stores marks validation issues records for the academic operations model.,row_number,integer,true,,false,false,,20260717000500_phase2_marks_results.sql
Marks & results,public,marks_validation_issues,Stores marks validation issues records for the academic operations model.,message,text,false,,false,false,,20260717000500_phase2_marks_results.sql
Marks & results,public,marks_validation_issues,Stores marks validation issues records for the academic operations model.,details,jsonb,false,CAST('{}' AS jsonb),false,false,,20260717000500_phase2_marks_results.sql
Marks & results,public,marks_validation_issues,Stores marks validation issues records for the academic operations model.,created_at,timestamptz,false,"timezone('utc', now())",false,false,,20260717000500_phase2_marks_results.sql
Institution & configuration,public,notification_settings,Stores notification settings records for the academic operations model.,id,uuid,false,gen_random_uuid(),true,false,,20260717000300_phase2_academic_configuration_curriculum.sql
Institution & configuration,public,notification_settings,Stores notification settings records for the academic operations model.,institution_id,uuid,false,,false,false,public.institutions(id),20260717000300_phase2_academic_configuration_curriculum.sql
Institution & configuration,public,notification_settings,Stores notification settings records for the academic operations model.,version,integer,false,,false,false,,20260717000300_phase2_academic_configuration_curriculum.sql
Institution & configuration,public,notification_settings,Stores notification settings records for the academic operations model.,effective_from,date,false,,false,false,,20260717000300_phase2_academic_configuration_curriculum.sql
Institution & configuration,public,notification_settings,Stores notification settings records for the academic operations model.,effective_to,date,true,,false,false,,20260717000300_phase2_academic_configuration_curriculum.sql
Institution & configuration,public,notification_settings,Stores notification settings records for the academic operations model.,sender_name,text,true,,false,false,,20260717000300_phase2_academic_configuration_curriculum.sql
Institution & configuration,public,notification_settings,Stores notification settings records for the academic operations model.,reply_to_email,text,true,,false,false,,20260717000300_phase2_academic_configuration_curriculum.sql
Institution & configuration,public,notification_settings,Stores notification settings records for the academic operations model.,configuration,jsonb,false,CAST('{}' AS jsonb),false,false,,20260717000300_phase2_academic_configuration_curriculum.sql
Institution & configuration,public,notification_settings,Stores notification settings records for the academic operations model.,status,public.record_status,false,'draft',false,false,,20260717000300_phase2_academic_configuration_curriculum.sql
Institution & configuration,public,notification_settings,Stores notification settings records for the academic operations model.,created_at,timestamptz,false,"timezone('utc', now())",false,false,,20260717000300_phase2_academic_configuration_curriculum.sql
Institution & configuration,public,notification_settings,Stores notification settings records for the academic operations model.,updated_at,timestamptz,false,"timezone('utc', now())",false,false,,20260717000300_phase2_academic_configuration_curriculum.sql
Identity & authorization,public,permission_grants,Optional allow/deny permission overrides.,id,uuid,false,gen_random_uuid(),true,false,,20260717000200_phase2_identity_and_authorization.sql
Identity & authorization,public,permission_grants,Optional allow/deny permission overrides.,role_assignment_id,uuid,false,,false,false,,20260717000200_phase2_identity_and_authorization.sql
Identity & authorization,public,permission_grants,Optional allow/deny permission overrides.,institution_id,uuid,false,,false,false,,20260717000200_phase2_identity_and_authorization.sql
Identity & authorization,public,permission_grants,Optional allow/deny permission overrides.,campus_id,uuid,true,,false,false,,20260717000200_phase2_identity_and_authorization.sql
Identity & authorization,public,permission_grants,Optional allow/deny permission overrides.,permission_code,text,false,,false,false,,20260717000200_phase2_identity_and_authorization.sql
Identity & authorization,public,permission_grants,Optional allow/deny permission overrides.,effect,public.permission_effect,false,'allow',false,false,,20260717000200_phase2_identity_and_authorization.sql
Identity & authorization,public,permission_grants,Optional allow/deny permission overrides.,status,public.assignment_status,false,'active',false,false,,20260717000200_phase2_identity_and_authorization.sql
Identity & authorization,public,permission_grants,Optional allow/deny permission overrides.,valid_from,timestamptz,false,"timezone('utc', now())",false,false,,20260717000200_phase2_identity_and_authorization.sql
Identity & authorization,public,permission_grants,Optional allow/deny permission overrides.,valid_to,timestamptz,true,,false,false,,20260717000200_phase2_identity_and_authorization.sql
Identity & authorization,public,permission_grants,Optional allow/deny permission overrides.,created_at,timestamptz,false,"timezone('utc', now())",false,false,,20260717000200_phase2_identity_and_authorization.sql
Identity & authorization,public,permission_grants,Optional allow/deny permission overrides.,updated_at,timestamptz,false,"timezone('utc', now())",false,false,,20260717000200_phase2_identity_and_authorization.sql
Identity & authorization,public,permission_grants,Optional allow/deny permission overrides.,created_by,uuid,true,,false,false,auth.users(id),20260717000200_phase2_identity_and_authorization.sql
Identity & authorization,public,permission_grants,Optional allow/deny permission overrides.,updated_by,uuid,true,,false,false,auth.users(id),20260717000200_phase2_identity_and_authorization.sql
Enrollment,public,prerequisite_evidence,Stores prerequisite evidence records for the academic operations model.,id,uuid,false,gen_random_uuid(),true,false,,20260717000400_phase2_students_documents_enrollment.sql
Enrollment,public,prerequisite_evidence,Stores prerequisite evidence records for the academic operations model.,institution_id,uuid,false,,false,false,,20260717000400_phase2_students_documents_enrollment.sql
Enrollment,public,prerequisite_evidence,Stores prerequisite evidence records for the academic operations model.,enrollment_request_item_id,uuid,false,,false,false,,20260717000400_phase2_students_documents_enrollment.sql
Enrollment,public,prerequisite_evidence,Stores prerequisite evidence records for the academic operations model.,prerequisite_id,uuid,false,,false,false,,20260717000400_phase2_students_documents_enrollment.sql
Enrollment,public,prerequisite_evidence,Stores prerequisite evidence records for the academic operations model.,satisfied,boolean,false,,false,false,,20260717000400_phase2_students_documents_enrollment.sql
Enrollment,public,prerequisite_evidence,Stores prerequisite evidence records for the academic operations model.,supporting_course_result_id,uuid,true,,false,false,,20260717000400_phase2_students_documents_enrollment.sql
Enrollment,public,prerequisite_evidence,Stores prerequisite evidence records for the academic operations model.,evidence,jsonb,false,CAST('{}' AS jsonb),false,false,,20260717000400_phase2_students_documents_enrollment.sql
Enrollment,public,prerequisite_evidence,Stores prerequisite evidence records for the academic operations model.,created_at,timestamptz,false,"timezone('utc', now())",false,false,,20260717000400_phase2_students_documents_enrollment.sql
Institution & configuration,public,programs,Stores programs records for the academic operations model.,id,uuid,false,gen_random_uuid(),true,false,,20260717000300_phase2_academic_configuration_curriculum.sql
Institution & configuration,public,programs,Stores programs records for the academic operations model.,institution_id,uuid,false,,false,false,public.institutions(id),20260717000300_phase2_academic_configuration_curriculum.sql
Institution & configuration,public,programs,Stores programs records for the academic operations model.,department_id,uuid,true,,false,false,,20260717000300_phase2_academic_configuration_curriculum.sql
Institution & configuration,public,programs,Stores programs records for the academic operations model.,code,text,false,,false,false,,20260717000300_phase2_academic_configuration_curriculum.sql
Institution & configuration,public,programs,Stores programs records for the academic operations model.,name,text,false,,false,false,,20260717000300_phase2_academic_configuration_curriculum.sql
Institution & configuration,public,programs,Stores programs records for the academic operations model.,academic_model,public.academic_model,false,,false,false,,20260717000300_phase2_academic_configuration_curriculum.sql
Institution & configuration,public,programs,Stores programs records for the academic operations model.,level_name,text,false,,false,false,,20260717000300_phase2_academic_configuration_curriculum.sql
Institution & configuration,public,programs,Stores programs records for the academic operations model.,duration_terms,integer,true,,false,false,,20260717000300_phase2_academic_configuration_curriculum.sql
Institution & configuration,public,programs,Stores programs records for the academic operations model.,default_maximum_load,"numeric(6, 2)",true,,false,false,,20260717000300_phase2_academic_configuration_curriculum.sql
Institution & configuration,public,programs,Stores programs records for the academic operations model.,status,public.record_status,false,'active',false,false,,20260717000300_phase2_academic_configuration_curriculum.sql
Institution & configuration,public,programs,Stores programs records for the academic operations model.,created_at,timestamptz,false,"timezone('utc', now())",false,false,,20260717000300_phase2_academic_configuration_curriculum.sql
Institution & configuration,public,programs,Stores programs records for the academic operations model.,updated_at,timestamptz,false,"timezone('utc', now())",false,false,,20260717000300_phase2_academic_configuration_curriculum.sql
Institution & configuration,public,programs,Stores programs records for the academic operations model.,created_by,uuid,true,,false,false,auth.users(id),20260717000300_phase2_academic_configuration_curriculum.sql
Institution & configuration,public,programs,Stores programs records for the academic operations model.,updated_by,uuid,true,,false,false,auth.users(id),20260717000300_phase2_academic_configuration_curriculum.sql
Identity & authorization,public,role_assignments,Time-bounded institution-scoped staff roles.,id,uuid,false,gen_random_uuid(),true,false,,20260717000200_phase2_identity_and_authorization.sql
Identity & authorization,public,role_assignments,Time-bounded institution-scoped staff roles.,staff_profile_id,uuid,false,,false,false,public.staff_profiles(id),20260717000200_phase2_identity_and_authorization.sql
Identity & authorization,public,role_assignments,Time-bounded institution-scoped staff roles.,institution_id,uuid,true,,false,false,public.institutions(id),20260717000200_phase2_identity_and_authorization.sql
Identity & authorization,public,role_assignments,Time-bounded institution-scoped staff roles.,role,public.staff_role,false,,false,false,,20260717000200_phase2_identity_and_authorization.sql
Identity & authorization,public,role_assignments,Time-bounded institution-scoped staff roles.,status,public.assignment_status,false,'active',false,false,,20260717000200_phase2_identity_and_authorization.sql
Identity & authorization,public,role_assignments,Time-bounded institution-scoped staff roles.,valid_from,timestamptz,false,"timezone('utc', now())",false,false,,20260717000200_phase2_identity_and_authorization.sql
Identity & authorization,public,role_assignments,Time-bounded institution-scoped staff roles.,valid_to,timestamptz,true,,false,false,,20260717000200_phase2_identity_and_authorization.sql
Identity & authorization,public,role_assignments,Time-bounded institution-scoped staff roles.,created_at,timestamptz,false,"timezone('utc', now())",false,false,,20260717000200_phase2_identity_and_authorization.sql
Identity & authorization,public,role_assignments,Time-bounded institution-scoped staff roles.,updated_at,timestamptz,false,"timezone('utc', now())",false,false,,20260717000200_phase2_identity_and_authorization.sql
Identity & authorization,public,role_assignments,Time-bounded institution-scoped staff roles.,created_by,uuid,true,,false,false,auth.users(id),20260717000200_phase2_identity_and_authorization.sql
Identity & authorization,public,role_assignments,Time-bounded institution-scoped staff roles.,updated_by,uuid,true,,false,false,auth.users(id),20260717000200_phase2_identity_and_authorization.sql
Curriculum & scheduling,public,rooms,Stores rooms records for the academic operations model.,id,uuid,false,gen_random_uuid(),true,false,,20260717000300_phase2_academic_configuration_curriculum.sql
Curriculum & scheduling,public,rooms,Stores rooms records for the academic operations model.,institution_id,uuid,false,,false,false,,20260717000300_phase2_academic_configuration_curriculum.sql
Curriculum & scheduling,public,rooms,Stores rooms records for the academic operations model.,campus_id,uuid,false,,false,false,,20260717000300_phase2_academic_configuration_curriculum.sql
Curriculum & scheduling,public,rooms,Stores rooms records for the academic operations model.,code,text,false,,false,false,,20260717000300_phase2_academic_configuration_curriculum.sql
Curriculum & scheduling,public,rooms,Stores rooms records for the academic operations model.,name,text,false,,false,false,,20260717000300_phase2_academic_configuration_curriculum.sql
Curriculum & scheduling,public,rooms,Stores rooms records for the academic operations model.,capacity,integer,true,,false,false,,20260717000300_phase2_academic_configuration_curriculum.sql
Curriculum & scheduling,public,rooms,Stores rooms records for the academic operations model.,status,public.record_status,false,'active',false,false,,20260717000300_phase2_academic_configuration_curriculum.sql
Curriculum & scheduling,public,rooms,Stores rooms records for the academic operations model.,created_at,timestamptz,false,"timezone('utc', now())",false,false,,20260717000300_phase2_academic_configuration_curriculum.sql
Curriculum & scheduling,public,rooms,Stores rooms records for the academic operations model.,updated_at,timestamptz,false,"timezone('utc', now())",false,false,,20260717000300_phase2_academic_configuration_curriculum.sql
Curriculum & scheduling,public,section_schedules,Stores section schedules records for the academic operations model.,id,uuid,false,gen_random_uuid(),true,false,,20260717000300_phase2_academic_configuration_curriculum.sql
Curriculum & scheduling,public,section_schedules,Stores section schedules records for the academic operations model.,institution_id,uuid,false,,false,false,,20260717000300_phase2_academic_configuration_curriculum.sql
Curriculum & scheduling,public,section_schedules,Stores section schedules records for the academic operations model.,campus_id,uuid,false,,false,false,,20260717000300_phase2_academic_configuration_curriculum.sql
Curriculum & scheduling,public,section_schedules,Stores section schedules records for the academic operations model.,section_id,uuid,false,,false,false,,20260717000300_phase2_academic_configuration_curriculum.sql
Curriculum & scheduling,public,section_schedules,Stores section schedules records for the academic operations model.,room_id,uuid,true,,false,false,,20260717000300_phase2_academic_configuration_curriculum.sql
Curriculum & scheduling,public,section_schedules,Stores section schedules records for the academic operations model.,day_of_week,smallint,false,,false,false,,20260717000300_phase2_academic_configuration_curriculum.sql
Curriculum & scheduling,public,section_schedules,Stores section schedules records for the academic operations model.,starts_at,time,false,,false,false,,20260717000300_phase2_academic_configuration_curriculum.sql
Curriculum & scheduling,public,section_schedules,Stores section schedules records for the academic operations model.,ends_at,time,false,,false,false,,20260717000300_phase2_academic_configuration_curriculum.sql
Curriculum & scheduling,public,section_schedules,Stores section schedules records for the academic operations model.,valid_from,date,true,,false,false,,20260717000300_phase2_academic_configuration_curriculum.sql
Curriculum & scheduling,public,section_schedules,Stores section schedules records for the academic operations model.,valid_to,date,true,,false,false,,20260717000300_phase2_academic_configuration_curriculum.sql
Curriculum & scheduling,public,section_schedules,Stores section schedules records for the academic operations model.,created_at,timestamptz,false,"timezone('utc', now())",false,false,,20260717000300_phase2_academic_configuration_curriculum.sql
Curriculum & scheduling,public,section_schedules,Stores section schedules records for the academic operations model.,updated_at,timestamptz,false,"timezone('utc', now())",false,false,,20260717000300_phase2_academic_configuration_curriculum.sql
Curriculum & scheduling,public,sections,Stores sections records for the academic operations model.,id,uuid,false,gen_random_uuid(),true,false,,20260717000300_phase2_academic_configuration_curriculum.sql
Curriculum & scheduling,public,sections,Stores sections records for the academic operations model.,institution_id,uuid,false,,false,false,,20260717000300_phase2_academic_configuration_curriculum.sql
Curriculum & scheduling,public,sections,Stores sections records for the academic operations model.,campus_id,uuid,false,,false,false,,20260717000300_phase2_academic_configuration_curriculum.sql
Curriculum & scheduling,public,sections,Stores sections records for the academic operations model.,offering_id,uuid,false,,false,false,,20260717000300_phase2_academic_configuration_curriculum.sql
Curriculum & scheduling,public,sections,Stores sections records for the academic operations model.,code,text,false,,false,false,,20260717000300_phase2_academic_configuration_curriculum.sql
Curriculum & scheduling,public,sections,Stores sections records for the academic operations model.,room_id,uuid,true,,false,false,,20260717000300_phase2_academic_configuration_curriculum.sql
Curriculum & scheduling,public,sections,Stores sections records for the academic operations model.,capacity,integer,false,,false,false,,20260717000300_phase2_academic_configuration_curriculum.sql
Curriculum & scheduling,public,sections,Stores sections records for the academic operations model.,status,public.section_status,false,'planned',false,false,,20260717000300_phase2_academic_configuration_curriculum.sql
Curriculum & scheduling,public,sections,Stores sections records for the academic operations model.,created_at,timestamptz,false,"timezone('utc', now())",false,false,,20260717000300_phase2_academic_configuration_curriculum.sql
Curriculum & scheduling,public,sections,Stores sections records for the academic operations model.,updated_at,timestamptz,false,"timezone('utc', now())",false,false,,20260717000300_phase2_academic_configuration_curriculum.sql
Curriculum & scheduling,public,sections,Stores sections records for the academic operations model.,created_by,uuid,true,,false,false,auth.users(id),20260717000300_phase2_academic_configuration_curriculum.sql
Curriculum & scheduling,public,sections,Stores sections records for the academic operations model.,updated_by,uuid,true,,false,false,auth.users(id),20260717000300_phase2_academic_configuration_curriculum.sql
Marks & results,public,semester_results,Term GPA and standing.,id,uuid,false,gen_random_uuid(),true,false,,20260717000500_phase2_marks_results.sql
Marks & results,public,semester_results,Term GPA and standing.,institution_id,uuid,false,,false,false,,20260717000500_phase2_marks_results.sql
Marks & results,public,semester_results,Term GPA and standing.,campus_id,uuid,false,,false,false,,20260717000500_phase2_marks_results.sql
Marks & results,public,semester_results,Term GPA and standing.,student_id,uuid,false,,false,false,,20260717000500_phase2_marks_results.sql
Marks & results,public,semester_results,Term GPA and standing.,program_registration_id,uuid,false,,false,false,,20260717000500_phase2_marks_results.sql
Marks & results,public,semester_results,Term GPA and standing.,term_id,uuid,false,,false,false,,20260717000500_phase2_marks_results.sql
Marks & results,public,semester_results,Term GPA and standing.,attempted_credits,"numeric(8, 2)",false,0,false,false,,20260717000500_phase2_marks_results.sql
Marks & results,public,semester_results,Term GPA and standing.,earned_credits,"numeric(8, 2)",false,0,false,false,,20260717000500_phase2_marks_results.sql
Marks & results,public,semester_results,Term GPA and standing.,quality_points,"numeric(10, 3)",false,0,false,false,,20260717000500_phase2_marks_results.sql
Marks & results,public,semester_results,Term GPA and standing.,gpa,"numeric(5, 3)",true,,false,false,,20260717000500_phase2_marks_results.sql
Marks & results,public,semester_results,Term GPA and standing.,standing_code,text,true,,false,false,,20260717000500_phase2_marks_results.sql
Marks & results,public,semester_results,Term GPA and standing.,at_risk,boolean,false,FALSE,false,false,,20260717000500_phase2_marks_results.sql
Marks & results,public,semester_results,Term GPA and standing.,result_status,public.result_status,false,'calculated',false,false,,20260717000500_phase2_marks_results.sql
Marks & results,public,semester_results,Term GPA and standing.,correlation_id,uuid,false,,false,false,,20260717000500_phase2_marks_results.sql
Marks & results,public,semester_results,Term GPA and standing.,calculated_at,timestamptz,false,"timezone('utc', now())",false,false,,20260717000500_phase2_marks_results.sql
Marks & results,public,semester_results,Term GPA and standing.,published_at,timestamptz,true,,false,false,,20260717000500_phase2_marks_results.sql
Marks & results,public,semester_results,Term GPA and standing.,created_at,timestamptz,false,"timezone('utc', now())",false,false,,20260717000500_phase2_marks_results.sql
Marks & results,public,semester_results,Term GPA and standing.,updated_at,timestamptz,false,"timezone('utc', now())",false,false,,20260717000500_phase2_marks_results.sql
Identity & authorization,public,staff_profiles,Staff identity linked to Supabase Auth.,id,uuid,false,gen_random_uuid(),true,false,,20260717000200_phase2_identity_and_authorization.sql
Identity & authorization,public,staff_profiles,Staff identity linked to Supabase Auth.,auth_user_id,uuid,true,,false,true,auth.users(id),20260717000200_phase2_identity_and_authorization.sql
Identity & authorization,public,staff_profiles,Staff identity linked to Supabase Auth.,email,text,false,,false,false,,20260717000200_phase2_identity_and_authorization.sql
Identity & authorization,public,staff_profiles,Staff identity linked to Supabase Auth.,full_name,text,false,,false,false,,20260717000200_phase2_identity_and_authorization.sql
Identity & authorization,public,staff_profiles,Staff identity linked to Supabase Auth.,employee_code,text,true,,false,false,,20260717000200_phase2_identity_and_authorization.sql
Identity & authorization,public,staff_profiles,Staff identity linked to Supabase Auth.,status,public.record_status,false,'active',false,false,,20260717000200_phase2_identity_and_authorization.sql
Identity & authorization,public,staff_profiles,Staff identity linked to Supabase Auth.,created_at,timestamptz,false,"timezone('utc', now())",false,false,,20260717000200_phase2_identity_and_authorization.sql
Identity & authorization,public,staff_profiles,Staff identity linked to Supabase Auth.,updated_at,timestamptz,false,"timezone('utc', now())",false,false,,20260717000200_phase2_identity_and_authorization.sql
Identity & authorization,public,staff_profiles,Staff identity linked to Supabase Auth.,created_by,uuid,true,,false,false,auth.users(id),20260717000200_phase2_identity_and_authorization.sql
Identity & authorization,public,staff_profiles,Staff identity linked to Supabase Auth.,updated_by,uuid,true,,false,false,auth.users(id),20260717000200_phase2_identity_and_authorization.sql
Identity & authorization,public,student_auth_links,Stores student auth links records for the academic operations model.,id,uuid,false,gen_random_uuid(),true,false,,20260717000400_phase2_students_documents_enrollment.sql
Identity & authorization,public,student_auth_links,Stores student auth links records for the academic operations model.,institution_id,uuid,false,,false,false,,20260717000400_phase2_students_documents_enrollment.sql
Identity & authorization,public,student_auth_links,Stores student auth links records for the academic operations model.,student_id,uuid,false,,false,false,,20260717000400_phase2_students_documents_enrollment.sql
Identity & authorization,public,student_auth_links,Stores student auth links records for the academic operations model.,auth_user_id,uuid,false,,false,false,auth.users(id),20260717000400_phase2_students_documents_enrollment.sql
Identity & authorization,public,student_auth_links,Stores student auth links records for the academic operations model.,status,public.record_status,false,'active',false,false,,20260717000400_phase2_students_documents_enrollment.sql
Identity & authorization,public,student_auth_links,Stores student auth links records for the academic operations model.,created_at,timestamptz,false,"timezone('utc', now())",false,false,,20260717000400_phase2_students_documents_enrollment.sql
Students & documents,public,student_contacts,Stores student contacts records for the academic operations model.,id,uuid,false,gen_random_uuid(),true,false,,20260717000400_phase2_students_documents_enrollment.sql
Students & documents,public,student_contacts,Stores student contacts records for the academic operations model.,institution_id,uuid,false,,false,false,,20260717000400_phase2_students_documents_enrollment.sql
Students & documents,public,student_contacts,Stores student contacts records for the academic operations model.,student_id,uuid,false,,false,false,,20260717000400_phase2_students_documents_enrollment.sql
Students & documents,public,student_contacts,Stores student contacts records for the academic operations model.,contact_type,text,false,,false,false,,20260717000400_phase2_students_documents_enrollment.sql
Students & documents,public,student_contacts,Stores student contacts records for the academic operations model.,contact_name,text,true,,false,false,,20260717000400_phase2_students_documents_enrollment.sql
Students & documents,public,student_contacts,Stores student contacts records for the academic operations model.,email,text,true,,false,false,,20260717000400_phase2_students_documents_enrollment.sql
Students & documents,public,student_contacts,Stores student contacts records for the academic operations model.,phone,text,true,,false,false,,20260717000400_phase2_students_documents_enrollment.sql
Students & documents,public,student_contacts,Stores student contacts records for the academic operations model.,is_primary,boolean,false,FALSE,false,false,,20260717000400_phase2_students_documents_enrollment.sql
Students & documents,public,student_contacts,Stores student contacts records for the academic operations model.,is_guardian,boolean,false,FALSE,false,false,,20260717000400_phase2_students_documents_enrollment.sql
Students & documents,public,student_contacts,Stores student contacts records for the academic operations model.,status,public.record_status,false,'active',false,false,,20260717000400_phase2_students_documents_enrollment.sql
Students & documents,public,student_contacts,Stores student contacts records for the academic operations model.,created_at,timestamptz,false,"timezone('utc', now())",false,false,,20260717000400_phase2_students_documents_enrollment.sql
Students & documents,public,student_contacts,Stores student contacts records for the academic operations model.,updated_at,timestamptz,false,"timezone('utc', now())",false,false,,20260717000400_phase2_students_documents_enrollment.sql
Students & documents,public,student_documents,Stores student documents records for the academic operations model.,id,uuid,false,gen_random_uuid(),true,false,,20260717000400_phase2_students_documents_enrollment.sql
Students & documents,public,student_documents,Stores student documents records for the academic operations model.,institution_id,uuid,false,,false,false,,20260717000400_phase2_students_documents_enrollment.sql
Students & documents,public,student_documents,Stores student documents records for the academic operations model.,student_id,uuid,false,,false,false,,20260717000400_phase2_students_documents_enrollment.sql
Students & documents,public,student_documents,Stores student documents records for the academic operations model.,requirement_id,uuid,false,,false,false,,20260717000400_phase2_students_documents_enrollment.sql
Students & documents,public,student_documents,Stores student documents records for the academic operations model.,file_name,text,true,,false,false,,20260717000400_phase2_students_documents_enrollment.sql
Students & documents,public,student_documents,Stores student documents records for the academic operations model.,storage_provider,text,true,,false,false,,20260717000400_phase2_students_documents_enrollment.sql
Students & documents,public,student_documents,Stores student documents records for the academic operations model.,storage_object_id,text,true,,false,false,,20260717000400_phase2_students_documents_enrollment.sql
Students & documents,public,student_documents,Stores student documents records for the academic operations model.,checksum_sha256,text,true,,false,false,,20260717000400_phase2_students_documents_enrollment.sql
Students & documents,public,student_documents,Stores student documents records for the academic operations model.,document_status,public.student_document_status,false,'submitted',false,false,,20260717000400_phase2_students_documents_enrollment.sql
Students & documents,public,student_documents,Stores student documents records for the academic operations model.,submitted_at,timestamptz,false,"timezone('utc', now())",false,false,,20260717000400_phase2_students_documents_enrollment.sql
Students & documents,public,student_documents,Stores student documents records for the academic operations model.,verified_at,timestamptz,true,,false,false,,20260717000400_phase2_students_documents_enrollment.sql
Students & documents,public,student_documents,Stores student documents records for the academic operations model.,verified_by,uuid,true,,false,false,auth.users(id),20260717000400_phase2_students_documents_enrollment.sql
Students & documents,public,student_documents,Stores student documents records for the academic operations model.,expires_on,date,true,,false,false,,20260717000400_phase2_students_documents_enrollment.sql
Students & documents,public,student_documents,Stores student documents records for the academic operations model.,rejection_reason,text,true,,false,false,,20260717000400_phase2_students_documents_enrollment.sql
Students & documents,public,student_documents,Stores student documents records for the academic operations model.,created_at,timestamptz,false,"timezone('utc', now())",false,false,,20260717000400_phase2_students_documents_enrollment.sql
Students & documents,public,student_documents,Stores student documents records for the academic operations model.,updated_at,timestamptz,false,"timezone('utc', now())",false,false,,20260717000400_phase2_students_documents_enrollment.sql
Marks & results,public,student_marks,Assessment-level student marks.,id,uuid,false,gen_random_uuid(),true,false,,20260717000500_phase2_marks_results.sql
Marks & results,public,student_marks,Assessment-level student marks.,institution_id,uuid,false,,false,false,,20260717000500_phase2_marks_results.sql
Marks & results,public,student_marks,Assessment-level student marks.,marks_batch_id,uuid,false,,false,false,,20260717000500_phase2_marks_results.sql
Marks & results,public,student_marks,Assessment-level student marks.,assessment_id,uuid,false,,false,false,,20260717000500_phase2_marks_results.sql
Marks & results,public,student_marks,Assessment-level student marks.,student_id,uuid,false,,false,false,,20260717000500_phase2_marks_results.sql
Marks & results,public,student_marks,Assessment-level student marks.,enrollment_id,uuid,false,,false,false,,20260717000500_phase2_marks_results.sql
Marks & results,public,student_marks,Assessment-level student marks.,marks_obtained,"numeric(8, 2)",true,,false,false,,20260717000500_phase2_marks_results.sql
Marks & results,public,student_marks,Assessment-level student marks.,is_absent,boolean,false,FALSE,false,false,,20260717000500_phase2_marks_results.sql
Marks & results,public,student_marks,Assessment-level student marks.,is_missing,boolean,false,FALSE,false,false,,20260717000500_phase2_marks_results.sql
Marks & results,public,student_marks,Assessment-level student marks.,remarks,text,true,,false,false,,20260717000500_phase2_marks_results.sql
Marks & results,public,student_marks,Assessment-level student marks.,created_at,timestamptz,false,"timezone('utc', now())",false,false,,20260717000500_phase2_marks_results.sql
Marks & results,public,student_marks,Assessment-level student marks.,updated_at,timestamptz,false,"timezone('utc', now())",false,false,,20260717000500_phase2_marks_results.sql
Students & documents,public,student_profile_requests,Idempotent intake/update request evidence.,id,uuid,false,gen_random_uuid(),true,false,,20260717000400_phase2_students_documents_enrollment.sql
Students & documents,public,student_profile_requests,Idempotent intake/update request evidence.,institution_id,uuid,false,,false,false,public.institutions(id),20260717000400_phase2_students_documents_enrollment.sql
Students & documents,public,student_profile_requests,Idempotent intake/update request evidence.,campus_id,uuid,false,,false,false,,20260717000400_phase2_students_documents_enrollment.sql
Students & documents,public,student_profile_requests,Idempotent intake/update request evidence.,student_id,uuid,true,,false,false,,20260717000400_phase2_students_documents_enrollment.sql
Students & documents,public,student_profile_requests,Idempotent intake/update request evidence.,operation,text,false,,false,false,,20260717000400_phase2_students_documents_enrollment.sql
Students & documents,public,student_profile_requests,Idempotent intake/update request evidence.,correlation_id,uuid,false,,false,false,,20260717000400_phase2_students_documents_enrollment.sql
Students & documents,public,student_profile_requests,Idempotent intake/update request evidence.,idempotency_key,text,false,,false,false,,20260717000400_phase2_students_documents_enrollment.sql
Students & documents,public,student_profile_requests,Idempotent intake/update request evidence.,source_submission_id,text,true,,false,false,,20260717000400_phase2_students_documents_enrollment.sql
Students & documents,public,student_profile_requests,Idempotent intake/update request evidence.,request_payload,jsonb,false,,false,false,,20260717000400_phase2_students_documents_enrollment.sql
Students & documents,public,student_profile_requests,Idempotent intake/update request evidence.,request_hash,text,false,,false,false,,20260717000400_phase2_students_documents_enrollment.sql
Students & documents,public,student_profile_requests,Idempotent intake/update request evidence.,request_status,public.business_request_status,false,'received',false,false,,20260717000400_phase2_students_documents_enrollment.sql
Students & documents,public,student_profile_requests,Idempotent intake/update request evidence.,result_payload,jsonb,true,,false,false,,20260717000400_phase2_students_documents_enrollment.sql
Students & documents,public,student_profile_requests,Idempotent intake/update request evidence.,created_at,timestamptz,false,"timezone('utc', now())",false,false,,20260717000400_phase2_students_documents_enrollment.sql
Students & documents,public,student_profile_requests,Idempotent intake/update request evidence.,updated_at,timestamptz,false,"timezone('utc', now())",false,false,,20260717000400_phase2_students_documents_enrollment.sql
Students & documents,public,student_program_registrations,Stores student program registrations records for the academic operations model.,id,uuid,false,gen_random_uuid(),true,false,,20260717000400_phase2_students_documents_enrollment.sql
Students & documents,public,student_program_registrations,Stores student program registrations records for the academic operations model.,institution_id,uuid,false,,false,false,,20260717000400_phase2_students_documents_enrollment.sql
Students & documents,public,student_program_registrations,Stores student program registrations records for the academic operations model.,campus_id,uuid,false,,false,false,,20260717000400_phase2_students_documents_enrollment.sql
Students & documents,public,student_program_registrations,Stores student program registrations records for the academic operations model.,student_id,uuid,false,,false,false,,20260717000400_phase2_students_documents_enrollment.sql
Students & documents,public,student_program_registrations,Stores student program registrations records for the academic operations model.,program_id,uuid,false,,false,false,,20260717000400_phase2_students_documents_enrollment.sql
Students & documents,public,student_program_registrations,Stores student program registrations records for the academic operations model.,academic_year_id,uuid,false,,false,false,,20260717000400_phase2_students_documents_enrollment.sql
Students & documents,public,student_program_registrations,Stores student program registrations records for the academic operations model.,start_term_id,uuid,true,,false,false,,20260717000400_phase2_students_documents_enrollment.sql
Students & documents,public,student_program_registrations,Stores student program registrations records for the academic operations model.,end_term_id,uuid,true,,false,false,,20260717000400_phase2_students_documents_enrollment.sql
Students & documents,public,student_program_registrations,Stores student program registrations records for the academic operations model.,cohort_code,text,true,,false,false,,20260717000400_phase2_students_documents_enrollment.sql
Students & documents,public,student_program_registrations,Stores student program registrations records for the academic operations model.,registration_status,public.program_registration_status,false,'pending',false,false,,20260717000400_phase2_students_documents_enrollment.sql
Students & documents,public,student_program_registrations,Stores student program registrations records for the academic operations model.,current_term_sequence,integer,true,,false,false,,20260717000400_phase2_students_documents_enrollment.sql
Students & documents,public,student_program_registrations,Stores student program registrations records for the academic operations model.,created_at,timestamptz,false,"timezone('utc', now())",false,false,,20260717000400_phase2_students_documents_enrollment.sql
Students & documents,public,student_program_registrations,Stores student program registrations records for the academic operations model.,updated_at,timestamptz,false,"timezone('utc', now())",false,false,,20260717000400_phase2_students_documents_enrollment.sql
Students & documents,public,student_program_registrations,Stores student program registrations records for the academic operations model.,created_by,uuid,true,,false,false,auth.users(id),20260717000400_phase2_students_documents_enrollment.sql
Students & documents,public,student_program_registrations,Stores student program registrations records for the academic operations model.,updated_by,uuid,true,,false,false,auth.users(id),20260717000400_phase2_students_documents_enrollment.sql
Students & documents,public,students,Canonical tenant-scoped student identity.,id,uuid,false,gen_random_uuid(),true,false,,20260717000400_phase2_students_documents_enrollment.sql
Students & documents,public,students,Canonical tenant-scoped student identity.,institution_id,uuid,false,,false,false,public.institutions(id),20260717000400_phase2_students_documents_enrollment.sql
Students & documents,public,students,Canonical tenant-scoped student identity.,campus_id,uuid,false,,false,false,,20260717000400_phase2_students_documents_enrollment.sql
Students & documents,public,students,Canonical tenant-scoped student identity.,student_number,text,false,,false,false,,20260717000400_phase2_students_documents_enrollment.sql
Students & documents,public,students,Canonical tenant-scoped student identity.,full_name,text,false,,false,false,,20260717000400_phase2_students_documents_enrollment.sql
Students & documents,public,students,Canonical tenant-scoped student identity.,date_of_birth,date,true,,false,false,,20260717000400_phase2_students_documents_enrollment.sql
Students & documents,public,students,Canonical tenant-scoped student identity.,cnic_hash,text,true,,false,false,,20260717000400_phase2_students_documents_enrollment.sql
Students & documents,public,students,Canonical tenant-scoped student identity.,primary_email,text,true,,false,false,,20260717000400_phase2_students_documents_enrollment.sql
Students & documents,public,students,Canonical tenant-scoped student identity.,status,public.student_status,false,'applicant',false,false,,20260717000400_phase2_students_documents_enrollment.sql
Students & documents,public,students,Canonical tenant-scoped student identity.,admitted_on,date,true,,false,false,,20260717000400_phase2_students_documents_enrollment.sql
Students & documents,public,students,Canonical tenant-scoped student identity.,metadata,jsonb,false,CAST('{}' AS jsonb),false,false,,20260717000400_phase2_students_documents_enrollment.sql
Students & documents,public,students,Canonical tenant-scoped student identity.,created_at,timestamptz,false,"timezone('utc', now())",false,false,,20260717000400_phase2_students_documents_enrollment.sql
Students & documents,public,students,Canonical tenant-scoped student identity.,updated_at,timestamptz,false,"timezone('utc', now())",false,false,,20260717000400_phase2_students_documents_enrollment.sql
Students & documents,public,students,Canonical tenant-scoped student identity.,created_by,uuid,true,,false,false,auth.users(id),20260717000400_phase2_students_documents_enrollment.sql
Students & documents,public,students,Canonical tenant-scoped student identity.,updated_by,uuid,true,,false,false,auth.users(id),20260717000400_phase2_students_documents_enrollment.sql
Curriculum & scheduling,public,teacher_assignments,Stores teacher assignments records for the academic operations model.,id,uuid,false,gen_random_uuid(),true,false,,20260717000300_phase2_academic_configuration_curriculum.sql
Curriculum & scheduling,public,teacher_assignments,Stores teacher assignments records for the academic operations model.,institution_id,uuid,false,,false,false,,20260717000300_phase2_academic_configuration_curriculum.sql
Curriculum & scheduling,public,teacher_assignments,Stores teacher assignments records for the academic operations model.,campus_id,uuid,false,,false,false,,20260717000300_phase2_academic_configuration_curriculum.sql
Curriculum & scheduling,public,teacher_assignments,Stores teacher assignments records for the academic operations model.,staff_profile_id,uuid,false,,false,false,public.staff_profiles(id),20260717000300_phase2_academic_configuration_curriculum.sql
Curriculum & scheduling,public,teacher_assignments,Stores teacher assignments records for the academic operations model.,offering_id,uuid,false,,false,false,,20260717000300_phase2_academic_configuration_curriculum.sql
Curriculum & scheduling,public,teacher_assignments,Stores teacher assignments records for the academic operations model.,section_id,uuid,false,,false,false,,20260717000300_phase2_academic_configuration_curriculum.sql
Curriculum & scheduling,public,teacher_assignments,Stores teacher assignments records for the academic operations model.,role_label,text,false,'teacher',false,false,,20260717000300_phase2_academic_configuration_curriculum.sql
Curriculum & scheduling,public,teacher_assignments,Stores teacher assignments records for the academic operations model.,valid_from,date,true,,false,false,,20260717000300_phase2_academic_configuration_curriculum.sql
Curriculum & scheduling,public,teacher_assignments,Stores teacher assignments records for the academic operations model.,valid_to,date,true,,false,false,,20260717000300_phase2_academic_configuration_curriculum.sql
Curriculum & scheduling,public,teacher_assignments,Stores teacher assignments records for the academic operations model.,status,public.assignment_status,false,'active',false,false,,20260717000300_phase2_academic_configuration_curriculum.sql
Curriculum & scheduling,public,teacher_assignments,Stores teacher assignments records for the academic operations model.,created_at,timestamptz,false,"timezone('utc', now())",false,false,,20260717000300_phase2_academic_configuration_curriculum.sql
Curriculum & scheduling,public,teacher_assignments,Stores teacher assignments records for the academic operations model.,updated_at,timestamptz,false,"timezone('utc', now())",false,false,,20260717000300_phase2_academic_configuration_curriculum.sql
Institution & configuration,public,terms,Stores terms records for the academic operations model.,id,uuid,false,gen_random_uuid(),true,false,,20260717000100_phase2_foundation_and_tenancy.sql
Institution & configuration,public,terms,Stores terms records for the academic operations model.,institution_id,uuid,false,,false,false,,20260717000100_phase2_foundation_and_tenancy.sql
Institution & configuration,public,terms,Stores terms records for the academic operations model.,academic_year_id,uuid,false,,false,false,,20260717000100_phase2_foundation_and_tenancy.sql
Institution & configuration,public,terms,Stores terms records for the academic operations model.,code,text,false,,false,false,,20260717000100_phase2_foundation_and_tenancy.sql
Institution & configuration,public,terms,Stores terms records for the academic operations model.,name,text,false,,false,false,,20260717000100_phase2_foundation_and_tenancy.sql
Institution & configuration,public,terms,Stores terms records for the academic operations model.,term_type,public.term_type,false,,false,false,,20260717000100_phase2_foundation_and_tenancy.sql
Institution & configuration,public,terms,Stores terms records for the academic operations model.,sequence_number,integer,false,,false,false,,20260717000100_phase2_foundation_and_tenancy.sql
Institution & configuration,public,terms,Stores terms records for the academic operations model.,starts_on,date,false,,false,false,,20260717000100_phase2_foundation_and_tenancy.sql
Institution & configuration,public,terms,Stores terms records for the academic operations model.,ends_on,date,false,,false,false,,20260717000100_phase2_foundation_and_tenancy.sql
Institution & configuration,public,terms,Stores terms records for the academic operations model.,status,public.record_status,false,'draft',false,false,,20260717000100_phase2_foundation_and_tenancy.sql
Institution & configuration,public,terms,Stores terms records for the academic operations model.,created_at,timestamptz,false,"timezone('utc', now())",false,false,,20260717000100_phase2_foundation_and_tenancy.sql
Institution & configuration,public,terms,Stores terms records for the academic operations model.,updated_at,timestamptz,false,"timezone('utc', now())",false,false,,20260717000100_phase2_foundation_and_tenancy.sql
Institution & configuration,public,terms,Stores terms records for the academic operations model.,created_by,uuid,true,,false,false,auth.users(id),20260717000100_phase2_foundation_and_tenancy.sql
Institution & configuration,public,terms,Stores terms records for the academic operations model.,updated_by,uuid,true,,false,false,auth.users(id),20260717000100_phase2_foundation_and_tenancy.sql
Enrollment,public,timetable_conflict_evidence,Stores timetable conflict evidence records for the academic operations model.,id,uuid,false,gen_random_uuid(),true,false,,20260717000400_phase2_students_documents_enrollment.sql
Enrollment,public,timetable_conflict_evidence,Stores timetable conflict evidence records for the academic operations model.,institution_id,uuid,false,,false,false,,20260717000400_phase2_students_documents_enrollment.sql
Enrollment,public,timetable_conflict_evidence,Stores timetable conflict evidence records for the academic operations model.,enrollment_request_item_id,uuid,false,,false,false,,20260717000400_phase2_students_documents_enrollment.sql
Enrollment,public,timetable_conflict_evidence,Stores timetable conflict evidence records for the academic operations model.,requested_section_id,uuid,false,,false,false,,20260717000400_phase2_students_documents_enrollment.sql
Enrollment,public,timetable_conflict_evidence,Stores timetable conflict evidence records for the academic operations model.,conflicting_enrollment_id,uuid,false,,false,false,,20260717000400_phase2_students_documents_enrollment.sql
Enrollment,public,timetable_conflict_evidence,Stores timetable conflict evidence records for the academic operations model.,requested_schedule_id,uuid,false,,false,false,,20260717000400_phase2_students_documents_enrollment.sql
Enrollment,public,timetable_conflict_evidence,Stores timetable conflict evidence records for the academic operations model.,conflicting_schedule_id,uuid,false,,false,false,,20260717000400_phase2_students_documents_enrollment.sql
Enrollment,public,timetable_conflict_evidence,Stores timetable conflict evidence records for the academic operations model.,evidence,jsonb,false,CAST('{}' AS jsonb),false,false,,20260717000400_phase2_students_documents_enrollment.sql
Enrollment,public,timetable_conflict_evidence,Stores timetable conflict evidence records for the academic operations model.,created_at,timestamptz,false,"timezone('utc', now())",false,false,,20260717000400_phase2_students_documents_enrollment.sql
Transcripts,public,transcript_delivery_records,Stores transcript delivery records records for the academic operations model.,id,uuid,false,gen_random_uuid(),true,false,,20260717000600_phase2_documents_reporting_operations.sql
Transcripts,public,transcript_delivery_records,Stores transcript delivery records records for the academic operations model.,institution_id,uuid,false,,false,false,,20260717000600_phase2_documents_reporting_operations.sql
Transcripts,public,transcript_delivery_records,Stores transcript delivery records records for the academic operations model.,transcript_request_id,uuid,false,,false,false,,20260717000600_phase2_documents_reporting_operations.sql
Transcripts,public,transcript_delivery_records,Stores transcript delivery records records for the academic operations model.,transcript_document_id,uuid,false,,false,false,,20260717000600_phase2_documents_reporting_operations.sql
Transcripts,public,transcript_delivery_records,Stores transcript delivery records records for the academic operations model.,recipient_email,text,false,,false,false,,20260717000600_phase2_documents_reporting_operations.sql
Transcripts,public,transcript_delivery_records,Stores transcript delivery records records for the academic operations model.,outbox_id,uuid,true,,false,false,ops.notification_outbox(id),20260717000600_phase2_documents_reporting_operations.sql
Transcripts,public,transcript_delivery_records,Stores transcript delivery records records for the academic operations model.,delivery_status,ops.delivery_status,false,'pending',false,false,,20260717000600_phase2_documents_reporting_operations.sql
Transcripts,public,transcript_delivery_records,Stores transcript delivery records records for the academic operations model.,provider_message_id,text,true,,false,false,,20260717000600_phase2_documents_reporting_operations.sql
Transcripts,public,transcript_delivery_records,Stores transcript delivery records records for the academic operations model.,delivered_at,timestamptz,true,,false,false,,20260717000600_phase2_documents_reporting_operations.sql
Transcripts,public,transcript_delivery_records,Stores transcript delivery records records for the academic operations model.,created_at,timestamptz,false,"timezone('utc', now())",false,false,,20260717000600_phase2_documents_reporting_operations.sql
Transcripts,public,transcript_delivery_records,Stores transcript delivery records records for the academic operations model.,updated_at,timestamptz,false,"timezone('utc', now())",false,false,,20260717000600_phase2_documents_reporting_operations.sql
Transcripts,public,transcript_documents,Stores transcript documents records for the academic operations model.,id,uuid,false,gen_random_uuid(),true,false,,20260717000600_phase2_documents_reporting_operations.sql
Transcripts,public,transcript_documents,Stores transcript documents records for the academic operations model.,institution_id,uuid,false,,false,false,,20260717000600_phase2_documents_reporting_operations.sql
Transcripts,public,transcript_documents,Stores transcript documents records for the academic operations model.,transcript_request_id,uuid,false,,false,false,,20260717000600_phase2_documents_reporting_operations.sql
Transcripts,public,transcript_documents,Stores transcript documents records for the academic operations model.,document_version,integer,false,1,false,false,,20260717000600_phase2_documents_reporting_operations.sql
Transcripts,public,transcript_documents,Stores transcript documents records for the academic operations model.,google_doc_id,text,true,,false,false,,20260717000600_phase2_documents_reporting_operations.sql
Transcripts,public,transcript_documents,Stores transcript documents records for the academic operations model.,pdf_drive_file_id,text,true,,false,false,,20260717000600_phase2_documents_reporting_operations.sql
Transcripts,public,transcript_documents,Stores transcript documents records for the academic operations model.,pdf_file_url,text,true,,false,false,,20260717000600_phase2_documents_reporting_operations.sql
Transcripts,public,transcript_documents,Stores transcript documents records for the academic operations model.,checksum_sha256,text,true,,false,false,,20260717000600_phase2_documents_reporting_operations.sql
Transcripts,public,transcript_documents,Stores transcript documents records for the academic operations model.,generated_at,timestamptz,false,"timezone('utc', now())",false,false,,20260717000600_phase2_documents_reporting_operations.sql
Transcripts,public,transcript_documents,Stores transcript documents records for the academic operations model.,created_at,timestamptz,false,"timezone('utc', now())",false,false,,20260717000600_phase2_documents_reporting_operations.sql
Transcripts,public,transcript_requests,Idempotent transcript-generation requests.,id,uuid,false,gen_random_uuid(),true,false,,20260717000600_phase2_documents_reporting_operations.sql
Transcripts,public,transcript_requests,Idempotent transcript-generation requests.,institution_id,uuid,false,,false,false,public.institutions(id),20260717000600_phase2_documents_reporting_operations.sql
Transcripts,public,transcript_requests,Idempotent transcript-generation requests.,campus_id,uuid,false,,false,false,,20260717000600_phase2_documents_reporting_operations.sql
Transcripts,public,transcript_requests,Idempotent transcript-generation requests.,student_id,uuid,false,,false,false,,20260717000600_phase2_documents_reporting_operations.sql
Transcripts,public,transcript_requests,Idempotent transcript-generation requests.,requested_by_auth_user_id,uuid,true,,false,false,auth.users(id),20260717000600_phase2_documents_reporting_operations.sql
Transcripts,public,transcript_requests,Idempotent transcript-generation requests.,recipient_email,text,false,,false,false,,20260717000600_phase2_documents_reporting_operations.sql
Transcripts,public,transcript_requests,Idempotent transcript-generation requests.,purpose,text,true,,false,false,,20260717000600_phase2_documents_reporting_operations.sql
Transcripts,public,transcript_requests,Idempotent transcript-generation requests.,correlation_id,uuid,false,,false,false,,20260717000600_phase2_documents_reporting_operations.sql
Transcripts,public,transcript_requests,Idempotent transcript-generation requests.,idempotency_key,text,false,,false,false,,20260717000600_phase2_documents_reporting_operations.sql
Transcripts,public,transcript_requests,Idempotent transcript-generation requests.,request_status,public.transcript_request_status,false,'requested',false,false,,20260717000600_phase2_documents_reporting_operations.sql
Transcripts,public,transcript_requests,Idempotent transcript-generation requests.,reference_number,text,false,,false,false,,20260717000600_phase2_documents_reporting_operations.sql
Transcripts,public,transcript_requests,Idempotent transcript-generation requests.,verification_code,text,true,,false,false,,20260717000600_phase2_documents_reporting_operations.sql
Transcripts,public,transcript_requests,Idempotent transcript-generation requests.,authorized_at,timestamptz,true,,false,false,,20260717000600_phase2_documents_reporting_operations.sql
Transcripts,public,transcript_requests,Idempotent transcript-generation requests.,completed_at,timestamptz,true,,false,false,,20260717000600_phase2_documents_reporting_operations.sql
Transcripts,public,transcript_requests,Idempotent transcript-generation requests.,error_code,text,true,,false,false,,20260717000600_phase2_documents_reporting_operations.sql
Transcripts,public,transcript_requests,Idempotent transcript-generation requests.,sanitized_error_message,text,true,,false,false,,20260717000600_phase2_documents_reporting_operations.sql
Transcripts,public,transcript_requests,Idempotent transcript-generation requests.,created_at,timestamptz,false,"timezone('utc', now())",false,false,,20260717000600_phase2_documents_reporting_operations.sql
Transcripts,public,transcript_requests,Idempotent transcript-generation requests.,updated_at,timestamptz,false,"timezone('utc', now())",false,false,,20260717000600_phase2_documents_reporting_operations.sql
Institution & configuration,public,transcript_settings,Stores transcript settings records for the academic operations model.,id,uuid,false,gen_random_uuid(),true,false,,20260717000300_phase2_academic_configuration_curriculum.sql
Institution & configuration,public,transcript_settings,Stores transcript settings records for the academic operations model.,institution_id,uuid,false,,false,false,public.institutions(id),20260717000300_phase2_academic_configuration_curriculum.sql
Institution & configuration,public,transcript_settings,Stores transcript settings records for the academic operations model.,version,integer,false,,false,false,,20260717000300_phase2_academic_configuration_curriculum.sql
Institution & configuration,public,transcript_settings,Stores transcript settings records for the academic operations model.,effective_from,date,false,,false,false,,20260717000300_phase2_academic_configuration_curriculum.sql
Institution & configuration,public,transcript_settings,Stores transcript settings records for the academic operations model.,effective_to,date,true,,false,false,,20260717000300_phase2_academic_configuration_curriculum.sql
Institution & configuration,public,transcript_settings,Stores transcript settings records for the academic operations model.,reference_prefix,text,false,'TR',false,false,,20260717000300_phase2_academic_configuration_curriculum.sql
Institution & configuration,public,transcript_settings,Stores transcript settings records for the academic operations model.,disclaimer,text,true,,false,false,,20260717000300_phase2_academic_configuration_curriculum.sql
Institution & configuration,public,transcript_settings,Stores transcript settings records for the academic operations model.,template_configuration,jsonb,false,CAST('{}' AS jsonb),false,false,,20260717000300_phase2_academic_configuration_curriculum.sql
Institution & configuration,public,transcript_settings,Stores transcript settings records for the academic operations model.,status,public.record_status,false,'draft',false,false,,20260717000300_phase2_academic_configuration_curriculum.sql
Institution & configuration,public,transcript_settings,Stores transcript settings records for the academic operations model.,created_at,timestamptz,false,"timezone('utc', now())",false,false,,20260717000300_phase2_academic_configuration_curriculum.sql
Institution & configuration,public,transcript_settings,Stores transcript settings records for the academic operations model.,updated_at,timestamptz,false,"timezone('utc', now())",false,false,,20260717000300_phase2_academic_configuration_curriculum.sql
Enrollment,public,waitlist_entries,Ordered waitlist state for full offerings.,id,uuid,false,gen_random_uuid(),true,false,,20260717000400_phase2_students_documents_enrollment.sql
Enrollment,public,waitlist_entries,Ordered waitlist state for full offerings.,institution_id,uuid,false,,false,false,,20260717000400_phase2_students_documents_enrollment.sql
Enrollment,public,waitlist_entries,Ordered waitlist state for full offerings.,campus_id,uuid,false,,false,false,,20260717000400_phase2_students_documents_enrollment.sql
Enrollment,public,waitlist_entries,Ordered waitlist state for full offerings.,student_id,uuid,false,,false,false,,20260717000400_phase2_students_documents_enrollment.sql
Enrollment,public,waitlist_entries,Ordered waitlist state for full offerings.,enrollment_request_item_id,uuid,false,,false,false,,20260717000400_phase2_students_documents_enrollment.sql
Enrollment,public,waitlist_entries,Ordered waitlist state for full offerings.,course_offering_id,uuid,false,,false,false,,20260717000400_phase2_students_documents_enrollment.sql
Enrollment,public,waitlist_entries,Ordered waitlist state for full offerings.,preferred_section_id,uuid,true,,false,false,,20260717000400_phase2_students_documents_enrollment.sql
Enrollment,public,waitlist_entries,Ordered waitlist state for full offerings.,position_number,bigint,false,,false,false,,20260717000400_phase2_students_documents_enrollment.sql
Enrollment,public,waitlist_entries,Ordered waitlist state for full offerings.,waitlist_status,public.waitlist_entry_status,false,'waiting',false,false,,20260717000400_phase2_students_documents_enrollment.sql
Enrollment,public,waitlist_entries,Ordered waitlist state for full offerings.,queued_at,timestamptz,false,"timezone('utc', now())",false,false,,20260717000400_phase2_students_documents_enrollment.sql
Enrollment,public,waitlist_entries,Ordered waitlist state for full offerings.,promoted_at,timestamptz,true,,false,false,,20260717000400_phase2_students_documents_enrollment.sql
Enrollment,public,waitlist_entries,Ordered waitlist state for full offerings.,created_at,timestamptz,false,"timezone('utc', now())",false,false,,20260717000400_phase2_students_documents_enrollment.sql
Enrollment,public,waitlist_entries,Ordered waitlist state for full offerings.,updated_at,timestamptz,false,"timezone('utc', now())",false,false,,20260717000400_phase2_students_documents_enrollment.sql
