transaction_id,dealer_id,invoice_date,due_date,payment_date,amount_pkr,payment_method,cheque_bounced,days_late,is_eid_ramzan_period
T007723,D0207,2024-11-11,2024-12-11,2025-01-16,57000.0,CASH,False,36.0,False
T003859,D0103,2025-08-25,2025-09-09,2025-11-04,140700.0,PDC,False,56.0,False
T001486,D0039,2023-02-28,2023-03-15,,56400.0,CASH,False,,True
T003512,D0093,2025-11-21,2026-01-05,2026-01-05,39000.0,PDC,False,0.0,False
T000211,D0007,2025-02-02,2025-02-17,,176200.0,PDC,True,,True
T004304,D0115,2023-07-18,2023-08-17,2023-08-18,286900.0,CASH,False,1.0,False
T000562,D0016,2025-03-08,2025-04-22,2025-04-22,262500.0,PDC,False,0.0,False
T004546,D0122,2025-07-19,2025-08-03,2025-08-09,72400.0,PDC,False,6.0,False
T003979,D0106,2024-09-21,2024-11-05,2024-11-05,43900.0,BANK_TRANSFER,False,0.0,False
T004237,D0113,2024-11-03,2024-12-03,2025-01-18,265500.0,PDC,False,46.0,False
T007508,D0200,2023-07-04,2023-07-19,2023-07-22,62300.0,PDC,False,3.0,False
T000913,D0024,2024-01-04,2024-01-19,2024-01-23,284100.0,PDC,False,4.0,False
T007266,D0194,2024-01-28,2024-03-13,2024-03-17,273900.0,PDC,False,4.0,True
T001755,D0045,2024-08-11,2024-09-10,2024-09-10,243000.0,CASH,False,0.0,False
T005162,D0138,2024-06-05,2024-07-20,2024-07-20,204700.0,PDC,False,0.0,False
T007581,D0202,2023-09-16,2023-10-16,2023-10-18,87000.0,CASH,False,2.0,False
T000414,D0012,2024-09-20,2024-10-20,2024-11-08,102700.0,PDC,False,19.0,False
T002585,D0067,2024-09-10,2024-10-10,2024-10-11,245700.0,PDC,False,1.0,False
T005958,D0160,2024-08-11,2024-09-10,2024-09-13,88000.0,PDC,False,3.0,False
T000245,D0008,2023-04-02,2023-05-02,2023-05-02,262100.0,PDC,False,0.0,True
T004095,D0109,2025-02-28,2025-04-14,2025-04-28,248200.0,BANK_TRANSFER,False,14.0,True
T002409,D0061,2024-03-10,2024-04-24,2024-05-01,76800.0,BANK_TRANSFER,False,7.0,True
T007463,D0199,2023-06-18,2023-07-03,2023-07-25,191000.0,BANK_TRANSFER,False,22.0,True
T007262,D0193,2025-02-05,2025-02-20,2025-03-11,70800.0,PDC,False,19.0,True
T007554,D0201,2024-08-10,2024-09-24,2024-09-24,160900.0,BANK_TRANSFER,False,0.0,False
T004567,D0123,2024-12-31,2025-01-15,2025-01-16,246700.0,PDC,False,1.0,False
T002157,D0054,2024-06-24,2024-08-08,2024-08-09,173300.0,PDC,False,1.0,False
T000893,D0023,2023-06-22,2023-08-06,2023-08-06,199600.0,PDC,False,0.0,False
T005869,D0155,2025-07-24,2025-09-07,2025-09-16,245300.0,BANK_TRANSFER,False,9.0,False
T001214,D0032,2024-08-27,2024-09-11,2024-09-13,76400.0,CASH,False,2.0,False
T003931,D0105,2024-02-04,2024-02-19,2024-02-19,164600.0,PDC,False,0.0,False
T004687,D0126,2025-07-06,2025-07-21,2025-07-21,153200.0,PDC,False,0.0,False
T007870,D0211,2024-09-29,2024-10-29,2024-10-29,153500.0,PDC,False,0.0,False
T000902,D0023,2024-01-19,2024-02-18,2024-02-23,139700.0,PDC,False,5.0,False
T003749,D0100,2025-06-15,2025-07-30,2025-08-03,151000.0,PDC,False,4.0,False
T001782,D0045,2023-12-06,2024-01-20,2024-01-23,202000.0,CASH,False,3.0,False
T007337,D0196,2024-10-07,2024-11-06,2024-11-06,143900.0,PDC,False,0.0,False
T003713,D0098,2025-10-06,2025-11-05,2025-11-21,80700.0,CASH,False,16.0,False
T007649,D0204,2023-08-16,2023-09-30,2023-10-13,216300.0,PDC,False,13.0,False
T001667,D0043,2024-09-11,2024-09-26,2024-10-02,35300.0,BANK_TRANSFER,False,6.0,False
T002040,D0051,2025-05-26,2025-07-10,2025-07-22,157400.0,BANK_TRANSFER,False,12.0,False
T001280,D0034,2025-04-23,2025-05-08,,138100.0,PDC,True,,False
T000992,D0027,2025-06-12,2025-07-12,2025-07-29,42600.0,CASH,False,17.0,False
T005196,D0139,2025-12-09,2026-01-08,2026-01-08,143600.0,PDC,False,0.0,False
T000755,D0020,2024-05-14,2024-06-28,2024-07-19,240000.0,PDC,False,21.0,True
T001210,D0032,2023-02-21,2023-03-23,2023-03-29,51200.0,PDC,False,6.0,True
T001203,D0032,2023-09-29,2023-11-13,2023-11-14,135500.0,CASH,False,1.0,False
T001176,D0032,2025-08-26,2025-10-10,2025-10-11,79400.0,CASH,False,1.0,False
T006133,D0165,2025-03-04,2025-03-19,2025-04-04,249100.0,PDC,False,16.0,True
T003567,D0094,2024-10-23,2024-12-07,2024-12-07,175900.0,CASH,False,0.0,False
T002375,D0061,2024-06-20,2024-07-05,2024-07-07,87800.0,CASH,False,2.0,False
T003412,D0090,2025-12-14,2026-01-13,2026-01-14,130700.0,CASH,False,1.0,False
T006012,D0161,2024-05-11,2024-05-26,2024-05-28,271000.0,PDC,False,2.0,False
T007389,D0198,2024-04-30,2024-05-30,2024-06-09,129000.0,PDC,False,10.0,False
T007270,D0194,2024-12-18,2025-01-02,2025-01-06,228500.0,PDC,False,4.0,False
T000798,D0021,2025-04-11,2025-05-26,2025-05-29,230300.0,CASH,False,3.0,True
T000163,D0005,2024-09-10,2024-10-25,2024-10-27,66300.0,PDC,False,2.0,False
T002307,D0058,2025-06-12,2025-07-12,2025-08-26,293700.0,CASH,False,45.0,False
T007276,D0194,2024-07-19,2024-08-18,2024-08-21,183800.0,CASH,False,3.0,False
T003067,D0082,2024-04-10,2024-04-25,2024-04-27,192600.0,PDC,False,2.0,True
T005477,D0145,2025-03-06,2025-03-21,2025-03-31,200200.0,CASH,False,10.0,True
T003916,D0105,2025-10-07,2025-11-06,,88500.0,PDC,False,,False
T001225,D0033,2024-02-07,2024-03-23,2024-03-27,172500.0,BANK_TRANSFER,False,4.0,True
T000696,D0019,2024-04-25,2024-05-10,2024-05-13,186100.0,CASH,False,3.0,False
T005667,D0150,2024-05-13,2024-05-28,2024-05-30,197800.0,PDC,False,2.0,False
T002652,D0069,2023-01-02,2023-01-17,,110200.0,BANK_TRANSFER,False,,False
T006208,D0167,2023-08-04,2023-09-18,2023-10-28,223300.0,PDC,False,40.0,False
T005549,D0147,2024-06-14,2024-07-29,2024-08-02,147600.0,PDC,False,4.0,False
T003776,D0100,2023-05-08,2023-05-23,2023-05-30,280600.0,PDC,False,7.0,False
T002907,D0077,2023-01-28,2023-02-12,2023-02-18,274600.0,PDC,False,6.0,False
T006441,D0173,2023-06-27,2023-08-11,2023-08-12,82300.0,PDC,False,1.0,False
T004508,D0121,2025-09-25,2025-11-09,2025-11-26,216000.0,PDC,False,17.0,False
T003287,D0087,2025-03-22,2025-04-06,2025-04-09,251500.0,PDC,False,3.0,True
T002016,D0051,2025-07-17,2025-08-01,2025-08-18,152100.0,PDC,False,17.0,False
T007037,D0189,2024-08-25,2024-09-24,2024-09-24,261500.0,PDC,False,0.0,False
T006427,D0173,2023-06-24,2023-08-08,2023-08-10,139000.0,PDC,False,2.0,False
T000891,D0023,2024-03-31,2024-04-15,2024-04-20,134400.0,PDC,False,5.0,True
T002589,D0067,2024-03-24,2024-04-08,,128800.0,PDC,False,,True
T005777,D0153,2025-04-13,2025-05-28,2025-05-28,276900.0,PDC,False,0.0,True
T002374,D0061,2023-10-26,2023-11-10,2023-11-15,98500.0,PDC,False,5.0,False
T001749,D0045,2023-05-13,2023-06-12,2023-06-14,225200.0,PDC,False,2.0,False
T003024,D0081,2023-05-13,2023-06-27,2023-06-27,79400.0,PDC,False,0.0,True
T003528,D0093,2025-06-02,2025-07-02,,57300.0,PDC,False,,False
T003417,D0090,2023-05-16,2023-06-30,2023-07-03,255900.0,PDC,False,3.0,True
T008042,D0215,2023-06-04,2023-07-04,2023-08-15,56100.0,CASH,False,42.0,True
T005693,D0150,2023-06-13,2023-06-28,2023-07-01,145500.0,CASH,False,3.0,True
T000375,D0011,2023-06-07,2023-07-22,,206700.0,PDC,False,,False
T004463,D0120,2024-11-01,2024-11-16,2024-11-16,189600.0,PDC,False,0.0,False
T005362,D0142,2025-07-09,2025-07-24,2025-07-24,261700.0,CASH,False,0.0,False
T007376,D0197,2025-09-23,2025-10-23,2025-10-25,126800.0,PDC,False,2.0,False
T001545,D0040,2024-03-13,2024-04-12,2024-04-14,183000.0,BANK_TRANSFER,False,2.0,True
T002022,D0051,2024-10-29,2024-11-13,,162400.0,PDC,False,,False
T007392,D0198,2024-02-07,2024-02-22,2024-03-09,277000.0,CASH,False,16.0,False
T000048,D0002,2025-09-10,2025-10-10,2025-10-10,120800.0,PDC,False,0.0,False
T006017,D0161,2024-02-11,2024-02-26,2024-02-29,126500.0,CASH,False,3.0,False
T008043,D0215,2023-08-17,2023-09-16,,88000.0,PDC,True,,False
T001658,D0043,2025-03-02,2025-03-17,2025-03-26,150600.0,BANK_TRANSFER,False,9.0,True
T002408,D0061,2024-07-12,2024-08-26,2024-08-29,55200.0,BANK_TRANSFER,False,3.0,False
T004930,D0132,2024-03-28,2024-05-12,2024-05-13,130200.0,PDC,False,1.0,False
T007384,D0198,2023-01-08,2023-02-22,,253200.0,PDC,True,,False
T007543,D0201,2025-10-14,2025-11-13,2025-11-16,145100.0,CASH,False,3.0,False
T005440,D0144,2024-08-31,2024-09-15,2024-09-17,101300.0,BANK_TRANSFER,False,2.0,False
T006404,D0172,2024-05-31,2024-06-15,2024-06-18,222800.0,BANK_TRANSFER,False,3.0,True
T000064,D0003,2025-12-10,2026-01-09,,85100.0,PDC,True,,False
T001602,D0041,2025-11-13,2025-12-28,2025-12-30,206500.0,PDC,False,2.0,False
T000897,D0023,2024-11-10,2024-11-25,2024-11-25,131200.0,PDC,False,0.0,False
T006907,D0185,2024-11-17,2025-01-01,2025-01-01,32100.0,PDC,False,0.0,False
T002700,D0070,2024-04-07,2024-05-22,,51600.0,PDC,False,,False
T002806,D0072,2024-08-24,2024-09-23,,266600.0,CASH,False,,False
T007771,D0208,2023-01-29,2023-02-13,2023-03-20,169900.0,BANK_TRANSFER,False,35.0,False
T003616,D0095,2024-07-03,2024-08-02,2024-09-03,62300.0,PDC,False,32.0,False
T001986,D0050,2025-05-04,2025-06-18,2025-06-20,244700.0,PDC,False,2.0,True
T002647,D0069,2023-10-19,2023-11-18,,29600.0,PDC,False,,False
T004666,D0125,2024-01-08,2024-02-22,,260900.0,PDC,True,,False
T007251,D0193,2025-01-10,2025-02-24,2025-04-09,31100.0,PDC,False,44.0,True
T004898,D0132,2025-08-18,2025-09-02,2025-09-02,96000.0,PDC,False,0.0,False
T002552,D0066,2024-09-28,2024-10-28,2024-11-08,200300.0,CASH,False,11.0,False
T008129,D0217,2025-08-13,2025-09-12,2025-09-12,245800.0,PDC,False,0.0,False
T005095,D0136,2023-08-26,2023-09-10,2023-09-12,57000.0,PDC,False,2.0,False
T002199,D0055,2024-05-10,2024-06-24,2024-07-02,79600.0,PDC,False,8.0,True
T007608,D0203,2025-05-28,2025-06-12,2025-06-25,80200.0,PDC,False,13.0,True
T007582,D0202,2024-01-11,2024-02-10,2024-02-11,62700.0,PDC,False,1.0,False
T005724,D0151,2023-07-01,2023-07-16,2023-07-26,40600.0,PDC,False,10.0,False
T004379,D0118,2024-11-14,2024-12-29,2024-12-30,215200.0,PDC,False,1.0,False
T001497,D0039,2025-12-31,2026-01-15,2026-02-03,160200.0,CASH,False,19.0,False
T007452,D0199,2024-07-26,2024-09-09,,121000.0,PDC,False,,False
T007368,D0197,2023-08-03,2023-09-17,2023-09-19,155100.0,BANK_TRANSFER,False,2.0,False
T007603,D0203,2024-07-20,2024-08-19,2024-08-20,122900.0,CASH,False,1.0,False
T002457,D0063,2025-12-30,2026-01-14,2026-01-15,64400.0,PDC,False,1.0,False
T001333,D0035,2024-05-11,2024-06-25,2024-07-25,41700.0,BANK_TRANSFER,False,30.0,True
T002523,D0065,2024-12-02,2024-12-17,2024-12-22,163800.0,CASH,False,5.0,False
T000113,D0004,2025-06-02,2025-07-17,2025-07-20,203800.0,PDC,False,3.0,False
T000583,D0016,2025-09-05,2025-10-05,2025-10-15,228000.0,BANK_TRANSFER,False,10.0,False
T003485,D0091,2024-04-18,2024-05-03,2024-05-05,143200.0,CASH,False,2.0,False
T004589,D0123,2025-05-22,2025-06-21,2025-06-23,233300.0,CASH,False,2.0,False
T001128,D0030,2024-04-23,2024-06-07,2024-07-30,85300.0,PDC,False,53.0,True
T004113,D0110,2025-11-01,2025-12-01,2025-12-01,92900.0,PDC,False,0.0,False
T001569,D0040,2023-08-20,2023-09-04,2023-09-04,149700.0,PDC,False,0.0,False
T006552,D0176,2025-07-01,2025-07-31,2025-08-09,105000.0,BANK_TRANSFER,False,9.0,False
T006912,D0185,2023-05-30,2023-06-29,2023-07-02,219700.0,CASH,False,3.0,True
T000122,D0004,2024-06-17,2024-07-17,2024-07-22,255800.0,PDC,False,5.0,False
T001219,D0033,2024-08-12,2024-09-26,2024-09-29,194800.0,CASH,False,3.0,False
T002972,D0079,2025-10-04,2025-10-19,,298600.0,PDC,False,,False
T008122,D0217,2023-04-11,2023-05-26,2023-05-30,49100.0,BANK_TRANSFER,False,4.0,False
T005195,D0139,2024-02-25,2024-04-10,2024-04-24,126600.0,PDC,False,14.0,True
T007333,D0196,2023-09-06,2023-09-21,2023-09-22,38300.0,PDC,False,1.0,False
T002983,D0079,2024-07-20,2024-08-04,2024-08-08,296200.0,PDC,False,4.0,False
T002737,D0071,2023-05-21,2023-06-20,2023-07-04,111200.0,PDC,False,14.0,True
T006864,D0184,2024-04-07,2024-05-22,2024-06-06,69300.0,PDC,False,15.0,False
T002924,D0077,2023-10-17,2023-11-01,2023-11-29,287200.0,PDC,False,28.0,False
T005303,D0141,2025-12-01,2026-01-15,2026-01-15,134400.0,PDC,False,0.0,False
T005213,D0139,2025-11-25,2026-01-09,2026-01-24,98500.0,PDC,False,15.0,False
T000057,D0003,2025-05-15,2025-06-29,2025-07-05,63100.0,PDC,False,6.0,False
T000141,D0005,2024-12-22,2025-01-06,2025-01-08,255800.0,CASH,False,2.0,False
T007299,D0194,2024-03-20,2024-04-19,2024-04-24,221300.0,PDC,False,5.0,True
T000276,D0009,2023-12-20,2024-01-04,2024-01-05,20800.0,PDC,False,1.0,False
T007068,D0189,2023-08-08,2023-08-23,2023-08-25,121200.0,CASH,False,2.0,False
T004483,D0121,2023-01-02,2023-02-01,2023-02-16,291600.0,PDC,False,15.0,False
T003909,D0105,2024-08-15,2024-09-14,2024-09-16,53900.0,CASH,False,2.0,False
T000095,D0004,2025-02-04,2025-03-21,2025-03-24,38700.0,PDC,False,3.0,True
T003127,D0083,2025-09-29,2025-10-14,,104300.0,PDC,True,,False
T005107,D0136,2025-02-03,2025-03-20,2025-03-22,142900.0,PDC,False,2.0,True
T006103,D0164,2023-05-06,2023-06-05,2023-06-07,247100.0,CASH,False,2.0,False
T003017,D0080,2023-03-01,2023-03-16,2023-05-04,152600.0,BANK_TRANSFER,False,49.0,True
T007929,D0212,2025-06-29,2025-07-29,2025-09-13,255200.0,CASH,False,46.0,False
T003468,D0091,2025-07-20,2025-09-03,2025-09-06,297300.0,PDC,False,3.0,False
T005896,D0156,2025-12-09,2025-12-24,2026-01-02,165600.0,PDC,False,9.0,False
T003605,D0094,2025-02-22,2025-04-08,2025-04-11,268600.0,BANK_TRANSFER,False,3.0,True
T003481,D0091,2025-03-16,2025-03-31,2025-04-02,143600.0,CASH,False,2.0,True
T003203,D0085,2024-01-29,2024-02-13,2024-02-13,282600.0,PDC,False,0.0,False
T000159,D0005,2025-01-30,2025-02-14,2025-02-14,198500.0,CASH,False,0.0,False
T007570,D0202,2023-04-05,2023-05-05,2023-05-09,115300.0,CASH,False,4.0,True
T007675,D0206,2024-03-20,2024-04-04,,188400.0,PDC,True,,True
T000611,D0017,2025-07-29,2025-09-12,2025-09-13,70200.0,PDC,False,1.0,False
T003606,D0094,2024-02-02,2024-03-03,,246300.0,PDC,False,,True
T006566,D0177,2025-12-31,2026-01-15,,219400.0,PDC,True,,False
T006151,D0166,2025-08-30,2025-09-14,,187700.0,PDC,True,,False
T007406,D0198,2025-05-08,2025-05-23,,292900.0,PDC,True,,False
T007031,D0189,2024-08-15,2024-08-30,2024-08-30,61800.0,PDC,False,0.0,False
T000997,D0027,2024-11-27,2024-12-27,2024-12-27,182600.0,PDC,False,0.0,False
T004835,D0131,2025-02-07,2025-03-09,2025-03-09,160900.0,PDC,False,0.0,True
T005391,D0143,2024-07-14,2024-08-28,2024-08-28,143600.0,CASH,False,0.0,False
T002747,D0071,2025-03-30,2025-04-14,2025-05-08,133400.0,CASH,False,24.0,True
T007325,D0195,2023-12-08,2023-12-23,,194800.0,PDC,True,,False
T000461,D0013,2024-10-04,2024-11-03,2024-11-03,277400.0,PDC,False,0.0,False
T002905,D0077,2025-07-08,2025-08-07,,276100.0,PDC,True,,False
T001911,D0048,2025-12-21,2026-02-04,2026-02-04,187700.0,BANK_TRANSFER,False,0.0,False
T004145,D0110,2025-01-04,2025-01-19,2025-01-19,211800.0,PDC,False,0.0,False
T006534,D0175,2023-07-26,2023-08-25,2023-08-25,213900.0,PDC,False,0.0,False
T005646,D0149,2023-09-25,2023-10-25,2023-10-31,281500.0,CASH,False,6.0,False
T006182,D0167,2024-05-15,2024-06-29,2024-08-16,283800.0,PDC,False,48.0,True
T002551,D0066,2023-07-18,2023-09-01,2023-09-10,232500.0,PDC,False,9.0,False
T004986,D0134,2025-07-13,2025-07-28,2025-07-28,268100.0,PDC,False,0.0,False
T002722,D0070,2024-01-30,2024-02-14,2024-03-15,204800.0,PDC,False,30.0,False
T007665,D0205,2025-07-22,2025-08-21,2025-08-21,235600.0,PDC,False,0.0,False
T000103,D0004,2025-08-18,2025-10-02,2025-10-02,204900.0,BANK_TRANSFER,False,0.0,False
T001127,D0030,2025-08-15,2025-09-14,2025-10-08,117900.0,PDC,False,24.0,False
T006070,D0163,2024-01-06,2024-01-21,2024-01-23,214100.0,PDC,False,2.0,False
T004062,D0108,2025-02-23,2025-03-25,2025-03-31,77500.0,PDC,False,6.0,True
T006033,D0162,2023-12-24,2024-01-23,2024-01-24,272200.0,PDC,False,1.0,False
T002453,D0062,2025-07-20,2025-09-03,2025-09-06,55000.0,PDC,False,3.0,False
T007028,D0189,2025-03-05,2025-04-19,2025-04-21,31000.0,PDC,False,2.0,False
T005012,D0134,2023-03-04,2023-04-03,2023-04-05,159900.0,PDC,False,2.0,True
T006056,D0162,2023-12-09,2024-01-23,2024-01-23,213800.0,BANK_TRANSFER,False,0.0,False
T003923,D0105,2023-12-06,2023-12-21,2023-12-24,79200.0,PDC,False,3.0,False
T004052,D0108,2024-12-18,2025-02-01,,265500.0,PDC,False,,False
T007801,D0209,2025-09-28,2025-10-28,2025-10-30,239800.0,CASH,False,2.0,False
T000277,D0009,2025-06-15,2025-07-15,2025-07-16,189100.0,PDC,False,1.0,False
T000541,D0015,2023-08-31,2023-09-15,,113400.0,BANK_TRANSFER,False,,False
T005988,D0160,2024-09-11,2024-10-11,2024-10-14,164800.0,PDC,False,3.0,False
T001325,D0035,2025-04-01,2025-04-16,2025-05-22,96700.0,CASH,False,36.0,False
T007559,D0201,2023-09-19,2023-11-03,2023-11-08,229600.0,PDC,False,5.0,False
T002559,D0067,2025-07-15,2025-08-29,2025-08-31,139000.0,BANK_TRANSFER,False,2.0,False
T005487,D0145,2024-04-17,2024-05-02,2024-05-10,47900.0,CASH,False,8.0,False
T006828,D0183,2023-11-12,2023-12-27,2024-01-10,264000.0,CASH,False,14.0,False
T003222,D0086,2023-09-04,2023-09-19,2023-10-13,78300.0,PDC,False,24.0,False
T007201,D0192,2025-04-05,2025-04-20,2025-04-20,106300.0,PDC,False,0.0,False
T004609,D0124,2024-08-24,2024-10-08,2024-10-09,160900.0,PDC,False,1.0,False
T005435,D0144,2024-03-03,2024-04-17,2024-04-21,79900.0,PDC,False,4.0,True
T001443,D0038,2024-12-03,2025-01-02,,92100.0,PDC,True,,False
T005377,D0143,2024-02-07,2024-03-08,2024-03-10,115700.0,CASH,False,2.0,True
T001461,D0038,2023-09-06,2023-10-06,2023-10-06,38500.0,BANK_TRANSFER,False,0.0,False
T002893,D0076,2023-12-22,2024-01-06,2024-01-09,23000.0,PDC,False,3.0,False
T003126,D0083,2024-09-19,2024-11-03,2024-12-06,67800.0,CASH,False,33.0,False
T002970,D0079,2024-03-05,2024-04-19,2024-04-24,69200.0,PDC,False,5.0,True
T006717,D0181,2025-04-21,2025-06-05,2025-06-25,245900.0,PDC,False,20.0,True
T007295,D0194,2024-11-22,2024-12-07,2024-12-08,157700.0,CASH,False,1.0,False
T001499,D0039,2025-05-31,2025-06-30,,200900.0,PDC,True,,False
T002533,D0066,2025-05-30,2025-06-14,2025-06-26,75600.0,CASH,False,12.0,True
T007793,D0209,2023-06-28,2023-07-13,2023-07-13,235900.0,BANK_TRANSFER,False,0.0,False
T001859,D0047,2024-03-08,2024-04-22,2024-04-26,124300.0,PDC,False,4.0,True
T002496,D0064,2025-05-18,2025-06-02,2025-06-18,209600.0,PDC,False,16.0,True
T003595,D0094,2023-12-03,2024-01-17,2024-01-19,114900.0,PDC,False,2.0,False
T005084,D0136,2025-03-05,2025-04-19,2025-04-21,281800.0,CASH,False,2.0,False
T001941,D0049,2024-10-16,2024-11-30,2024-12-09,56100.0,CASH,False,9.0,False
T007788,D0208,2023-11-17,2023-12-17,2023-12-23,48800.0,CASH,False,6.0,False
T002148,D0054,2025-11-09,2025-12-24,2025-12-26,207300.0,BANK_TRANSFER,False,2.0,False
T003774,D0100,2024-11-16,2024-12-01,2024-12-13,178000.0,PDC,False,12.0,False
T002594,D0067,2025-12-03,2026-01-02,2026-01-04,42400.0,BANK_TRANSFER,False,2.0,False
T006799,D0182,2025-04-11,2025-05-26,2025-05-27,118100.0,PDC,False,1.0,True
T004148,D0111,2024-09-19,2024-10-04,2024-10-08,262700.0,PDC,False,4.0,False
T002262,D0057,2025-11-17,2025-12-17,,25900.0,PDC,True,,False
T004001,D0107,2024-08-28,2024-10-12,2024-10-18,148000.0,PDC,False,6.0,False
T004236,D0113,2025-04-03,2025-05-18,,121000.0,PDC,False,,False
T003474,D0091,2025-04-29,2025-06-13,2025-06-15,83600.0,PDC,False,2.0,True
T000831,D0022,2025-10-13,2025-11-12,2025-11-13,137800.0,PDC,False,1.0,False
T001842,D0046,2025-04-11,2025-04-26,2025-05-10,188600.0,PDC,False,14.0,False
T004916,D0132,2024-03-03,2024-04-17,2024-04-20,83900.0,PDC,False,3.0,True
T003943,D0105,2023-06-01,2023-07-16,2023-07-19,200000.0,CASH,False,3.0,False
T000935,D0025,2024-09-10,2024-10-10,,175800.0,PDC,False,,False
T006960,D0187,2025-10-18,2025-12-02,2025-12-02,184300.0,CASH,False,0.0,False
T005322,D0141,2024-08-09,2024-08-24,2024-08-25,266300.0,CASH,False,1.0,False
T005846,D0155,2024-11-27,2025-01-11,2025-01-19,109800.0,CASH,False,8.0,False
T005531,D0146,2025-10-02,2025-10-17,,58600.0,CASH,False,,False
T006583,D0177,2024-07-25,2024-08-09,2024-08-20,100100.0,PDC,False,11.0,False
T006202,D0167,2025-11-04,2025-11-19,2026-01-03,271500.0,BANK_TRANSFER,False,45.0,False
T007555,D0201,2025-03-25,2025-04-09,2025-04-09,243000.0,BANK_TRANSFER,False,0.0,True
T006061,D0162,2025-08-20,2025-09-04,,72900.0,PDC,False,,False
T004380,D0118,2024-10-07,2024-11-06,2024-11-06,279300.0,PDC,False,0.0,False
T001708,D0043,2023-04-11,2023-04-26,,74600.0,PDC,False,,True
T006495,D0175,2025-10-14,2025-10-29,2025-11-01,244300.0,PDC,False,3.0,False
T006333,D0170,2024-10-31,2024-11-30,2024-12-05,126400.0,BANK_TRANSFER,False,5.0,False
T002351,D0060,2024-10-04,2024-11-18,2024-12-05,217600.0,PDC,False,17.0,False
T003735,D0099,2025-10-17,2025-11-16,,276400.0,PDC,True,,False
T003753,D0100,2023-07-17,2023-08-01,2023-08-10,108700.0,PDC,False,9.0,False
T000789,D0021,2025-06-18,2025-07-03,2025-07-07,194400.0,PDC,False,4.0,False
T006938,D0186,2024-02-05,2024-02-20,2024-02-22,226900.0,BANK_TRANSFER,False,2.0,False
T007594,D0202,2025-09-16,2025-10-16,2025-10-16,57800.0,BANK_TRANSFER,False,0.0,False
T002874,D0076,2023-01-23,2023-03-09,,59700.0,PDC,False,,False
T003629,D0096,2024-05-21,2024-06-20,2024-06-23,109500.0,PDC,False,3.0,True
T000485,D0014,2023-10-09,2023-10-24,,99100.0,BANK_TRANSFER,False,,False
T005094,D0136,2025-10-07,2025-10-22,2025-10-22,261300.0,CASH,False,0.0,False
T000446,D0013,2023-03-21,2023-04-05,,246800.0,CASH,False,,True
T007381,D0198,2024-03-08,2024-03-23,2024-04-04,99400.0,PDC,False,12.0,True
T004317,D0115,2025-02-25,2025-03-27,2025-03-27,157700.0,CASH,False,0.0,True
T007122,D0190,2024-07-13,2024-08-12,2024-08-30,114400.0,PDC,False,18.0,False
T000209,D0006,2025-08-29,2025-09-13,2025-09-16,197700.0,PDC,False,3.0,False
T006320,D0170,2024-09-13,2024-10-13,,27400.0,PDC,False,,False
T005686,D0150,2023-09-05,2023-10-05,2023-10-05,23600.0,BANK_TRANSFER,False,0.0,False
T001819,D0046,2025-12-28,2026-01-12,2026-01-25,160900.0,BANK_TRANSFER,False,13.0,False
T004307,D0115,2024-12-02,2025-01-01,,238600.0,CASH,False,,False
T004097,D0109,2023-12-11,2024-01-10,2024-01-15,71400.0,PDC,False,5.0,False
T002800,D0072,2024-05-12,2024-06-26,2024-06-29,180600.0,CASH,False,3.0,True
T007514,D0200,2023-04-02,2023-05-02,2023-05-06,116700.0,PDC,False,4.0,True
T001436,D0038,2023-12-24,2024-01-23,2024-02-25,141800.0,BANK_TRANSFER,False,33.0,False
T001321,D0035,2025-05-18,2025-06-02,,277200.0,PDC,True,,True
T006461,D0174,2024-05-19,2024-06-03,2024-06-03,168000.0,PDC,False,0.0,False
T005942,D0159,2024-02-26,2024-03-27,2024-03-30,79300.0,PDC,False,3.0,True
T006288,D0169,2025-03-19,2025-04-03,2025-04-06,285800.0,PDC,False,3.0,True
T007660,D0205,2024-02-02,2024-02-17,2024-02-17,62900.0,PDC,False,0.0,False
T005567,D0147,2024-04-09,2024-05-09,2024-05-14,47500.0,CASH,False,5.0,False
T007281,D0194,2023-12-06,2024-01-05,2024-01-05,276500.0,PDC,False,0.0,False
T000564,D0016,2025-02-26,2025-03-13,,184500.0,CASH,False,,True
T007865,D0211,2023-06-27,2023-08-11,2023-08-13,167900.0,PDC,False,2.0,False
T001376,D0036,2025-03-24,2025-04-08,2025-04-10,83600.0,PDC,False,2.0,True
T003861,D0103,2025-05-26,2025-06-10,2025-07-04,151200.0,PDC,False,24.0,True
T002254,D0057,2025-09-03,2025-09-18,,284500.0,PDC,False,,False
T005679,D0150,2023-12-20,2024-01-04,2024-01-09,200100.0,PDC,False,5.0,False
T004083,D0109,2024-05-15,2024-06-14,2024-06-23,99100.0,PDC,False,9.0,True
T002884,D0076,2023-02-27,2023-03-14,,39400.0,PDC,False,,True
T006839,D0183,2024-04-14,2024-05-29,2024-05-30,104500.0,BANK_TRANSFER,False,1.0,False
T001001,D0027,2025-09-11,2025-10-11,2025-10-17,272700.0,PDC,False,6.0,False
T006728,D0181,2024-07-30,2024-08-29,2024-09-25,156100.0,BANK_TRANSFER,False,27.0,False
T001193,D0032,2023-08-01,2023-08-31,2023-09-02,249700.0,CASH,False,2.0,False
T007871,D0211,2024-06-07,2024-07-07,2024-07-07,31900.0,CASH,False,0.0,False
T000501,D0014,2024-08-27,2024-10-11,,224200.0,CASH,False,,False
T006972,D0188,2024-07-28,2024-08-27,2024-08-30,96700.0,PDC,False,3.0,False
T002909,D0077,2025-05-27,2025-06-11,2025-06-25,251800.0,CASH,False,14.0,True
T004764,D0128,2025-01-07,2025-01-22,2025-01-23,209200.0,PDC,False,1.0,False
T005419,D0144,2025-03-09,2025-04-23,2025-04-24,98700.0,PDC,False,1.0,False
T005853,D0155,2025-05-27,2025-06-26,2025-07-09,290900.0,CASH,False,13.0,False
T007111,D0190,2023-04-14,2023-05-14,2023-05-29,141600.0,BANK_TRANSFER,False,15.0,False
T001129,D0030,2024-08-01,2024-09-15,,57000.0,CASH,False,,False
T000182,D0006,2024-04-22,2024-05-22,2024-05-25,282300.0,CASH,False,3.0,False
T000296,D0009,2023-09-26,2023-11-10,2023-11-12,244100.0,PDC,False,2.0,False
T004884,D0132,2023-08-22,2023-10-06,,169900.0,CASH,False,,False
T000949,D0026,2024-10-21,2024-11-05,,109100.0,BANK_TRANSFER,False,,False
T006482,D0174,2024-06-16,2024-07-31,,261400.0,CASH,False,,False
T005261,D0140,2024-06-27,2024-07-12,2024-07-13,217100.0,PDC,False,1.0,False
T003967,D0106,2024-12-30,2025-02-13,2025-02-14,48100.0,PDC,False,1.0,False
T007789,D0209,2024-10-27,2024-11-11,,165100.0,CASH,False,,False
T002837,D0074,2023-10-18,2023-11-02,2023-11-07,56100.0,PDC,False,5.0,False
T007983,D0213,2025-11-25,2026-01-09,2026-01-11,36700.0,CASH,False,2.0,False
T006782,D0182,2025-03-09,2025-03-24,2025-03-28,247700.0,CASH,False,4.0,True
T001114,D0030,2025-06-10,2025-07-10,2025-07-27,244900.0,PDC,False,17.0,False
T002739,D0071,2025-08-15,2025-09-29,2025-10-08,261400.0,CASH,False,9.0,False
T000731,D0019,2025-07-30,2025-08-14,2025-08-14,262100.0,CASH,False,0.0,False
T006809,D0182,2023-09-12,2023-09-27,,282500.0,PDC,True,,False
T006206,D0167,2025-08-17,2025-09-01,,38200.0,PDC,True,,False
T002422,D0061,2024-08-02,2024-09-01,2024-09-04,44000.0,CASH,False,3.0,False
T007487,D0200,2023-09-25,2023-10-10,2023-10-11,127200.0,PDC,False,1.0,False
T002828,D0074,2024-05-03,2024-05-18,2024-05-21,192300.0,PDC,False,3.0,False
T004771,D0128,2025-05-12,2025-06-11,2025-06-18,137600.0,PDC,False,7.0,True
T005690,D0150,2023-06-27,2023-07-12,2023-07-14,266000.0,PDC,False,2.0,False
T003475,D0091,2025-04-29,2025-05-14,2025-05-14,189800.0,PDC,False,0.0,False
T002437,D0062,2025-05-22,2025-06-06,2025-06-08,215500.0,PDC,False,2.0,True
T006229,D0168,2025-11-30,2026-01-14,2026-01-15,66700.0,PDC,False,1.0,False
T006406,D0172,2025-04-28,2025-05-28,2025-06-02,293800.0,PDC,False,5.0,True
T006158,D0167,2024-04-17,2024-06-01,2024-06-10,113000.0,PDC,False,9.0,False
T005048,D0135,2024-11-16,2024-12-16,2024-12-19,184300.0,PDC,False,3.0,False
T007159,D0191,2023-07-12,2023-07-27,2023-07-27,155500.0,PDC,False,0.0,False
T001442,D0038,2024-07-05,2024-08-04,,33800.0,BANK_TRANSFER,False,,False
T002142,D0054,2025-02-03,2025-03-05,,143100.0,PDC,False,,True
T005305,D0141,2025-06-07,2025-07-07,2025-07-10,32100.0,PDC,False,3.0,False
T004798,D0129,2023-05-16,2023-06-15,2023-06-17,190100.0,CASH,False,2.0,True
T000101,D0004,2024-12-21,2025-02-04,2025-02-04,117900.0,PDC,False,0.0,False
T002767,D0072,2025-08-27,2025-10-11,,55300.0,PDC,False,,False
T006623,D0178,2023-05-23,2023-06-07,2023-06-12,218400.0,CASH,False,5.0,False
T007211,D0192,2024-02-22,2024-03-23,2024-03-25,279400.0,PDC,False,2.0,True
T002173,D0054,2025-06-08,2025-06-23,2025-06-25,22300.0,CASH,False,2.0,False
T005635,D0149,2025-12-18,2026-01-02,2026-01-02,236900.0,BANK_TRANSFER,False,0.0,False
T000800,D0021,2024-07-07,2024-07-22,2024-07-25,248900.0,PDC,False,3.0,False
T007446,D0199,2023-12-18,2024-01-02,2024-01-04,283500.0,PDC,False,2.0,False
T002322,D0059,2025-03-14,2025-04-28,2025-05-01,278100.0,CASH,False,3.0,False
T007110,D0190,2023-09-28,2023-11-12,2023-11-16,283700.0,PDC,False,4.0,False
T004540,D0122,2023-11-07,2023-11-22,2023-12-08,251600.0,PDC,False,16.0,False
T003358,D0089,2025-05-09,2025-06-23,2025-06-25,282600.0,CASH,False,2.0,False
T006982,D0188,2023-09-09,2023-10-24,2023-10-27,179700.0,BANK_TRANSFER,False,3.0,False
T002308,D0058,2023-03-17,2023-04-01,2023-05-05,30500.0,PDC,False,34.0,True
T003390,D0090,2024-02-03,2024-02-18,2024-02-19,275300.0,PDC,False,1.0,False
T003077,D0082,2025-11-21,2026-01-05,2026-01-07,54000.0,PDC,False,2.0,False
T001498,D0039,2025-10-04,2025-11-03,,275300.0,PDC,True,,False
T005316,D0141,2024-10-04,2024-10-19,2024-10-19,47200.0,PDC,False,0.0,False
T002143,D0054,2024-02-22,2024-03-23,2024-03-24,133000.0,CASH,False,1.0,True
T005741,D0152,2025-01-28,2025-02-27,2025-03-04,51400.0,CASH,False,5.0,True
T005722,D0151,2023-04-24,2023-06-08,2023-06-23,222400.0,BANK_TRANSFER,False,15.0,False
T006836,D0183,2025-03-23,2025-05-07,2025-05-07,20800.0,CASH,False,0.0,False
T005122,D0137,2023-10-21,2023-12-05,2023-12-26,89000.0,PDC,False,21.0,False
T008055,D0215,2025-07-02,2025-07-17,2025-07-24,125800.0,PDC,False,7.0,False
T006756,D0181,2023-09-08,2023-10-08,2023-12-05,221100.0,PDC,False,58.0,False
T004909,D0132,2025-03-04,2025-03-19,2025-03-25,202200.0,PDC,False,6.0,True
T006798,D0182,2025-11-25,2025-12-10,2025-12-10,178500.0,PDC,False,0.0,False
T005633,D0149,2023-05-05,2023-06-04,2023-06-08,198800.0,CASH,False,4.0,False
T000233,D0007,2025-06-24,2025-07-24,,91100.0,PDC,True,,False
T005900,D0157,2025-01-08,2025-02-07,2025-02-07,294400.0,PDC,False,0.0,False
T005319,D0141,2023-08-31,2023-09-30,2023-09-30,219900.0,PDC,False,0.0,False
T001385,D0036,2023-01-11,2023-01-26,2023-01-30,179900.0,CASH,False,4.0,False
T004781,D0129,2024-09-07,2024-10-22,2024-10-22,88900.0,PDC,False,0.0,False
T004761,D0128,2025-10-01,2025-11-15,2025-11-20,255900.0,PDC,False,5.0,False
T005296,D0140,2023-11-29,2024-01-13,2024-01-15,133900.0,PDC,False,2.0,False
T003180,D0085,2024-02-11,2024-02-26,2024-03-04,181900.0,PDC,False,7.0,False
T002387,D0061,2023-03-26,2023-05-10,2023-05-10,132600.0,PDC,False,0.0,False
T005890,D0156,2025-08-02,2025-09-01,,24500.0,CASH,False,,False
T005457,D0144,2025-06-18,2025-08-02,2025-08-03,189800.0,PDC,False,1.0,False
T001550,D0040,2023-08-28,2023-09-27,2023-09-29,195500.0,CASH,False,2.0,False
T000480,D0014,2024-07-10,2024-07-25,,73600.0,PDC,False,,False
T007580,D0202,2024-10-12,2024-10-27,2024-10-30,156100.0,CASH,False,3.0,False
T002764,D0072,2024-01-20,2024-03-05,2024-03-08,256100.0,PDC,False,3.0,True
T003708,D0098,2023-09-10,2023-10-10,2023-10-20,24200.0,PDC,False,10.0,False
T004845,D0131,2024-04-30,2024-05-15,2024-05-17,132100.0,BANK_TRANSFER,False,2.0,False
T000326,D0009,2025-07-25,2025-08-09,2025-08-09,107700.0,PDC,False,0.0,False
T000388,D0011,2024-09-06,2024-09-21,2024-10-04,132400.0,CASH,False,13.0,False
T000679,D0018,2024-12-28,2025-01-12,,164000.0,CASH,False,,False
T002102,D0053,2024-10-31,2024-11-15,2024-11-26,160500.0,PDC,False,11.0,False
T005946,D0159,2025-04-17,2025-05-17,2025-05-21,104400.0,BANK_TRANSFER,False,4.0,False
T000460,D0013,2023-08-14,2023-08-29,2023-09-01,81400.0,PDC,False,3.0,False
T002025,D0051,2025-09-19,2025-10-04,2025-10-23,142800.0,BANK_TRANSFER,False,19.0,False
T004921,D0132,2025-09-26,2025-10-11,2025-10-14,254700.0,PDC,False,3.0,False
T005481,D0145,2023-09-13,2023-10-28,2023-11-10,227200.0,PDC,False,13.0,False
T005155,D0138,2024-10-19,2024-11-03,2024-11-03,168500.0,CASH,False,0.0,False
T000806,D0021,2025-12-20,2026-01-19,,225800.0,PDC,False,,False
T002732,D0071,2024-12-03,2025-01-02,2025-01-02,241800.0,PDC,False,0.0,False
T003699,D0098,2023-01-14,2023-02-13,2023-02-25,238000.0,CASH,False,12.0,False
T005703,D0150,2025-03-15,2025-04-29,2025-05-01,121600.0,PDC,False,2.0,False
T003706,D0098,2024-01-12,2024-01-27,2024-02-09,119900.0,CASH,False,13.0,False
T006535,D0175,2023-11-24,2023-12-24,,235500.0,CASH,False,,False
T005534,D0146,2025-11-10,2025-11-25,2025-11-25,30900.0,BANK_TRANSFER,False,0.0,False
T001676,D0043,2024-11-05,2024-12-05,2024-12-18,213700.0,PDC,False,13.0,False
T007092,D0190,2024-02-06,2024-03-22,2024-04-08,48300.0,PDC,False,17.0,True
T007258,D0193,2025-06-16,2025-07-01,2025-07-01,163800.0,PDC,False,0.0,False
T002725,D0071,2025-11-08,2025-12-08,2025-12-15,231400.0,PDC,False,7.0,False
T006487,D0175,2024-11-18,2024-12-03,2024-12-03,295800.0,PDC,False,0.0,False
T004386,D0118,2024-06-08,2024-07-08,2024-07-08,30300.0,CASH,False,0.0,False
T005614,D0149,2024-08-14,2024-09-28,2024-09-28,23900.0,CASH,False,0.0,False
T003739,D0100,2023-08-06,2023-09-05,2023-09-15,222100.0,BANK_TRANSFER,False,10.0,False
T001778,D0045,2024-03-02,2024-04-16,2024-04-18,216700.0,CASH,False,2.0,True
T006931,D0186,2025-03-05,2025-04-04,2025-04-05,237200.0,PDC,False,1.0,True
T006480,D0174,2024-08-27,2024-10-11,2024-10-20,36900.0,PDC,False,9.0,False
T005753,D0152,2024-05-23,2024-06-07,2024-06-07,141200.0,PDC,False,0.0,True
T002733,D0071,2023-01-17,2023-03-03,2023-03-08,220500.0,PDC,False,5.0,False
T008177,D0218,2025-12-02,2025-12-17,2025-12-17,276200.0,PDC,False,0.0,False
T007166,D0191,2025-08-31,2025-09-15,2025-09-16,240100.0,CASH,False,1.0,False
T006153,D0166,2023-07-25,2023-08-24,2023-09-06,132800.0,BANK_TRANSFER,False,13.0,False
T003010,D0080,2025-12-01,2026-01-15,2026-01-30,177500.0,CASH,False,15.0,False
T003816,D0102,2025-02-25,2025-03-27,2025-03-30,49600.0,CASH,False,3.0,True
T001998,D0050,2025-12-27,2026-01-26,2026-01-28,45500.0,CASH,False,2.0,False
T002424,D0061,2025-02-20,2025-03-07,,248700.0,PDC,True,,True
T006944,D0187,2025-04-30,2025-06-14,2025-06-15,299700.0,CASH,False,1.0,True
T007934,D0212,2024-02-14,2024-03-30,2024-04-30,64500.0,PDC,False,31.0,True
T006935,D0186,2025-03-26,2025-04-25,2025-04-28,39500.0,PDC,False,3.0,False
T007740,D0207,2024-11-16,2024-12-16,2025-01-29,280100.0,CASH,False,44.0,False
T003954,D0106,2025-06-24,2025-08-08,2025-08-08,47600.0,CASH,False,0.0,False
T003886,D0104,2025-04-19,2025-05-19,2025-06-23,131100.0,PDC,False,35.0,False
T001168,D0031,2025-07-04,2025-08-03,2025-08-06,36900.0,PDC,False,3.0,False
T007562,D0202,2023-12-26,2024-01-10,2024-01-10,197500.0,BANK_TRANSFER,False,0.0,False
T002039,D0051,2025-08-05,2025-09-04,2025-09-12,225600.0,PDC,False,8.0,False
T004973,D0134,2025-10-05,2025-10-20,2025-10-21,230200.0,CASH,False,1.0,False
T000516,D0015,2025-07-20,2025-09-03,2025-09-12,34500.0,BANK_TRANSFER,False,9.0,False
T007457,D0199,2025-04-13,2025-04-28,2025-05-03,147800.0,BANK_TRANSFER,False,5.0,False
T001832,D0046,2025-03-31,2025-05-15,2025-05-15,168500.0,PDC,False,0.0,False
T002971,D0079,2024-09-22,2024-10-07,2024-10-13,242300.0,BANK_TRANSFER,False,6.0,False
T002785,D0072,2025-11-16,2025-12-16,2025-12-17,95200.0,PDC,False,1.0,False
T000421,D0012,2025-02-07,2025-03-24,2025-04-07,126100.0,PDC,False,14.0,True
T007869,D0211,2025-04-15,2025-04-30,2025-04-30,296600.0,PDC,False,0.0,False
T003273,D0087,2025-01-30,2025-03-16,2025-03-19,170200.0,CASH,False,3.0,True
T001042,D0028,2024-06-13,2024-07-28,2024-08-11,124200.0,CASH,False,14.0,False
T001929,D0049,2024-09-12,2024-09-27,,75900.0,CASH,False,,False
T001137,D0031,2023-07-14,2023-07-29,2023-08-04,136200.0,PDC,False,6.0,False
T000904,D0023,2024-05-18,2024-07-02,2024-07-04,281600.0,PDC,False,2.0,False
T003071,D0082,2025-11-16,2025-12-31,,23200.0,PDC,False,,False
T004340,D0116,2024-12-13,2024-12-28,,40200.0,CASH,False,,False
T000906,D0024,2023-06-29,2023-07-29,2023-08-04,91000.0,PDC,False,6.0,False
T003640,D0096,2025-11-29,2026-01-13,2026-01-16,180800.0,CASH,False,3.0,False
T001084,D0029,2023-04-21,2023-05-06,2023-05-07,271300.0,PDC,False,1.0,False
T006251,D0169,2024-05-23,2024-06-22,2024-06-28,188100.0,CASH,False,6.0,True
T006267,D0169,2023-03-27,2023-05-11,2023-05-11,220600.0,PDC,False,0.0,False
T003633,D0096,2023-07-24,2023-08-23,2023-08-24,95500.0,CASH,False,1.0,False
T007503,D0200,2023-02-07,2023-03-24,2023-03-27,118000.0,PDC,False,3.0,True
T003617,D0095,2024-02-21,2024-03-22,2024-04-27,56200.0,CASH,False,36.0,True
T005532,D0146,2025-12-26,2026-02-09,2026-02-09,30800.0,PDC,False,0.0,False
T003004,D0080,2025-06-28,2025-07-13,2025-08-08,100700.0,CASH,False,26.0,False
T005860,D0155,2023-12-17,2024-01-01,2024-01-13,96400.0,PDC,False,12.0,False
T005381,D0143,2023-02-06,2023-03-08,2023-03-08,172500.0,PDC,False,0.0,False
T006753,D0181,2024-05-05,2024-05-20,,65300.0,PDC,True,,False
T006531,D0175,2023-11-11,2023-12-11,2023-12-11,49400.0,PDC,False,0.0,False
T002784,D0072,2024-09-15,2024-10-15,2024-10-15,145400.0,PDC,False,0.0,False
T004160,D0111,2023-10-13,2023-10-28,2023-10-28,200000.0,CASH,False,0.0,False
T003416,D0090,2024-08-06,2024-08-21,2024-08-23,217700.0,PDC,False,2.0,False
T002346,D0060,2025-11-02,2025-11-17,,169400.0,PDC,True,,False
T006249,D0169,2023-05-10,2023-05-25,2023-05-26,223100.0,PDC,False,1.0,False
T003930,D0105,2023-03-23,2023-05-07,,297100.0,PDC,False,,False
T002456,D0063,2024-06-15,2024-07-30,2024-07-30,168600.0,PDC,False,0.0,False
T004477,D0120,2025-03-13,2025-04-27,2025-04-28,104000.0,CASH,False,1.0,False
T002328,D0059,2024-12-29,2025-02-12,,84000.0,PDC,False,,False
T003183,D0085,2024-02-12,2024-03-13,2024-03-17,48100.0,BANK_TRANSFER,False,4.0,True
T006418,D0172,2024-09-29,2024-10-29,2024-10-30,172900.0,PDC,False,1.0,False
T007158,D0191,2023-12-16,2024-01-30,2024-02-02,80600.0,BANK_TRANSFER,False,3.0,False
T005584,D0148,2025-09-08,2025-09-23,2025-09-26,81100.0,PDC,False,3.0,False
T002763,D0072,2023-12-02,2023-12-17,2023-12-21,175300.0,CASH,False,4.0,False
T005538,D0146,2025-04-26,2025-06-10,2025-06-11,53600.0,PDC,False,1.0,True
T007644,D0204,2025-06-27,2025-08-11,2025-08-16,84600.0,CASH,False,5.0,False
T005648,D0149,2024-09-26,2024-10-26,2024-10-27,59100.0,PDC,False,1.0,False
T007343,D0196,2025-08-02,2025-08-17,,154300.0,PDC,False,,False
T003535,D0093,2025-12-23,2026-02-06,2026-02-06,146000.0,PDC,False,0.0,False
T004198,D0111,2025-07-11,2025-08-25,2025-08-28,172100.0,PDC,False,3.0,False
T001875,D0047,2025-09-13,2025-10-28,2025-10-29,281400.0,PDC,False,1.0,False
T005052,D0135,2025-04-15,2025-05-30,2025-06-05,43300.0,CASH,False,6.0,True
T004403,D0118,2024-08-19,2024-10-03,2024-10-03,76200.0,PDC,False,0.0,False
T007897,D0211,2024-05-12,2024-05-27,2024-05-27,272500.0,CASH,False,0.0,False
T002468,D0063,2025-08-07,2025-08-22,2025-08-22,45300.0,PDC,False,0.0,False
T004069,D0108,2025-06-19,2025-07-19,2025-07-20,268200.0,CASH,False,1.0,False
T006900,D0185,2023-04-12,2023-05-27,2023-05-31,207400.0,PDC,False,4.0,False
T003587,D0094,2024-03-03,2024-04-17,2024-04-17,245100.0,CASH,False,0.0,True
T002005,D0050,2023-09-27,2023-11-11,,136500.0,PDC,False,,False
T006718,D0181,2024-12-04,2025-01-18,2025-02-21,116300.0,PDC,False,34.0,False
T001742,D0044,2025-04-02,2025-05-02,2025-05-04,244200.0,BANK_TRANSFER,False,2.0,False
T003846,D0103,2025-08-04,2025-08-19,,103900.0,PDC,False,,False
T002009,D0050,2025-11-19,2026-01-03,,180100.0,CASH,False,,False
T004551,D0122,2025-09-24,2025-10-24,2025-11-14,260800.0,PDC,False,21.0,False
T006052,D0162,2023-06-17,2023-08-01,2023-08-04,232100.0,BANK_TRANSFER,False,3.0,False
T002369,D0060,2024-06-29,2024-07-29,2024-08-04,246100.0,CASH,False,6.0,False
T006675,D0180,2024-02-06,2024-03-22,2024-03-22,70000.0,PDC,False,0.0,True
T004263,D0114,2024-03-21,2024-04-20,2024-05-02,91000.0,BANK_TRANSFER,False,12.0,True
T001731,D0044,2024-09-29,2024-10-14,2024-10-14,233500.0,BANK_TRANSFER,False,0.0,False
T002126,D0053,2025-11-01,2025-11-16,2025-11-24,21500.0,BANK_TRANSFER,False,8.0,False
T002632,D0068,2023-11-24,2023-12-24,2023-12-24,239300.0,PDC,False,0.0,False
T000739,D0020,2023-09-16,2023-10-31,2023-11-11,297700.0,PDC,False,11.0,False
T002133,D0054,2025-04-07,2025-05-07,2025-05-12,83100.0,PDC,False,5.0,False
T002462,D0063,2025-03-19,2025-04-18,2025-04-18,131100.0,PDC,False,0.0,False
T006058,D0162,2024-09-12,2024-09-27,2024-09-27,216100.0,PDC,False,0.0,False
T005455,D0144,2025-05-21,2025-07-05,2025-07-05,258400.0,BANK_TRANSFER,False,0.0,False
T006095,D0164,2025-01-20,2025-02-19,2025-02-23,120000.0,PDC,False,4.0,True
T005904,D0157,2023-12-27,2024-02-10,2024-02-11,142000.0,PDC,False,1.0,False
T000416,D0012,2023-05-13,2023-05-28,2023-05-29,130600.0,PDC,False,1.0,False
T000742,D0020,2024-06-04,2024-06-19,2024-07-14,203700.0,PDC,False,25.0,True
T000012,D0001,2024-05-07,2024-06-21,2024-06-24,249400.0,PDC,False,3.0,True
T000781,D0020,2025-05-30,2025-06-14,2025-06-21,229800.0,PDC,False,7.0,True
T007109,D0190,2023-04-30,2023-06-14,2023-06-23,218400.0,CASH,False,9.0,False
T007387,D0198,2024-07-06,2024-08-05,2024-08-15,129200.0,CASH,False,10.0,False
T006315,D0170,2023-11-09,2023-12-24,2024-01-10,81600.0,BANK_TRANSFER,False,17.0,False
T004906,D0132,2024-12-22,2025-01-21,2025-01-22,20200.0,CASH,False,1.0,False
T004611,D0124,2025-06-25,2025-07-10,2025-07-14,135100.0,PDC,False,4.0,False
T005286,D0140,2025-08-01,2025-08-16,,216300.0,PDC,True,,False
T002204,D0056,2024-04-17,2024-06-01,2024-06-01,63800.0,BANK_TRANSFER,False,0.0,False
T002568,D0067,2025-06-02,2025-07-02,2025-07-07,30000.0,PDC,False,5.0,False
T004301,D0115,2023-08-17,2023-10-01,2023-10-01,37900.0,PDC,False,0.0,False
T000009,D0001,2024-07-19,2024-09-02,2024-09-03,178800.0,PDC,False,1.0,False
T002832,D0074,2024-07-26,2024-08-25,2024-08-25,28300.0,PDC,False,0.0,False
T003400,D0090,2025-12-06,2026-01-05,2026-01-08,217200.0,PDC,False,3.0,False
T000346,D0010,2024-02-21,2024-03-07,2024-03-22,241300.0,CASH,False,15.0,True
T006266,D0169,2025-11-22,2025-12-07,2025-12-10,224200.0,CASH,False,3.0,False
T004810,D0129,2023-02-10,2023-03-27,2023-03-27,173100.0,CASH,False,0.0,True
T003059,D0082,2025-09-26,2025-10-11,2025-10-12,136700.0,PDC,False,1.0,False
T005859,D0155,2025-02-09,2025-03-26,2025-04-12,46900.0,PDC,False,17.0,True
T002985,D0079,2023-07-26,2023-08-10,2023-08-10,288000.0,PDC,False,0.0,False
T007795,D0209,2023-04-08,2023-05-08,2023-05-10,76200.0,BANK_TRANSFER,False,2.0,False
T007799,D0209,2023-12-18,2024-01-17,2024-01-17,262800.0,BANK_TRANSFER,False,0.0,False
T005683,D0150,2024-07-20,2024-08-04,2024-08-04,193700.0,CASH,False,0.0,False
T007486,D0200,2023-03-08,2023-04-07,2023-04-09,81700.0,PDC,False,2.0,True
T002954,D0078,2025-05-18,2025-07-02,2025-07-02,55200.0,PDC,False,0.0,False
T003922,D0105,2024-10-05,2024-10-20,2024-10-23,38100.0,PDC,False,3.0,False
T007001,D0188,2025-10-11,2025-11-10,2025-11-10,216800.0,CASH,False,0.0,False
T002170,D0054,2025-06-23,2025-07-23,2025-07-23,160100.0,PDC,False,0.0,False
T006174,D0167,2025-08-29,2025-09-28,,211100.0,PDC,True,,False
T005082,D0136,2023-02-27,2023-04-13,2023-04-18,240900.0,PDC,False,5.0,True
T001773,D0045,2025-09-13,2025-09-28,2025-10-03,100700.0,CASH,False,5.0,False
T003114,D0083,2024-01-30,2024-03-15,,272400.0,PDC,False,,True
T000853,D0022,2025-07-24,2025-08-08,2025-08-10,89900.0,PDC,False,2.0,False
T004485,D0121,2025-01-18,2025-03-04,2025-03-06,69900.0,CASH,False,2.0,True
T007875,D0211,2024-06-06,2024-07-06,2024-07-08,124100.0,PDC,False,2.0,False
T005543,D0146,2025-08-24,2025-09-23,2025-09-25,78000.0,CASH,False,2.0,False
T003497,D0092,2024-07-17,2024-08-01,2024-08-03,29500.0,BANK_TRANSFER,False,2.0,False
T004544,D0122,2024-04-20,2024-06-04,2024-06-04,138300.0,PDC,False,0.0,False
T008166,D0218,2024-04-01,2024-04-16,2024-04-16,216000.0,PDC,False,0.0,True
T001898,D0047,2024-01-06,2024-02-20,2024-02-21,36000.0,BANK_TRANSFER,False,1.0,False
T001430,D0038,2024-10-07,2024-11-06,2024-12-14,49700.0,BANK_TRANSFER,False,38.0,False
T007706,D0207,2025-02-24,2025-03-11,,184900.0,PDC,True,,True
T003630,D0096,2023-02-05,2023-03-22,2023-03-24,191800.0,CASH,False,2.0,True
T001642,D0042,2024-02-01,2024-02-16,2024-02-16,276800.0,CASH,False,0.0,False
T005941,D0159,2024-01-15,2024-02-14,2024-02-14,53600.0,CASH,False,0.0,False
T003045,D0081,2025-02-10,2025-02-25,,188900.0,BANK_TRANSFER,False,,True
T007655,D0205,2023-01-15,2023-01-30,2023-01-31,224700.0,CASH,False,1.0,False
T004871,D0131,2025-05-30,2025-06-14,2025-06-18,43800.0,CASH,False,4.0,True
T007078,D0189,2023-01-18,2023-02-02,2023-02-04,176600.0,CASH,False,2.0,False
T001788,D0045,2023-12-25,2024-01-09,2024-01-09,38400.0,PDC,False,0.0,False
T000972,D0026,2024-06-08,2024-06-23,2024-06-23,195900.0,PDC,False,0.0,True
T005451,D0144,2024-08-01,2024-08-31,2024-09-05,296600.0,PDC,False,5.0,False
T000084,D0003,2025-08-09,2025-09-08,2025-09-13,200900.0,PDC,False,5.0,False
T000352,D0010,2024-07-03,2024-08-02,,128200.0,PDC,False,,False
T005164,D0138,2025-03-16,2025-03-31,2025-04-04,288800.0,PDC,False,4.0,True
T001969,D0050,2023-11-19,2023-12-19,2023-12-19,245700.0,CASH,False,0.0,False
T000214,D0007,2025-05-16,2025-06-30,2025-07-19,121800.0,PDC,False,19.0,False
T003243,D0087,2025-12-17,2026-01-31,2026-02-02,269800.0,PDC,False,2.0,False
T004409,D0118,2024-06-14,2024-07-14,2024-07-17,24000.0,CASH,False,3.0,False
T002927,D0077,2025-05-22,2025-07-06,2025-07-13,95700.0,PDC,False,7.0,False
T007149,D0191,2025-04-19,2025-05-04,2025-05-04,98100.0,PDC,False,0.0,False
T001040,D0028,2023-12-30,2024-01-29,,191400.0,PDC,True,,False
T004451,D0119,2025-04-30,2025-05-15,2025-05-26,261400.0,PDC,False,11.0,False
T000457,D0013,2025-09-10,2025-09-25,2025-09-25,167600.0,PDC,False,0.0,False
T001420,D0037,2024-12-01,2024-12-16,2025-01-29,58400.0,PDC,False,44.0,False
T002339,D0059,2024-10-07,2024-11-06,2024-11-08,134900.0,PDC,False,2.0,False
T006337,D0170,2024-01-16,2024-01-31,2024-01-31,237700.0,CASH,False,0.0,False
T004933,D0132,2024-09-29,2024-10-14,2024-10-17,178000.0,CASH,False,3.0,False
T001164,D0031,2024-07-23,2024-08-07,,175600.0,PDC,False,,False
T002245,D0057,2024-04-06,2024-05-21,2024-07-05,129600.0,PDC,False,45.0,False
T004426,D0118,2025-06-04,2025-06-19,2025-06-20,228900.0,PDC,False,1.0,True
T004368,D0117,2024-04-19,2024-05-04,2024-05-04,210000.0,PDC,False,0.0,False
T000695,D0019,2024-11-01,2024-11-16,2024-11-19,298800.0,CASH,False,3.0,False
T001345,D0035,2024-11-05,2024-12-20,2025-01-18,107200.0,BANK_TRANSFER,False,29.0,False
T008205,D0219,2025-09-25,2025-10-10,2025-10-13,264300.0,CASH,False,3.0,False
T007005,D0188,2025-06-21,2025-07-06,,191000.0,CASH,False,,False
T005077,D0136,2023-07-12,2023-08-11,2023-08-12,275000.0,PDC,False,1.0,False
T000408,D0012,2023-11-22,2023-12-07,2023-12-17,148200.0,CASH,False,10.0,False
T003544,D0093,2024-12-18,2025-02-01,2025-02-03,146700.0,PDC,False,2.0,False
T001876,D0047,2025-12-14,2026-01-13,2026-01-17,65100.0,PDC,False,4.0,False
T005814,D0154,2024-01-29,2024-02-28,2024-03-02,36000.0,PDC,False,3.0,True
T008229,D0220,2024-11-24,2025-01-08,2025-01-14,266600.0,PDC,False,6.0,False
T006805,D0182,2025-11-03,2025-12-18,2025-12-20,106600.0,CASH,False,2.0,False
T007280,D0194,2024-05-26,2024-06-25,2024-06-27,269400.0,CASH,False,2.0,True
T005761,D0152,2023-02-17,2023-04-03,2023-04-03,112500.0,PDC,False,0.0,True
T004374,D0117,2023-11-18,2023-12-18,2023-12-19,293800.0,BANK_TRANSFER,False,1.0,False
T000096,D0004,2025-12-13,2026-01-27,2026-01-27,163400.0,BANK_TRANSFER,False,0.0,False
T003917,D0105,2025-11-26,2026-01-10,2026-01-15,58300.0,PDC,False,5.0,False
T002712,D0070,2023-05-14,2023-05-29,2023-06-15,297700.0,PDC,False,17.0,False
T006655,D0179,2025-08-21,2025-09-05,2025-09-11,81400.0,CASH,False,6.0,False
T006995,D0188,2023-11-30,2023-12-15,2023-12-18,63800.0,CASH,False,3.0,False
T000135,D0005,2025-09-16,2025-10-01,,204100.0,PDC,False,,False
T002114,D0053,2024-10-24,2024-12-08,2024-12-17,39900.0,CASH,False,9.0,False
T002894,D0076,2024-10-09,2024-10-24,2024-10-27,256100.0,PDC,False,3.0,False
T000523,D0015,2025-11-01,2025-11-16,,273800.0,PDC,True,,False
T003370,D0089,2024-09-12,2024-10-27,2024-10-28,128400.0,CASH,False,1.0,False
T002868,D0075,2023-06-19,2023-08-03,2023-08-03,70200.0,CASH,False,0.0,False
T000702,D0019,2024-07-07,2024-08-21,2024-08-22,198100.0,CASH,False,1.0,False
T007232,D0192,2023-10-08,2023-11-07,2023-11-08,221300.0,PDC,False,1.0,False
T004824,D0130,2024-09-10,2024-09-25,2024-10-13,136200.0,PDC,False,18.0,False
T005116,D0137,2023-10-31,2023-11-30,2023-12-04,259200.0,BANK_TRANSFER,False,4.0,False
T006284,D0169,2025-02-20,2025-04-06,2025-04-08,122000.0,PDC,False,2.0,True
T002685,D0070,2023-12-26,2024-01-10,2024-01-26,236600.0,PDC,False,16.0,False
T000102,D0004,2025-06-15,2025-06-30,2025-07-03,68800.0,PDC,False,3.0,False
T006392,D0172,2025-01-26,2025-03-12,2025-03-18,230300.0,CASH,False,6.0,True
T001931,D0049,2024-05-23,2024-07-07,2024-07-13,258400.0,PDC,False,6.0,False
T004880,D0131,2023-03-29,2023-05-13,,22700.0,PDC,True,,False
T002931,D0078,2024-02-17,2024-03-18,2024-03-18,215500.0,BANK_TRANSFER,False,0.0,True
T001647,D0042,2025-05-09,2025-05-24,2025-05-25,54600.0,PDC,False,1.0,False
T004291,D0114,2025-04-12,2025-05-27,2025-06-07,297500.0,BANK_TRANSFER,False,11.0,True
T002035,D0051,2023-12-15,2024-01-29,2024-02-09,276100.0,BANK_TRANSFER,False,11.0,False
T007365,D0197,2023-06-18,2023-07-18,,299200.0,CASH,False,,False
T007995,D0213,2025-03-22,2025-04-21,2025-04-21,78200.0,CASH,False,0.0,False
T004037,D0108,2023-08-29,2023-09-28,2023-09-28,154800.0,BANK_TRANSFER,False,0.0,False
T006585,D0177,2025-09-07,2025-10-22,,152300.0,PDC,True,,False
T005678,D0150,2023-10-04,2023-11-18,2023-11-21,85800.0,PDC,False,3.0,False
T002668,D0069,2023-12-22,2024-01-21,,44600.0,PDC,False,,False
T007476,D0199,2023-07-06,2023-07-21,,171800.0,CASH,False,,False
T005446,D0144,2025-11-30,2025-12-30,2025-12-31,162700.0,PDC,False,1.0,False
T004885,D0132,2024-06-01,2024-06-16,2024-06-22,261000.0,BANK_TRANSFER,False,6.0,True
T000886,D0023,2023-04-11,2023-05-26,2023-05-26,143800.0,PDC,False,0.0,False
T001058,D0029,2024-08-01,2024-08-31,2024-08-31,190800.0,CASH,False,0.0,False
T008219,D0220,2023-02-12,2023-03-29,2023-03-31,210200.0,BANK_TRANSFER,False,2.0,True
T006966,D0188,2023-11-10,2023-12-25,2023-12-26,135400.0,PDC,False,1.0,False
T000247,D0008,2025-04-13,2025-05-28,,31800.0,CASH,False,,True
T007715,D0207,2024-04-15,2024-05-15,2024-06-10,47200.0,CASH,False,26.0,False
T007998,D0214,2024-09-14,2024-10-29,2024-10-29,287800.0,BANK_TRANSFER,False,0.0,False
T003788,D0101,2025-03-03,2025-04-02,,115200.0,CASH,False,,True
T008001,D0214,2025-02-25,2025-03-12,2025-03-13,299200.0,CASH,False,1.0,True
T004165,D0111,2024-09-09,2024-10-09,2024-10-11,223200.0,PDC,False,2.0,False
T003583,D0094,2024-02-26,2024-04-11,,50600.0,PDC,False,,True
T006837,D0183,2024-07-18,2024-08-02,2024-08-14,122400.0,CASH,False,12.0,False
T005841,D0154,2024-05-05,2024-06-19,2024-06-21,75600.0,PDC,False,2.0,True
T002778,D0072,2024-12-27,2025-02-10,2025-02-12,91700.0,PDC,False,2.0,False
T000118,D0004,2025-02-09,2025-02-24,,268300.0,CASH,False,,True
T002949,D0078,2023-09-12,2023-10-12,2023-10-12,80200.0,BANK_TRANSFER,False,0.0,False
T000836,D0022,2023-06-07,2023-07-07,2023-07-09,32300.0,PDC,False,2.0,True
T006654,D0178,2024-10-02,2024-11-16,2024-11-17,199200.0,CASH,False,1.0,False
T006855,D0183,2023-07-07,2023-08-21,2023-08-30,69100.0,CASH,False,9.0,False
T002302,D0058,2025-04-24,2025-05-24,,145100.0,CASH,False,,False
T003611,D0095,2023-03-15,2023-04-29,,162800.0,PDC,True,,True
T005527,D0146,2025-04-14,2025-05-29,2025-06-01,32500.0,PDC,False,3.0,True
T004299,D0115,2025-05-27,2025-06-11,2025-06-12,131900.0,PDC,False,1.0,True
T006076,D0163,2024-01-30,2024-02-29,2024-02-29,229200.0,PDC,False,0.0,True
T004238,D0113,2025-11-15,2025-12-15,2026-01-24,122500.0,PDC,False,40.0,False
T005620,D0149,2024-11-30,2024-12-15,2024-12-15,98400.0,PDC,False,0.0,False
T002743,D0071,2023-01-08,2023-02-22,,88500.0,PDC,False,,False
T006263,D0169,2023-02-27,2023-04-13,2023-04-16,56300.0,PDC,False,3.0,True
T007283,D0194,2024-09-29,2024-10-29,2024-11-01,184400.0,CASH,False,3.0,False
T006473,D0174,2024-10-18,2024-12-02,2024-12-07,129100.0,PDC,False,5.0,False
T004658,D0125,2024-11-26,2024-12-26,2025-01-20,199300.0,CASH,False,25.0,False
T006270,D0169,2025-06-25,2025-07-25,2025-07-25,230800.0,PDC,False,0.0,False
T001588,D0041,2024-01-05,2024-02-19,2024-02-21,210500.0,PDC,False,2.0,False
T001649,D0042,2025-08-04,2025-09-18,2025-09-21,147000.0,BANK_TRANSFER,False,3.0,False
T003614,D0095,2025-04-08,2025-05-08,2025-06-13,109800.0,PDC,False,36.0,False
T003895,D0105,2023-10-31,2023-12-15,2023-12-18,63800.0,PDC,False,3.0,False
T005519,D0146,2024-03-01,2024-03-16,,289300.0,PDC,False,,True
T004049,D0108,2024-02-13,2024-03-29,2024-03-29,147400.0,PDC,False,0.0,True
T006598,D0177,2024-12-21,2025-02-04,2025-02-17,37400.0,CASH,False,13.0,False
T006565,D0177,2025-12-10,2026-01-09,2026-01-10,55100.0,PDC,False,1.0,False
T004372,D0117,2024-10-25,2024-11-09,2024-11-10,71500.0,PDC,False,1.0,False
T006375,D0171,2023-07-15,2023-07-30,2023-08-01,184900.0,BANK_TRANSFER,False,2.0,False
T000719,D0019,2024-05-22,2024-07-06,2024-07-06,257300.0,PDC,False,0.0,False
T006168,D0167,2025-11-11,2025-12-11,2026-01-03,249800.0,BANK_TRANSFER,False,23.0,False
T001643,D0042,2024-07-11,2024-08-25,,249100.0,BANK_TRANSFER,False,,False
T003577,D0094,2023-09-08,2023-10-23,,180600.0,PDC,False,,False
T001872,D0047,2025-10-24,2025-11-23,2025-11-28,41100.0,PDC,False,5.0,False
T002645,D0069,2025-07-02,2025-07-17,2025-08-20,124600.0,CASH,False,34.0,False
T001573,D0041,2023-05-26,2023-06-10,2023-06-11,133800.0,BANK_TRANSFER,False,1.0,False
T004529,D0121,2025-08-16,2025-09-15,2025-09-26,294700.0,PDC,False,11.0,False
T008093,D0216,2025-07-17,2025-08-16,2025-08-16,155500.0,CASH,False,0.0,False
T007167,D0191,2025-04-23,2025-05-23,2025-05-23,293100.0,PDC,False,0.0,False
T007835,D0210,2024-05-12,2024-06-11,2024-06-15,111200.0,PDC,False,4.0,True
T004836,D0131,2025-11-15,2025-12-15,2025-12-19,82900.0,PDC,False,4.0,False
T000434,D0013,2023-08-09,2023-09-08,2023-09-11,173100.0,PDC,False,3.0,False
T002586,D0067,2023-11-09,2023-12-24,2023-12-29,206000.0,PDC,False,5.0,False
T007257,D0193,2024-12-28,2025-01-12,2025-02-01,92000.0,CASH,False,20.0,False
T007070,D0189,2025-12-30,2026-01-14,2026-01-15,102500.0,CASH,False,1.0,False
T003160,D0084,2023-12-16,2024-01-15,2024-01-17,204100.0,BANK_TRANSFER,False,2.0,False
T003084,D0083,2024-09-03,2024-10-18,,203600.0,PDC,False,,False
T006360,D0171,2024-03-07,2024-04-21,2024-04-22,270200.0,PDC,False,1.0,True
T004459,D0119,2023-06-22,2023-08-06,2023-09-07,94300.0,CASH,False,32.0,False
T001258,D0033,2023-05-28,2023-07-12,2023-07-15,36000.0,CASH,False,3.0,False
T005046,D0135,2023-01-09,2023-02-08,2023-02-11,75400.0,BANK_TRANSFER,False,3.0,False
T001901,D0047,2025-04-25,2025-05-25,2025-05-29,139400.0,PDC,False,4.0,True
T005845,D0155,2025-05-09,2025-05-24,,67600.0,PDC,True,,False
T005172,D0138,2023-04-22,2023-05-07,2023-05-08,223000.0,CASH,False,1.0,False
T007927,D0212,2024-10-28,2024-11-12,2024-12-05,106700.0,PDC,False,23.0,False
T006265,D0169,2025-09-18,2025-11-02,2025-11-02,33600.0,PDC,False,0.0,False
T005544,D0147,2024-05-13,2024-06-27,2024-06-30,215700.0,PDC,False,3.0,True
T001261,D0033,2023-12-31,2024-01-30,2024-02-02,111900.0,PDC,False,3.0,False
T002209,D0056,2024-05-15,2024-06-14,2024-06-15,136200.0,PDC,False,1.0,True
T001145,D0031,2023-12-08,2023-12-23,,53700.0,PDC,True,,False
T003356,D0089,2025-05-18,2025-07-02,,263200.0,PDC,False,,False
T002751,D0071,2025-01-07,2025-01-22,,158900.0,BANK_TRANSFER,False,,False
T007056,D0189,2023-11-19,2023-12-04,2023-12-06,61900.0,PDC,False,2.0,False
T004630,D0125,2024-04-03,2024-05-03,,70500.0,PDC,True,,False
T006786,D0182,2024-01-14,2024-02-13,2024-02-15,73300.0,BANK_TRANSFER,False,2.0,False
T006933,D0186,2024-05-15,2024-05-30,2024-06-02,283000.0,PDC,False,3.0,False
T001108,D0030,2024-11-12,2024-12-27,,84800.0,PDC,True,,False
T003746,D0100,2023-03-02,2023-03-17,2023-03-26,46600.0,PDC,False,9.0,True
T004387,D0118,2023-02-18,2023-03-20,2023-03-25,269100.0,PDC,False,5.0,True
T007130,D0191,2023-06-20,2023-08-04,2023-08-06,185400.0,PDC,False,2.0,False
T004748,D0127,2024-07-12,2024-07-27,2024-07-27,250600.0,PDC,False,0.0,False
T006651,D0178,2023-08-06,2023-08-21,2023-08-21,133300.0,PDC,False,0.0,False
T005434,D0144,2025-07-05,2025-08-19,2025-08-20,236600.0,PDC,False,1.0,False
T006905,D0185,2023-06-10,2023-07-10,2023-07-14,73600.0,CASH,False,4.0,True
T007992,D0213,2023-03-16,2023-03-31,2023-04-01,137600.0,CASH,False,1.0,True
T000899,D0023,2025-06-06,2025-07-21,2025-07-24,42700.0,PDC,False,3.0,False
T006325,D0170,2025-03-29,2025-04-28,2025-05-14,155600.0,PDC,False,16.0,False
T005251,D0140,2025-12-24,2026-01-23,2026-01-23,208600.0,PDC,False,0.0,False
T006977,D0188,2023-10-03,2023-11-02,2023-11-06,134700.0,PDC,False,4.0,False
T005285,D0140,2025-03-24,2025-04-23,2025-04-24,135000.0,PDC,False,1.0,False
T005831,D0154,2025-07-20,2025-08-04,2025-08-07,139900.0,CASH,False,3.0,False
T006897,D0184,2023-10-02,2023-11-16,2023-12-14,92500.0,PDC,False,28.0,False
T002968,D0079,2023-07-02,2023-07-17,2023-07-17,233000.0,CASH,False,0.0,False
T001408,D0037,2023-08-28,2023-10-12,2023-11-01,95900.0,BANK_TRANSFER,False,20.0,False
T005311,D0141,2023-11-10,2023-11-25,2023-11-29,111900.0,CASH,False,4.0,False
T000178,D0006,2023-02-13,2023-02-28,2023-03-01,37500.0,CASH,False,1.0,False
T003857,D0103,2024-01-05,2024-02-19,2024-03-31,194900.0,CASH,False,41.0,False
T003382,D0089,2025-07-18,2025-08-02,2025-08-02,190600.0,BANK_TRANSFER,False,0.0,False
T000188,D0006,2023-12-23,2024-01-22,,62300.0,PDC,False,,False
T001133,D0030,2025-02-07,2025-03-09,,149500.0,PDC,True,,True
T007352,D0196,2025-05-31,2025-06-15,2025-06-18,243100.0,PDC,False,3.0,True
T000378,D0011,2023-02-23,2023-04-09,2023-04-24,26200.0,PDC,False,15.0,True
T006860,D0183,2025-06-09,2025-06-24,2025-07-10,105100.0,CASH,False,16.0,False
T006328,D0170,2025-05-02,2025-05-17,2025-05-19,209700.0,PDC,False,2.0,False
T007135,D0191,2023-06-02,2023-06-17,2023-06-17,289500.0,PDC,False,0.0,True
T005205,D0139,2024-05-14,2024-06-28,2024-07-10,90800.0,CASH,False,12.0,True
T002484,D0064,2024-05-08,2024-06-07,2024-06-22,229200.0,CASH,False,15.0,True
T004280,D0114,2025-01-28,2025-02-12,2025-02-25,133200.0,CASH,False,13.0,False
T001004,D0027,2025-06-27,2025-07-27,,184600.0,PDC,False,,False
T005535,D0146,2025-01-07,2025-01-22,2025-01-23,175500.0,BANK_TRANSFER,False,1.0,False
T001850,D0046,2024-09-15,2024-10-15,2024-11-01,242900.0,CASH,False,17.0,False
T000701,D0019,2024-08-23,2024-09-22,2024-09-22,201600.0,CASH,False,0.0,False
T005994,D0160,2025-01-30,2025-03-16,2025-03-22,203200.0,PDC,False,6.0,True
T001437,D0038,2025-11-27,2025-12-27,2025-12-27,57400.0,PDC,False,0.0,False
T007808,D0209,2023-01-21,2023-03-07,2023-03-07,169500.0,CASH,False,0.0,False
T000053,D0003,2024-09-08,2024-10-23,2024-11-15,160300.0,PDC,False,23.0,False
T005962,D0160,2025-01-23,2025-02-07,2025-02-07,130600.0,PDC,False,0.0,False
T000597,D0017,2023-01-14,2023-02-13,2023-02-16,39700.0,PDC,False,3.0,False
T002389,D0061,2024-11-25,2024-12-25,2024-12-25,34600.0,PDC,False,0.0,False
T006770,D0182,2025-03-20,2025-05-04,2025-05-04,91900.0,PDC,False,0.0,False
T000758,D0020,2025-06-27,2025-07-27,2025-08-19,184900.0,PDC,False,23.0,False
T005604,D0149,2023-06-16,2023-07-01,2023-07-05,186700.0,CASH,False,4.0,True
T005336,D0141,2025-10-01,2025-10-16,2025-10-17,64700.0,PDC,False,1.0,False
T007633,D0203,2023-04-04,2023-05-19,,82500.0,PDC,False,,False
T003034,D0081,2024-10-16,2024-11-15,2024-11-15,95500.0,CASH,False,0.0,False
T005791,D0154,2024-03-20,2024-04-19,2024-04-24,85500.0,PDC,False,5.0,True
T007396,D0198,2023-03-13,2023-03-28,,193200.0,PDC,True,,True
T000950,D0026,2023-08-13,2023-09-12,2023-09-14,156900.0,CASH,False,2.0,False
T001858,D0047,2025-02-22,2025-03-24,,214400.0,PDC,True,,True
T003032,D0081,2024-09-28,2024-10-13,2024-10-13,264900.0,PDC,False,0.0,False
T003237,D0087,2025-06-01,2025-06-16,2025-06-18,175700.0,PDC,False,2.0,True
T007351,D0196,2024-11-14,2024-12-29,2025-01-01,67000.0,PDC,False,3.0,False
T000744,D0020,2023-12-03,2023-12-18,2023-12-26,54500.0,PDC,False,8.0,False
T007306,D0195,2024-12-14,2025-01-28,,158700.0,PDC,True,,False
T003362,D0089,2025-03-15,2025-03-30,2025-04-01,189700.0,PDC,False,2.0,True
T008014,D0215,2024-06-21,2024-08-05,2024-08-22,92500.0,BANK_TRANSFER,False,17.0,False
T007942,D0213,2024-01-04,2024-02-18,2024-02-19,24800.0,BANK_TRANSFER,False,1.0,False
T002610,D0067,2025-05-26,2025-06-10,2025-06-14,60100.0,PDC,False,4.0,True
T005636,D0149,2025-12-19,2026-02-02,2026-02-05,157100.0,PDC,False,3.0,False
T004873,D0131,2023-06-30,2023-07-30,2023-08-01,176700.0,PDC,False,2.0,False
T004644,D0125,2023-04-19,2023-06-03,2023-07-04,231300.0,CASH,False,31.0,False
T002588,D0067,2023-09-22,2023-10-07,2023-10-07,158800.0,PDC,False,0.0,False
T000452,D0013,2024-09-05,2024-10-05,2024-10-06,289400.0,CASH,False,1.0,False
T000403,D0011,2024-04-06,2024-05-06,2024-05-18,56300.0,BANK_TRANSFER,False,12.0,False
T007988,D0213,2025-07-19,2025-09-02,2025-09-05,170100.0,CASH,False,3.0,False
T006880,D0184,2023-12-12,2023-12-27,2024-02-10,49400.0,PDC,False,45.0,False
T008068,D0216,2025-06-13,2025-07-28,2025-07-29,176600.0,CASH,False,1.0,False
T005255,D0140,2025-07-20,2025-08-04,2025-08-05,261200.0,PDC,False,1.0,False
T007432,D0198,2023-01-25,2023-02-09,2023-02-23,269300.0,PDC,False,14.0,False
T002573,D0067,2023-08-24,2023-09-08,2023-09-08,169400.0,PDC,False,0.0,False
T000184,D0006,2023-10-24,2023-11-08,2023-11-08,224600.0,PDC,False,0.0,False
T006278,D0169,2023-07-04,2023-08-03,2023-08-06,26200.0,PDC,False,3.0,False
T001791,D0045,2025-09-15,2025-10-30,2025-10-30,289600.0,PDC,False,0.0,False
T003807,D0101,2025-10-28,2025-11-12,2025-11-15,213300.0,PDC,False,3.0,False
T005187,D0138,2023-12-22,2024-01-06,2024-01-06,140200.0,PDC,False,0.0,False
T005803,D0154,2024-07-04,2024-08-18,2024-08-21,288100.0,PDC,False,3.0,False
T004045,D0108,2023-10-05,2023-10-20,2023-10-20,68600.0,PDC,False,0.0,False
T004732,D0127,2025-08-01,2025-08-16,,288700.0,PDC,False,,False
T006980,D0188,2024-02-09,2024-03-10,2024-03-12,118600.0,PDC,False,2.0,True
T006238,D0169,2025-06-28,2025-07-13,,287200.0,PDC,False,,False
T000706,D0019,2024-07-27,2024-08-26,,215900.0,CASH,False,,False
T005537,D0146,2025-08-08,2025-09-07,,97900.0,PDC,True,,False
T002224,D0057,2023-10-26,2023-12-10,2023-12-18,29400.0,BANK_TRANSFER,False,8.0,False
T004907,D0132,2024-12-02,2024-12-17,2024-12-17,190300.0,PDC,False,0.0,False
T007063,D0189,2024-08-30,2024-10-14,2024-10-16,289500.0,CASH,False,2.0,False
T007429,D0198,2023-04-16,2023-05-01,2023-05-13,191800.0,PDC,False,12.0,True
T000054,D0003,2024-10-20,2024-11-04,2024-11-18,208800.0,PDC,False,14.0,False
T003638,D0096,2024-11-14,2024-12-29,,103700.0,CASH,False,,False
T004464,D0120,2024-07-01,2024-08-15,2024-08-16,73400.0,PDC,False,1.0,False
T007556,D0201,2023-05-05,2023-06-04,2023-06-04,145700.0,CASH,False,0.0,False
T007727,D0207,2025-07-07,2025-08-06,2025-09-16,54500.0,PDC,False,41.0,False
T006688,D0180,2024-04-17,2024-05-17,2024-05-17,257200.0,PDC,False,0.0,False
T006348,D0170,2024-07-16,2024-08-15,2024-08-20,162100.0,CASH,False,5.0,False
T007781,D0208,2025-07-28,2025-08-12,,226600.0,PDC,True,,False
T007366,D0197,2024-06-09,2024-06-24,2024-06-29,210600.0,CASH,False,5.0,True
T007824,D0210,2024-08-06,2024-09-20,2024-09-22,74500.0,CASH,False,2.0,False
T000522,D0015,2023-08-18,2023-09-02,2023-09-02,128400.0,CASH,False,0.0,False
T004422,D0118,2025-06-01,2025-07-01,2025-07-08,213600.0,PDC,False,7.0,False
T007357,D0196,2024-12-11,2024-12-26,2024-12-26,299900.0,PDC,False,0.0,False
T006656,D0179,2023-07-12,2023-08-11,2023-08-11,253700.0,PDC,False,0.0,False
T000763,D0020,2024-08-16,2024-09-15,2024-09-29,284500.0,BANK_TRANSFER,False,14.0,False
T002141,D0054,2025-08-13,2025-08-28,2025-08-28,264000.0,PDC,False,0.0,False
T006993,D0188,2024-08-29,2024-09-28,2024-10-01,70200.0,PDC,False,3.0,False
T002100,D0053,2024-11-07,2024-12-22,2025-01-05,65800.0,PDC,False,14.0,False
T001087,D0029,2024-01-05,2024-01-20,,107500.0,PDC,False,,False
T007902,D0211,2025-11-16,2025-12-01,2025-12-04,75200.0,CASH,False,3.0,False
T004679,D0126,2023-10-17,2023-11-01,2023-11-04,214300.0,BANK_TRANSFER,False,3.0,False
T004470,D0120,2024-08-24,2024-09-23,2024-09-23,208300.0,BANK_TRANSFER,False,0.0,False
T003679,D0097,2025-06-24,2025-08-08,2025-08-08,105500.0,PDC,False,0.0,False
T006036,D0162,2023-08-19,2023-09-03,2023-09-04,112900.0,PDC,False,1.0,False
T004995,D0134,2024-09-26,2024-10-11,2024-10-12,84100.0,PDC,False,1.0,False
T001230,D0033,2023-09-24,2023-10-09,2023-10-10,81400.0,PDC,False,1.0,False
T005346,D0142,2025-04-01,2025-05-01,2025-05-01,47100.0,CASH,False,0.0,False
T007957,D0213,2024-08-23,2024-10-07,2024-10-07,65100.0,PDC,False,0.0,False
T004976,D0134,2024-04-15,2024-05-30,2024-05-30,167400.0,PDC,False,0.0,False
T004943,D0133,2023-10-30,2023-11-29,2023-12-02,255800.0,CASH,False,3.0,False
T005324,D0141,2024-10-31,2024-12-15,2024-12-16,173100.0,PDC,False,1.0,False
T001142,D0031,2025-03-30,2025-04-29,,116600.0,PDC,True,,False
T007569,D0202,2024-06-13,2024-07-13,2024-07-13,39100.0,PDC,False,0.0,False
T000492,D0014,2023-12-27,2024-01-11,2024-01-14,134600.0,BANK_TRANSFER,False,3.0,False
T003688,D0097,2025-03-15,2025-03-30,2025-04-03,206800.0,PDC,False,4.0,True
T005398,D0143,2023-01-30,2023-03-16,2023-03-18,241200.0,PDC,False,2.0,True
T002687,D0070,2024-04-11,2024-05-26,2024-06-30,212700.0,CASH,False,35.0,False
T004949,D0133,2023-09-11,2023-09-26,,246400.0,BANK_TRANSFER,False,,False
T007905,D0212,2023-01-28,2023-03-14,2023-05-20,147600.0,CASH,False,67.0,True
T000341,D0010,2025-02-08,2025-03-10,2025-03-29,179400.0,CASH,False,19.0,True
T001220,D0033,2025-02-20,2025-03-22,2025-03-25,252200.0,PDC,False,3.0,True
T007312,D0195,2025-07-14,2025-07-29,,284600.0,PDC,True,,False
T001339,D0035,2025-09-07,2025-10-07,,282900.0,PDC,True,,False
T001196,D0032,2024-05-23,2024-06-22,2024-06-22,250900.0,PDC,False,0.0,True
T002769,D0072,2023-12-07,2024-01-06,2024-01-06,279500.0,PDC,False,0.0,False
T002205,D0056,2025-10-03,2025-11-02,2025-11-05,258000.0,CASH,False,3.0,False
T006561,D0176,2023-06-20,2023-07-05,2023-07-09,111400.0,PDC,False,4.0,True
T002444,D0062,2024-05-24,2024-07-08,2024-07-11,42000.0,PDC,False,3.0,False
T007611,D0203,2025-10-26,2025-11-10,2025-11-22,133300.0,CASH,False,12.0,False
T003815,D0102,2023-03-11,2023-04-10,2023-04-12,189500.0,PDC,False,2.0,True
T007615,D0203,2023-02-07,2023-03-09,2023-03-23,224300.0,CASH,False,14.0,False
T000447,D0013,2025-08-28,2025-10-12,2025-10-14,285300.0,PDC,False,2.0,False
T006747,D0181,2023-01-17,2023-03-03,2023-03-21,236400.0,PDC,False,18.0,False
T002521,D0065,2024-09-17,2024-10-02,2024-10-03,184000.0,PDC,False,1.0,False
T005511,D0146,2024-11-12,2024-11-27,2024-11-28,232800.0,PDC,False,1.0,False
T007416,D0198,2023-11-23,2023-12-23,2023-12-31,82700.0,PDC,False,8.0,False
T000896,D0023,2023-09-21,2023-10-06,2023-10-09,250800.0,BANK_TRANSFER,False,3.0,False
T006149,D0166,2023-06-11,2023-07-11,2023-07-21,133000.0,PDC,False,10.0,False
T007279,D0194,2024-11-02,2024-12-17,2024-12-18,65600.0,BANK_TRANSFER,False,1.0,False
T004528,D0121,2025-12-04,2026-01-03,2026-01-20,254700.0,BANK_TRANSFER,False,17.0,False
T006727,D0181,2024-11-24,2024-12-09,2024-12-25,141200.0,BANK_TRANSFER,False,16.0,False
T001741,D0044,2024-07-08,2024-07-23,2024-07-26,91900.0,BANK_TRANSFER,False,3.0,False
T007371,D0197,2024-09-05,2024-10-05,2024-10-06,255900.0,CASH,False,1.0,False
T008131,D0217,2024-04-09,2024-04-24,2024-04-28,177900.0,BANK_TRANSFER,False,4.0,True
T006816,D0182,2024-06-06,2024-07-21,2024-07-23,70800.0,CASH,False,2.0,False
T007691,D0206,2025-05-01,2025-05-31,,115700.0,PDC,False,,True
T000966,D0026,2023-06-05,2023-07-05,2023-07-05,187600.0,PDC,False,0.0,True
T007027,D0189,2023-12-26,2024-01-10,2024-01-11,272600.0,BANK_TRANSFER,False,1.0,False
T005681,D0150,2024-01-07,2024-01-22,2024-01-24,89000.0,PDC,False,2.0,False
T005430,D0144,2023-11-22,2024-01-06,2024-01-10,286000.0,BANK_TRANSFER,False,4.0,False
T001242,D0033,2025-12-22,2026-01-21,2026-01-21,164400.0,BANK_TRANSFER,False,0.0,False
T004850,D0131,2023-10-12,2023-10-27,2023-10-28,137000.0,BANK_TRANSFER,False,1.0,False
T002630,D0068,2025-05-05,2025-06-04,2025-06-05,22300.0,PDC,False,1.0,True
T004247,D0113,2024-07-27,2024-09-10,,77600.0,PDC,True,,False
T005129,D0137,2023-07-11,2023-07-26,2023-08-21,123100.0,CASH,False,26.0,False
T006904,D0185,2024-02-27,2024-03-28,,240900.0,PDC,False,,True
T006970,D0188,2024-10-14,2024-10-29,2024-11-01,274100.0,PDC,False,3.0,False
T006091,D0163,2025-10-13,2025-10-28,2025-10-29,53700.0,CASH,False,1.0,False
T004443,D0119,2025-02-07,2025-02-22,,113000.0,PDC,True,,True
T006508,D0175,2023-08-19,2023-09-03,2023-09-04,235100.0,PDC,False,1.0,False
T005783,D0153,2024-06-30,2024-07-30,2024-07-30,146000.0,PDC,False,0.0,False
T007113,D0190,2023-10-24,2023-12-08,2023-12-24,40000.0,PDC,False,16.0,False
T006649,D0178,2025-09-28,2025-11-12,2025-11-12,166200.0,PDC,False,0.0,False
T001344,D0035,2024-10-02,2024-10-17,2024-11-07,37400.0,PDC,False,21.0,False
T002001,D0050,2024-03-19,2024-05-03,2024-05-04,22600.0,CASH,False,1.0,False
T007143,D0191,2025-09-14,2025-10-14,2025-10-16,296200.0,PDC,False,2.0,False
T005950,D0159,2024-07-18,2024-08-02,2024-08-02,239000.0,PDC,False,0.0,False
T001539,D0040,2024-11-16,2024-12-31,2024-12-31,137300.0,PDC,False,0.0,False
T004523,D0121,2025-12-23,2026-01-07,2026-01-11,86300.0,PDC,False,4.0,False
T003139,D0084,2025-06-17,2025-07-17,2025-07-18,263000.0,CASH,False,1.0,False
T003482,D0091,2025-05-28,2025-06-12,2025-06-13,234200.0,BANK_TRANSFER,False,1.0,True
T003581,D0094,2024-08-29,2024-10-13,2024-10-17,148400.0,PDC,False,4.0,False
T004000,D0107,2025-11-28,2026-01-12,,265600.0,BANK_TRANSFER,False,,False
T003264,D0087,2024-08-05,2024-09-04,2024-09-06,110100.0,PDC,False,2.0,False
T001264,D0033,2024-10-09,2024-10-24,2024-10-24,247700.0,PDC,False,0.0,False
T002334,D0059,2025-12-27,2026-01-11,2026-01-12,214200.0,PDC,False,1.0,False
T001735,D0044,2025-10-19,2025-11-03,2025-11-05,136000.0,PDC,False,2.0,False
T006163,D0167,2024-04-04,2024-05-19,2024-06-30,206800.0,BANK_TRANSFER,False,42.0,False
T007538,D0201,2023-10-10,2023-11-24,2023-11-25,197500.0,PDC,False,1.0,False
T002615,D0068,2025-03-20,2025-05-04,2025-05-04,162600.0,PDC,False,0.0,False
T002268,D0058,2024-10-01,2024-11-15,2024-12-09,220300.0,PDC,False,24.0,False
T001907,D0047,2025-12-26,2026-01-10,2026-01-10,75200.0,PDC,False,0.0,False
T000508,D0014,2024-11-06,2024-12-06,2024-12-09,238600.0,PDC,False,3.0,False
T007618,D0203,2024-07-25,2024-08-09,2024-08-21,249600.0,CASH,False,12.0,False
T007697,D0207,2024-05-20,2024-07-04,,224600.0,PDC,True,,False
T002709,D0070,2025-06-17,2025-07-02,2025-07-13,139000.0,CASH,False,11.0,False
T008161,D0218,2024-11-18,2024-12-03,2024-12-05,247700.0,PDC,False,2.0,False
T006241,D0169,2024-05-12,2024-06-26,2024-06-29,84700.0,PDC,False,3.0,True
T001618,D0041,2023-03-26,2023-04-25,,221600.0,PDC,False,,True
T005706,D0150,2025-10-05,2025-10-20,2025-10-20,147400.0,PDC,False,0.0,False
T007291,D0194,2025-01-05,2025-02-19,2025-02-19,145000.0,CASH,False,0.0,True
T001269,D0033,2024-09-09,2024-10-24,2024-10-26,108500.0,PDC,False,2.0,False
T007831,D0210,2024-07-05,2024-08-04,2024-08-04,96500.0,PDC,False,0.0,False
T004899,D0132,2025-02-08,2025-02-23,2025-02-27,164800.0,PDC,False,4.0,True
T005260,D0140,2024-07-25,2024-08-24,2024-08-28,239400.0,CASH,False,4.0,False
T004445,D0119,2025-06-17,2025-07-17,,256000.0,PDC,True,,False
T006142,D0166,2025-05-22,2025-07-06,,236400.0,PDC,True,,False
T006597,D0177,2024-04-17,2024-05-02,2024-05-27,294000.0,BANK_TRANSFER,False,25.0,False
T005779,D0153,2025-05-22,2025-06-06,2025-06-10,157600.0,CASH,False,4.0,True
T006901,D0185,2025-08-12,2025-09-26,2025-09-26,215400.0,PDC,False,0.0,False
T002831,D0074,2023-07-24,2023-08-08,2023-08-11,278300.0,PDC,False,3.0,False
T004920,D0132,2023-12-10,2024-01-09,2024-01-12,23500.0,PDC,False,3.0,False
T004897,D0132,2024-08-22,2024-09-21,2024-09-24,73000.0,PDC,False,3.0,False
T003793,D0101,2023-07-08,2023-08-22,2023-08-24,270800.0,PDC,False,2.0,False
T003384,D0090,2024-12-22,2025-02-05,2025-02-08,154700.0,PDC,False,3.0,False
T008011,D0214,2025-04-09,2025-04-24,,22100.0,CASH,False,,False
T005708,D0150,2025-09-11,2025-10-26,,158600.0,PDC,True,,False
T003330,D0088,2024-04-04,2024-04-19,2024-05-03,268800.0,CASH,False,14.0,True
T005264,D0140,2024-04-10,2024-05-10,2024-05-10,234200.0,PDC,False,0.0,False
T004535,D0121,2023-11-23,2024-01-07,2024-01-15,267300.0,PDC,False,8.0,False
T001079,D0029,2024-08-25,2024-09-24,2024-09-27,178100.0,BANK_TRANSFER,False,3.0,False
T004992,D0134,2024-09-13,2024-10-13,2024-10-13,101200.0,PDC,False,0.0,False
T005301,D0141,2024-11-08,2024-12-23,2024-12-25,282600.0,CASH,False,2.0,False
T000025,D0001,2023-07-25,2023-08-09,2023-08-09,58200.0,PDC,False,0.0,False
T007479,D0200,2025-05-26,2025-07-10,2025-07-12,232900.0,CASH,False,2.0,False
T002611,D0068,2025-11-07,2025-12-22,,146600.0,PDC,True,,False
T004189,D0111,2025-11-25,2025-12-10,2025-12-10,282600.0,PDC,False,0.0,False
T003113,D0083,2024-07-05,2024-08-19,,136800.0,CASH,False,,False
T004624,D0125,2025-01-01,2025-01-16,2025-02-01,192700.0,BANK_TRANSFER,False,16.0,False
T006469,D0174,2024-09-23,2024-10-23,2024-10-27,220100.0,PDC,False,4.0,False
T001335,D0035,2025-10-13,2025-11-27,2025-12-23,56700.0,PDC,False,26.0,False
T006822,D0182,2023-12-02,2023-12-17,2023-12-24,201800.0,PDC,False,7.0,False
T000552,D0016,2023-04-27,2023-05-12,2023-05-18,155300.0,CASH,False,6.0,False
T008110,D0216,2025-05-19,2025-07-03,2025-07-05,236600.0,CASH,False,2.0,False
T007061,D0189,2025-08-06,2025-09-20,2025-09-21,250800.0,CASH,False,1.0,False
T003124,D0083,2025-02-11,2025-02-26,2025-04-04,128600.0,PDC,False,37.0,True
T000146,D0005,2023-09-27,2023-10-12,,69900.0,BANK_TRANSFER,False,,False
T001123,D0030,2024-10-31,2024-11-30,2024-11-30,217600.0,CASH,False,0.0,False
T001194,D0032,2024-10-21,2024-12-05,2024-12-08,177300.0,BANK_TRANSFER,False,3.0,False
T008016,D0215,2025-04-02,2025-05-17,2025-06-12,56900.0,CASH,False,26.0,False
T008133,D0217,2023-02-04,2023-02-19,2023-02-19,73100.0,PDC,False,0.0,False
T000579,D0016,2024-03-11,2024-04-10,2024-04-20,189900.0,BANK_TRANSFER,False,10.0,True
T002601,D0067,2025-06-08,2025-07-23,2025-07-26,111700.0,PDC,False,3.0,False
T001236,D0033,2024-10-12,2024-11-26,2024-11-26,206700.0,PDC,False,0.0,False
T007752,D0208,2023-06-07,2023-07-22,2023-08-27,131200.0,CASH,False,36.0,False
T007329,D0195,2024-10-03,2024-11-17,2024-11-23,217500.0,PDC,False,6.0,False
T000512,D0015,2025-10-26,2025-12-10,,292300.0,CASH,False,,False
T007845,D0210,2025-05-17,2025-06-16,,260800.0,PDC,False,,True
T004914,D0132,2025-10-08,2025-11-07,2025-11-09,81200.0,CASH,False,2.0,False
T006248,D0169,2023-05-20,2023-06-19,2023-06-19,62100.0,PDC,False,0.0,True
T002342,D0059,2024-11-15,2024-11-30,2024-12-04,245700.0,CASH,False,4.0,False
T003632,D0096,2023-12-09,2023-12-24,2023-12-29,249900.0,CASH,False,5.0,False
T005584,D0148,2025-09-08,2025-09-23,2025-09-26,81100.0,PDC,False,3.0,False
T001648,D0042,2025-04-24,2025-05-24,2025-05-25,225700.0,PDC,False,1.0,False
T000150,D0005,2024-07-12,2024-07-27,2024-08-01,34800.0,PDC,False,5.0,False
T005469,D0144,2025-06-09,2025-07-24,2025-07-25,99600.0,BANK_TRANSFER,False,1.0,False
T002194,D0055,2024-02-25,2024-04-10,2024-04-17,51500.0,BANK_TRANSFER,False,7.0,True
T004197,D0111,2023-08-26,2023-10-10,2023-10-10,89600.0,CASH,False,0.0,False
T000489,D0014,2023-05-02,2023-05-17,2023-05-17,77300.0,CASH,False,0.0,False
T004638,D0125,2025-10-02,2025-11-01,2025-11-14,236400.0,CASH,False,13.0,False
T000080,D0003,2024-06-04,2024-07-04,2024-07-07,241300.0,PDC,False,3.0,False
T003818,D0102,2025-02-25,2025-03-27,2025-03-31,40400.0,PDC,False,4.0,True
T003449,D0091,2024-01-20,2024-02-19,2024-02-22,123900.0,CASH,False,3.0,False
T002169,D0054,2025-01-04,2025-01-19,2025-01-21,225900.0,PDC,False,2.0,False
T007245,D0193,2025-02-18,2025-03-05,2025-04-27,186200.0,CASH,False,53.0,True
T004734,D0127,2024-01-15,2024-02-14,2024-02-21,284000.0,PDC,False,7.0,False
T001812,D0046,2023-05-26,2023-06-25,2023-07-14,190200.0,CASH,False,19.0,True
T001870,D0047,2024-01-16,2024-02-15,2024-02-15,45000.0,CASH,False,0.0,False
T006862,D0183,2025-10-13,2025-10-28,2025-11-08,160400.0,PDC,False,11.0,False
T006546,D0176,2024-03-24,2024-05-08,2024-06-18,115100.0,BANK_TRANSFER,False,41.0,False
T002036,D0051,2024-04-15,2024-04-30,2024-05-07,232100.0,PDC,False,7.0,False
T000894,D0023,2023-06-03,2023-06-18,,135200.0,BANK_TRANSFER,False,,True
T005692,D0150,2023-10-08,2023-11-22,,54900.0,PDC,False,,False
T004106,D0109,2025-06-24,2025-08-08,2025-08-19,294600.0,BANK_TRANSFER,False,11.0,False
T002210,D0056,2024-11-08,2024-11-23,2024-11-23,292800.0,PDC,False,0.0,False
T003476,D0091,2023-11-11,2023-12-11,2023-12-14,26900.0,CASH,False,3.0,False
T000282,D0009,2025-03-02,2025-04-01,2025-04-04,99800.0,PDC,False,3.0,True
T007757,D0208,2025-07-21,2025-09-04,2025-09-25,156600.0,PDC,False,21.0,False
T008021,D0215,2023-12-30,2024-02-13,2024-03-21,146400.0,CASH,False,37.0,False
T000900,D0023,2023-03-02,2023-04-01,2023-04-07,262500.0,CASH,False,6.0,True
T001697,D0043,2024-03-31,2024-05-15,2024-05-26,149900.0,CASH,False,11.0,False
T008020,D0215,2023-01-31,2023-03-02,,148800.0,PDC,True,,False
T002675,D0070,2024-01-31,2024-03-01,,27400.0,PDC,False,,True
T002243,D0057,2025-10-02,2025-11-01,,269700.0,PDC,True,,False
T006367,D0171,2025-11-16,2025-12-01,2025-12-01,269100.0,CASH,False,0.0,False
T005482,D0145,2025-10-16,2025-10-31,2025-11-12,251600.0,BANK_TRANSFER,False,12.0,False
T002159,D0054,2024-05-27,2024-06-26,2024-06-29,82900.0,PDC,False,3.0,True
T000134,D0005,2024-09-10,2024-09-25,2024-09-25,266300.0,BANK_TRANSFER,False,0.0,False
T007040,D0189,2024-11-08,2024-11-23,2024-11-27,50700.0,PDC,False,4.0,False
T005671,D0150,2025-09-20,2025-10-20,2025-10-20,154600.0,PDC,False,0.0,False
T003020,D0080,2025-09-02,2025-10-17,,123600.0,PDC,True,,False
T002807,D0072,2025-08-21,2025-10-05,2025-10-09,131200.0,PDC,False,4.0,False
T003842,D0103,2024-09-15,2024-09-30,2024-10-17,22600.0,PDC,False,17.0,False
T007331,D0196,2023-01-25,2023-03-11,2023-03-14,117000.0,PDC,False,3.0,True
T007465,D0199,2025-07-02,2025-08-01,2025-08-09,276500.0,BANK_TRANSFER,False,8.0,False
T007466,D0199,2025-02-08,2025-03-25,,258700.0,PDC,False,,True
T002288,D0058,2023-06-07,2023-07-22,,229100.0,CASH,False,,False
T007174,D0191,2025-11-08,2025-11-23,2025-11-25,102400.0,CASH,False,2.0,False
T002312,D0058,2023-02-10,2023-02-25,2023-03-06,291300.0,BANK_TRANSFER,False,9.0,False
T000014,D0001,2023-07-10,2023-08-09,2023-08-09,135100.0,PDC,False,0.0,False
T004851,D0131,2023-06-16,2023-07-01,2023-07-01,262000.0,PDC,False,0.0,True
T006518,D0175,2023-07-05,2023-07-20,2023-07-21,161000.0,BANK_TRANSFER,False,1.0,False
T002984,D0079,2024-04-25,2024-05-25,,51700.0,PDC,False,,False
T002986,D0079,2023-01-15,2023-03-01,2023-03-01,186900.0,PDC,False,0.0,False
T001429,D0038,2023-03-28,2023-04-27,2023-06-11,92300.0,PDC,False,45.0,True
T000705,D0019,2025-01-31,2025-02-15,,254500.0,CASH,False,,True
T007736,D0207,2025-04-12,2025-05-27,2025-08-06,62900.0,CASH,False,71.0,True
T007958,D0213,2024-04-06,2024-05-06,2024-05-06,29000.0,CASH,False,0.0,False
T003875,D0103,2024-01-22,2024-03-07,2024-04-02,118000.0,CASH,False,26.0,True
T008047,D0215,2025-12-16,2026-01-30,2026-02-14,114300.0,BANK_TRANSFER,False,15.0,False
T002131,D0054,2024-04-08,2024-04-23,2024-04-23,264000.0,CASH,False,0.0,True
T002821,D0073,2023-03-07,2023-03-22,2023-05-06,202300.0,PDC,False,45.0,True
T004016,D0107,2024-10-17,2024-12-01,,230000.0,BANK_TRANSFER,False,,False
T000027,D0001,2025-12-29,2026-01-13,2026-01-15,297600.0,PDC,False,2.0,False
T001391,D0036,2023-04-28,2023-05-13,,144200.0,CASH,False,,False
T006371,D0171,2025-09-21,2025-10-06,2025-10-09,244300.0,PDC,False,3.0,False
T008017,D0215,2023-03-02,2023-04-01,,294200.0,PDC,True,,True
T007829,D0210,2023-02-24,2023-03-26,2023-03-29,187500.0,PDC,False,3.0,True
T005367,D0143,2023-10-15,2023-10-30,2023-11-01,256700.0,PDC,False,2.0,False
T007213,D0192,2024-08-28,2024-09-27,2024-10-02,71100.0,BANK_TRANSFER,False,5.0,False
T005207,D0139,2025-03-07,2025-04-21,2025-05-06,190400.0,PDC,False,15.0,False
T003171,D0085,2023-06-23,2023-08-07,2023-08-07,75900.0,PDC,False,0.0,False
T002352,D0060,2023-11-20,2023-12-05,,120300.0,PDC,False,,False
T003318,D0088,2024-05-18,2024-06-17,2024-06-30,155000.0,PDC,False,13.0,True
T001356,D0036,2023-11-03,2023-12-18,2023-12-19,189700.0,PDC,False,1.0,False
T005339,D0141,2023-05-14,2023-06-13,2023-06-15,195700.0,CASH,False,2.0,False
T005412,D0143,2024-07-23,2024-08-07,2024-08-09,136700.0,PDC,False,2.0,False
T004641,D0125,2024-09-15,2024-10-15,,203000.0,PDC,True,,False
T002014,D0051,2024-08-06,2024-08-21,2024-08-26,275200.0,PDC,False,5.0,False
T005372,D0143,2023-01-06,2023-01-21,2023-01-24,64200.0,PDC,False,3.0,False
T004048,D0108,2023-01-12,2023-02-11,2023-02-12,180100.0,CASH,False,1.0,False
T005141,D0138,2024-10-31,2024-11-30,2024-12-01,94100.0,BANK_TRANSFER,False,1.0,False
T005608,D0149,2024-12-24,2025-01-23,2025-01-23,21000.0,PDC,False,0.0,False
T007116,D0190,2023-10-09,2023-11-08,2023-11-19,270700.0,PDC,False,11.0,False
T006603,D0177,2025-03-04,2025-04-03,,283800.0,PDC,False,,True
T006106,D0164,2023-09-17,2023-10-17,2023-10-19,279300.0,PDC,False,2.0,False
T003709,D0098,2023-02-14,2023-03-01,2023-03-09,196300.0,PDC,False,8.0,False
T000267,D0008,2025-08-08,2025-09-07,2025-09-07,164900.0,PDC,False,0.0,False
T005039,D0135,2025-01-04,2025-02-18,2025-02-22,86400.0,PDC,False,4.0,True
T003562,D0094,2025-03-16,2025-04-15,2025-04-20,251400.0,CASH,False,5.0,True
T002029,D0051,2025-01-04,2025-02-03,2025-02-09,48300.0,PDC,False,6.0,False
T006062,D0162,2025-10-20,2025-11-04,2025-11-04,242200.0,CASH,False,0.0,False
T001992,D0050,2025-05-10,2025-05-25,2025-05-31,161000.0,PDC,False,6.0,True
T007700,D0207,2024-11-05,2024-11-20,2024-11-20,184100.0,PDC,False,0.0,False
T001635,D0042,2025-01-12,2025-02-11,2025-02-11,265600.0,PDC,False,0.0,False
T006022,D0161,2024-07-10,2024-08-24,2024-08-24,151200.0,BANK_TRANSFER,False,0.0,False
T006193,D0167,2025-12-10,2026-01-24,2026-04-04,211800.0,BANK_TRANSFER,False,70.0,False
T001662,D0043,2025-10-22,2025-11-21,2025-12-06,182300.0,PDC,False,15.0,False
T007721,D0207,2025-07-29,2025-09-12,2025-09-29,174700.0,PDC,False,17.0,False
T007846,D0210,2023-11-06,2023-12-21,2023-12-22,146900.0,BANK_TRANSFER,False,1.0,False
T000986,D0027,2025-02-05,2025-03-07,2025-03-26,36400.0,PDC,False,19.0,True
T007067,D0189,2024-11-26,2024-12-11,2024-12-11,55000.0,PDC,False,0.0,False
T001971,D0050,2025-12-27,2026-02-10,2026-02-12,87600.0,CASH,False,2.0,False
T004169,D0111,2024-12-06,2024-12-21,2024-12-23,280200.0,PDC,False,2.0,False
T002606,D0067,2024-07-25,2024-08-24,2024-08-24,91300.0,PDC,False,0.0,False
T003867,D0103,2025-01-06,2025-02-05,,270300.0,BANK_TRANSFER,False,,False
T007492,D0200,2025-11-10,2025-12-10,2025-12-11,196200.0,PDC,False,1.0,False
T005087,D0136,2025-07-14,2025-08-13,2025-08-17,201700.0,BANK_TRANSFER,False,4.0,False
T007632,D0203,2025-08-13,2025-09-27,2025-10-14,21800.0,PDC,False,17.0,False
T001666,D0043,2024-12-11,2025-01-25,,134100.0,PDC,False,,False
T006239,D0169,2024-11-23,2024-12-08,2024-12-09,141100.0,PDC,False,1.0,False
T004809,D0129,2025-08-26,2025-09-25,2025-10-02,173700.0,PDC,False,7.0,False
T003726,D0099,2024-01-06,2024-01-21,2024-03-02,88000.0,CASH,False,41.0,False
T006024,D0161,2024-11-17,2024-12-17,2024-12-20,55500.0,PDC,False,3.0,False
T002398,D0061,2025-10-03,2025-10-18,,108700.0,PDC,False,,False
T002941,D0078,2025-09-11,2025-09-26,2025-09-30,84700.0,PDC,False,4.0,False
T005848,D0155,2024-04-19,2024-06-03,2024-06-18,122900.0,PDC,False,15.0,False
T001330,D0035,2024-07-23,2024-09-06,,205800.0,PDC,True,,False
T005030,D0135,2023-12-02,2024-01-01,2024-01-03,224700.0,CASH,False,2.0,False
T002749,D0071,2025-01-02,2025-01-17,2025-02-08,134000.0,PDC,False,22.0,False
T003775,D0100,2024-11-06,2024-12-21,2025-01-08,201100.0,BANK_TRANSFER,False,18.0,False
T005484,D0145,2024-06-02,2024-07-17,2024-07-30,152600.0,PDC,False,13.0,False
T006892,D0184,2024-07-29,2024-08-28,2024-10-02,155200.0,PDC,False,35.0,False
T005085,D0136,2023-04-10,2023-05-10,2023-05-13,213400.0,PDC,False,3.0,False
T006023,D0161,2024-04-17,2024-05-17,2024-05-17,151100.0,PDC,False,0.0,False
T002489,D0064,2025-12-11,2026-01-10,2026-01-21,277000.0,BANK_TRANSFER,False,11.0,False
T006195,D0167,2025-06-23,2025-08-07,2025-09-16,219700.0,CASH,False,40.0,False
T007390,D0198,2025-07-18,2025-08-02,2025-08-02,99300.0,CASH,False,0.0,False
T004936,D0132,2025-04-19,2025-05-04,2025-05-07,234300.0,CASH,False,3.0,False
T002135,D0054,2024-05-31,2024-07-15,2024-07-16,123100.0,PDC,False,1.0,False
T000016,D0001,2025-01-25,2025-02-24,2025-02-25,238500.0,PDC,False,1.0,True
T001107,D0030,2024-11-25,2025-01-09,2025-02-08,111900.0,BANK_TRANSFER,False,30.0,False
T003621,D0095,2024-05-03,2024-05-18,2024-06-27,44600.0,PDC,False,40.0,False
T000595,D0017,2023-05-01,2023-06-15,2023-06-15,234000.0,PDC,False,0.0,True
T007860,D0210,2023-04-12,2023-05-27,2023-05-27,287000.0,BANK_TRANSFER,False,0.0,False
T005360,D0142,2025-10-16,2025-11-15,2025-11-16,117900.0,CASH,False,1.0,False
T000132,D0005,2024-12-08,2025-01-22,2025-01-23,176300.0,PDC,False,1.0,False
T005715,D0151,2025-04-14,2025-05-29,2025-06-04,189900.0,PDC,False,6.0,True
T007816,D0210,2024-05-21,2024-06-05,2024-06-08,199800.0,PDC,False,3.0,True
T007699,D0207,2023-06-06,2023-07-06,2023-08-20,92200.0,BANK_TRANSFER,False,45.0,True
T002270,D0058,2023-12-14,2023-12-29,2024-01-26,55100.0,PDC,False,28.0,False
T004703,D0126,2023-05-30,2023-07-14,,298500.0,PDC,True,,False
T001422,D0037,2024-03-23,2024-05-07,2024-07-11,148200.0,PDC,False,65.0,False
T006618,D0178,2025-03-12,2025-03-27,2025-03-29,263800.0,PDC,False,2.0,True
T001764,D0045,2025-04-27,2025-05-12,2025-05-12,58400.0,PDC,False,0.0,False
T001147,D0031,2025-09-15,2025-10-30,2025-11-09,140600.0,CASH,False,10.0,False
T005175,D0138,2025-05-16,2025-05-31,2025-06-04,281800.0,PDC,False,4.0,True
T002946,D0078,2025-03-19,2025-05-03,2025-05-03,72700.0,PDC,False,0.0,False
T002951,D0078,2024-06-06,2024-07-21,2024-07-24,235600.0,PDC,False,3.0,False
T003814,D0102,2023-08-22,2023-09-06,,121400.0,PDC,False,,False
T004713,D0126,2024-09-26,2024-10-11,2024-10-13,119300.0,BANK_TRANSFER,False,2.0,False
T000454,D0013,2025-05-03,2025-06-17,2025-06-20,148400.0,PDC,False,3.0,True
T003284,D0087,2024-01-02,2024-01-17,2024-01-17,144300.0,PDC,False,0.0,False
T002026,D0051,2023-10-24,2023-11-08,2023-11-26,57000.0,BANK_TRANSFER,False,18.0,False
T003527,D0093,2024-09-29,2024-11-13,2024-11-17,21200.0,PDC,False,4.0,False
T002407,D0061,2023-12-11,2024-01-25,,174400.0,PDC,False,,False
T006116,D0165,2024-11-17,2024-12-17,2024-12-24,97000.0,PDC,False,7.0,False
T005182,D0138,2025-02-23,2025-03-10,2025-03-13,286300.0,PDC,False,3.0,True
T003682,D0097,2025-08-02,2025-08-17,2025-08-18,204700.0,BANK_TRANSFER,False,1.0,False
T003707,D0098,2024-06-17,2024-08-01,2024-08-15,275000.0,CASH,False,14.0,False
T000572,D0016,2024-02-12,2024-02-27,2024-03-05,22500.0,PDC,False,7.0,False
T008217,D0220,2024-02-14,2024-02-29,2024-03-03,282200.0,BANK_TRANSFER,False,3.0,True
T005342,D0141,2024-04-03,2024-05-18,2024-05-18,71200.0,PDC,False,0.0,False
T008078,D0216,2025-10-17,2025-11-01,2025-11-01,75600.0,PDC,False,0.0,False
T001286,D0034,2024-07-19,2024-08-18,2024-09-30,216200.0,CASH,False,43.0,False
T002388,D0061,2023-12-14,2024-01-28,2024-01-28,125400.0,PDC,False,0.0,False
T005866,D0155,2023-05-30,2023-07-14,2023-08-10,260700.0,CASH,False,27.0,False
T004456,D0119,2023-07-24,2023-08-23,2023-10-01,187000.0,PDC,False,39.0,False
T003911,D0105,2025-11-09,2025-11-24,2025-11-26,214600.0,PDC,False,2.0,False
T006813,D0182,2024-04-21,2024-05-21,2024-05-26,265800.0,PDC,False,5.0,False
T002902,D0077,2023-09-30,2023-10-30,,163000.0,PDC,False,,False
T005971,D0160,2024-03-30,2024-04-14,2024-04-16,230200.0,PDC,False,2.0,True
T007940,D0213,2025-05-10,2025-05-25,2025-05-27,147500.0,PDC,False,2.0,True
T005827,D0154,2025-06-03,2025-07-18,2025-07-20,290000.0,BANK_TRANSFER,False,2.0,False
T001715,D0044,2025-12-12,2025-12-27,,124100.0,PDC,True,,False
T005507,D0145,2025-12-20,2026-01-04,2026-01-19,114900.0,PDC,False,15.0,False
T008048,D0215,2023-04-17,2023-05-02,2023-06-11,270600.0,PDC,False,40.0,True
T002843,D0075,2025-07-28,2025-08-27,2025-08-30,50900.0,PDC,False,3.0,False
T005864,D0155,2025-07-05,2025-07-20,2025-08-08,94100.0,CASH,False,19.0,False
T002175,D0054,2025-07-01,2025-08-15,2025-08-19,276700.0,CASH,False,4.0,False
T006372,D0171,2025-01-11,2025-02-25,2025-02-25,208200.0,CASH,False,0.0,True
T007430,D0198,2025-02-22,2025-04-08,,179300.0,PDC,False,,True
T003083,D0083,2025-09-18,2025-11-02,2025-12-20,294000.0,CASH,False,48.0,False
T000671,D0018,2023-05-22,2023-06-21,2023-06-25,98000.0,CASH,False,4.0,True
T003091,D0083,2024-01-04,2024-01-19,2024-02-06,185000.0,PDC,False,18.0,False
T001032,D0028,2025-11-03,2025-12-03,2025-12-31,52100.0,PDC,False,28.0,False
T002532,D0066,2023-09-29,2023-10-29,2023-10-31,156600.0,PDC,False,2.0,False
T003350,D0089,2025-02-05,2025-02-20,2025-02-21,161700.0,PDC,False,1.0,True
T006306,D0170,2024-09-10,2024-10-10,2024-10-25,264700.0,BANK_TRANSFER,False,15.0,False
T005652,D0149,2023-03-28,2023-04-12,2023-04-14,128700.0,PDC,False,2.0,True
T004056,D0108,2025-01-22,2025-03-08,2025-03-10,165600.0,CASH,False,2.0,True
T001926,D0048,2023-09-03,2023-09-18,2023-09-21,162800.0,BANK_TRANSFER,False,3.0,False
T007441,D0199,2023-05-03,2023-05-18,2023-05-30,107400.0,PDC,False,12.0,False
T001985,D0050,2024-08-20,2024-09-04,2024-09-04,53500.0,BANK_TRANSFER,False,0.0,False
T001451,D0038,2023-11-03,2023-12-03,2024-01-11,215100.0,CASH,False,39.0,False
T008094,D0216,2024-08-21,2024-10-05,2024-10-06,176600.0,PDC,False,1.0,False
T003666,D0096,2023-11-14,2023-11-29,2023-11-29,200400.0,CASH,False,0.0,False
T002200,D0056,2023-08-25,2023-10-09,2023-10-11,211900.0,CASH,False,2.0,False
T001003,D0027,2023-12-05,2023-12-20,2023-12-29,249700.0,PDC,False,9.0,False
T007340,D0196,2023-07-26,2023-09-09,2023-09-12,138300.0,CASH,False,3.0,False
T005211,D0139,2025-01-20,2025-02-19,2025-03-18,177900.0,PDC,False,27.0,True
T001180,D0032,2023-08-06,2023-08-21,2023-08-25,74400.0,BANK_TRANSFER,False,4.0,False
T003364,D0089,2025-12-07,2026-01-21,2026-01-23,291500.0,PDC,False,2.0,False
T003360,D0089,2024-10-16,2024-11-30,2024-11-30,242200.0,PDC,False,0.0,False
T006973,D0188,2024-01-07,2024-02-06,2024-02-09,228000.0,CASH,False,3.0,False
T001652,D0042,2025-04-28,2025-05-13,2025-05-15,50800.0,PDC,False,2.0,False
T007848,D0210,2023-10-18,2023-12-02,2023-12-02,29500.0,PDC,False,0.0,False
T006645,D0178,2023-01-13,2023-01-28,2023-01-28,126900.0,PDC,False,0.0,False
T002044,D0051,2023-03-24,2023-04-23,2023-05-08,50100.0,CASH,False,15.0,True
T006666,D0179,2023-12-30,2024-02-13,2024-02-25,295800.0,PDC,False,12.0,False
T001171,D0031,2023-01-01,2023-01-16,,39700.0,CASH,False,,False
T004101,D0109,2025-10-29,2025-11-13,2025-11-23,50900.0,PDC,False,10.0,False
T006164,D0167,2023-09-29,2023-10-29,2023-12-23,51900.0,CASH,False,55.0,False
T005027,D0135,2025-09-27,2025-10-12,2025-10-17,106500.0,CASH,False,5.0,False
T000864,D0022,2023-05-03,2023-05-18,,159100.0,CASH,False,,False
T000218,D0007,2023-08-10,2023-09-09,2023-10-11,54300.0,CASH,False,32.0,False
T000055,D0003,2024-07-09,2024-08-08,2024-08-21,222000.0,PDC,False,13.0,False
T007448,D0199,2023-03-26,2023-05-10,2023-05-24,229300.0,PDC,False,14.0,False
T004484,D0121,2024-06-10,2024-06-25,2024-07-03,181000.0,PDC,False,8.0,True
T002442,D0062,2025-09-05,2025-10-05,2025-10-07,199200.0,PDC,False,2.0,False
T001546,D0040,2025-10-03,2025-11-17,,104000.0,CASH,False,,False
T001415,D0037,2024-03-27,2024-05-11,2024-06-02,23500.0,CASH,False,22.0,False
T001418,D0037,2024-06-23,2024-07-08,,237800.0,PDC,True,,False
T004161,D0111,2023-04-21,2023-05-06,2023-05-10,232400.0,PDC,False,4.0,False
T005088,D0136,2023-03-23,2023-04-22,,69900.0,CASH,False,,True
T006261,D0169,2025-05-28,2025-06-27,2025-06-29,208900.0,CASH,False,2.0,False
T006127,D0165,2025-05-09,2025-05-24,,141300.0,CASH,False,,False
T004252,D0114,2024-10-07,2024-11-06,2024-11-12,127500.0,CASH,False,6.0,False
T005217,D0139,2023-07-09,2023-08-23,2023-09-02,280900.0,CASH,False,10.0,False
T004353,D0117,2025-05-30,2025-06-14,2025-06-14,89100.0,CASH,False,0.0,True
T004974,D0134,2025-04-29,2025-06-13,2025-06-16,191100.0,PDC,False,3.0,True
T004250,D0113,2025-08-31,2025-09-30,,107400.0,PDC,True,,False
T003204,D0085,2024-02-13,2024-02-28,2024-03-02,137100.0,BANK_TRANSFER,False,3.0,True
T004370,D0117,2025-08-24,2025-09-08,2025-09-08,74000.0,CASH,False,0.0,False
T004292,D0114,2025-02-28,2025-03-15,2025-03-27,138300.0,CASH,False,12.0,True
T000420,D0012,2024-12-18,2025-01-17,,253900.0,PDC,True,,False
T003499,D0092,2023-07-31,2023-08-15,2023-08-15,90200.0,PDC,False,0.0,False
T004333,D0116,2025-04-14,2025-05-29,,60400.0,PDC,False,,True
T004504,D0121,2025-07-17,2025-08-31,2025-09-13,36800.0,PDC,False,13.0,False
T001864,D0047,2025-09-23,2025-11-07,2025-11-07,102500.0,PDC,False,0.0,False
T002303,D0058,2023-11-25,2023-12-25,2024-01-15,50300.0,CASH,False,21.0,False
T000787,D0021,2024-02-23,2024-04-08,2024-04-12,98900.0,PDC,False,4.0,True
T000371,D0011,2024-04-28,2024-06-12,2024-06-30,181600.0,PDC,False,18.0,True
T006297,D0170,2024-08-26,2024-09-25,2024-10-09,132900.0,BANK_TRANSFER,False,14.0,False
T005639,D0149,2024-05-24,2024-07-08,2024-07-08,41400.0,PDC,False,0.0,False
T005794,D0154,2023-12-18,2024-01-02,2024-01-02,119100.0,BANK_TRANSFER,False,0.0,False
T007268,D0194,2023-07-05,2023-08-19,,178300.0,PDC,False,,False
T001838,D0046,2023-06-09,2023-07-24,,249000.0,BANK_TRANSFER,False,,False
T000771,D0020,2025-03-18,2025-04-02,2025-04-25,83500.0,PDC,False,23.0,True
T002992,D0080,2024-10-07,2024-10-22,2024-12-12,276600.0,BANK_TRANSFER,False,51.0,False
T006467,D0174,2025-11-07,2025-12-22,2025-12-24,136900.0,PDC,False,2.0,False
T000422,D0012,2024-10-25,2024-11-09,2024-11-17,25400.0,PDC,False,8.0,False
T005628,D0149,2023-03-22,2023-05-06,2023-05-09,81900.0,PDC,False,3.0,False
T005913,D0157,2024-06-17,2024-07-02,2024-07-06,289900.0,CASH,False,4.0,False
T001071,D0029,2025-09-01,2025-10-16,2025-10-16,175400.0,PDC,False,0.0,False
T002793,D0072,2024-03-03,2024-04-02,2024-04-03,209700.0,CASH,False,1.0,True
T004383,D0118,2024-12-25,2025-02-08,2025-02-10,93500.0,CASH,False,2.0,False
T004284,D0114,2024-02-14,2024-03-15,2024-03-22,280400.0,PDC,False,7.0,True
T005815,D0154,2025-05-11,2025-06-25,2025-06-28,272900.0,PDC,False,3.0,False
T005001,D0134,2024-05-23,2024-06-07,2024-06-08,231200.0,CASH,False,1.0,True
T004004,D0107,2024-06-15,2024-07-15,,51600.0,PDC,True,,False
T003227,D0086,2023-03-31,2023-04-15,2023-05-13,49000.0,PDC,False,28.0,True
T005376,D0143,2025-12-18,2026-02-01,2026-02-06,193100.0,CASH,False,5.0,False
T006516,D0175,2023-07-23,2023-08-22,2023-08-25,95600.0,PDC,False,3.0,False
T003835,D0103,2024-10-02,2024-11-16,2024-12-07,92000.0,BANK_TRANSFER,False,21.0,False
T005204,D0139,2025-08-19,2025-09-03,2025-09-10,143100.0,CASH,False,7.0,False
T005110,D0136,2024-04-20,2024-05-05,2024-05-06,252500.0,PDC,False,1.0,False
T005117,D0137,2025-11-10,2025-12-10,2026-01-16,131400.0,CASH,False,37.0,False
T000195,D0006,2023-03-05,2023-03-20,2023-03-21,202300.0,BANK_TRANSFER,False,1.0,True
T003016,D0080,2023-07-03,2023-07-18,2023-08-09,228000.0,PDC,False,22.0,False
T000532,D0015,2023-01-07,2023-02-21,,160400.0,PDC,True,,False
T007198,D0192,2025-07-04,2025-08-03,2025-08-04,102900.0,BANK_TRANSFER,False,1.0,False
T007704,D0207,2023-04-04,2023-05-19,2023-06-07,81700.0,CASH,False,19.0,False
T004530,D0121,2024-09-06,2024-09-21,2024-10-06,213100.0,PDC,False,15.0,False
T007164,D0191,2023-10-07,2023-11-21,2023-11-24,148600.0,BANK_TRANSFER,False,3.0,False
T005588,D0148,2024-11-12,2024-11-27,2024-11-29,115800.0,PDC,False,2.0,False
T003546,D0093,2025-11-15,2025-12-30,2026-01-01,182700.0,PDC,False,2.0,False
T006926,D0186,2025-08-14,2025-09-13,2025-09-14,293100.0,PDC,False,1.0,False
T004084,D0109,2025-12-06,2025-12-21,2025-12-25,25100.0,PDC,False,4.0,False
T002897,D0077,2023-03-31,2023-04-15,2023-04-23,90600.0,BANK_TRANSFER,False,8.0,True
T000963,D0026,2025-02-22,2025-03-09,2025-03-12,38700.0,PDC,False,3.0,True
T002451,D0062,2025-03-15,2025-03-30,2025-04-03,99700.0,PDC,False,4.0,True
T006442,D0173,2024-04-05,2024-05-05,,63200.0,PDC,False,,False
T006499,D0175,2025-12-12,2026-01-11,2026-01-15,152600.0,PDC,False,4.0,False
T000626,D0017,2023-06-07,2023-07-07,2023-07-10,160000.0,PDC,False,3.0,True
T004643,D0125,2024-10-06,2024-10-21,2024-10-21,210300.0,BANK_TRANSFER,False,0.0,False
T002406,D0061,2024-02-22,2024-03-23,2024-03-25,225400.0,PDC,False,2.0,True
T005011,D0134,2025-07-24,2025-08-08,2025-08-08,144200.0,PDC,False,0.0,False
T004338,D0116,2024-12-16,2024-12-31,2025-01-07,24400.0,PDC,False,7.0,False
T001116,D0030,2024-09-13,2024-09-28,2024-11-17,201100.0,CASH,False,50.0,False
T004462,D0120,2025-01-17,2025-02-01,2025-02-01,65900.0,PDC,False,0.0,False
T000222,D0007,2024-07-01,2024-07-16,2024-08-21,126100.0,PDC,False,36.0,False
T007488,D0200,2023-03-31,2023-04-15,2023-04-18,24600.0,PDC,False,3.0,True
T000713,D0019,2024-12-20,2025-01-19,2025-01-21,266700.0,CASH,False,2.0,False
T005899,D0157,2024-07-05,2024-07-20,2024-07-24,20200.0,CASH,False,4.0,False
T000327,D0009,2025-10-20,2025-12-04,2025-12-05,156600.0,PDC,False,1.0,False
T003570,D0094,2023-04-18,2023-05-18,2023-05-18,257600.0,BANK_TRANSFER,False,0.0,False
T007000,D0188,2023-07-28,2023-08-27,2023-08-29,216100.0,CASH,False,2.0,False
T001226,D0033,2024-08-25,2024-09-24,2024-09-25,31500.0,PDC,False,1.0,False
T006851,D0183,2025-01-24,2025-02-08,,291400.0,PDC,False,,False
T002285,D0058,2023-07-14,2023-08-28,2023-10-02,229800.0,PDC,False,35.0,False
T003111,D0083,2024-06-04,2024-07-19,,87300.0,PDC,True,,False
T003635,D0096,2024-12-19,2025-02-02,2025-02-03,248100.0,PDC,False,1.0,False
T003354,D0089,2025-08-25,2025-09-24,2025-09-26,181000.0,PDC,False,2.0,False
T001967,D0050,2025-02-15,2025-04-01,2025-04-05,118200.0,BANK_TRANSFER,False,4.0,True
T006189,D0167,2023-11-09,2023-11-24,,135300.0,PDC,True,,False
T005293,D0140,2024-01-14,2024-01-29,,133500.0,BANK_TRANSFER,False,,False
T008152,D0217,2025-05-31,2025-07-15,2025-07-16,84600.0,PDC,False,1.0,False
T000664,D0018,2025-10-02,2025-11-16,2025-11-19,228800.0,CASH,False,3.0,False
T000173,D0006,2024-04-28,2024-05-28,2024-05-28,36000.0,PDC,False,0.0,False
T006981,D0188,2025-06-22,2025-07-07,2025-07-08,78600.0,CASH,False,1.0,False
T002311,D0058,2023-03-28,2023-05-12,2023-06-17,60600.0,PDC,False,36.0,False
T000511,D0015,2025-08-11,2025-09-10,2025-09-14,176800.0,PDC,False,4.0,False
T002839,D0075,2024-02-27,2024-03-13,2024-03-16,66800.0,BANK_TRANSFER,False,3.0,True
T002095,D0053,2025-04-03,2025-05-18,2025-06-06,74500.0,PDC,False,19.0,False
T003654,D0096,2024-12-11,2025-01-10,,61500.0,PDC,False,,False
T003324,D0088,2025-01-10,2025-01-25,2025-02-11,222900.0,PDC,False,17.0,False
T006571,D0177,2024-04-05,2024-05-20,2024-07-02,93000.0,PDC,False,43.0,False
T002826,D0074,2024-01-05,2024-02-04,2024-02-07,173100.0,PDC,False,3.0,False
T006435,D0173,2025-02-15,2025-03-17,2025-03-22,250000.0,CASH,False,5.0,True
T008114,D0217,2024-12-07,2025-01-06,,26800.0,CASH,False,,False
T001683,D0043,2024-10-12,2024-10-27,,244900.0,CASH,False,,False
T003624,D0096,2025-08-29,2025-09-28,2025-09-28,110000.0,PDC,False,0.0,False
T008107,D0216,2023-11-01,2023-12-16,2023-12-17,125800.0,PDC,False,1.0,False
T002982,D0079,2024-08-23,2024-09-07,2024-09-10,176800.0,PDC,False,3.0,False
T007621,D0203,2024-09-28,2024-11-12,2024-11-25,87900.0,CASH,False,13.0,False
T000001,D0001,2025-12-04,2026-01-18,,88200.0,PDC,False,,False
T003734,D0099,2025-09-07,2025-10-22,2025-11-28,236100.0,PDC,False,37.0,False
T005674,D0150,2025-06-14,2025-06-29,2025-06-29,33400.0,CASH,False,0.0,False
T007304,D0195,2023-12-16,2024-01-30,2024-02-23,295400.0,BANK_TRANSFER,False,24.0,False
T003436,D0090,2025-10-27,2025-12-11,2025-12-11,126600.0,PDC,False,0.0,False
T006714,D0180,2023-09-23,2023-10-08,2023-10-11,31000.0,PDC,False,3.0,False
T006576,D0177,2024-04-01,2024-05-01,2024-05-15,41000.0,PDC,False,14.0,False
T006631,D0178,2023-01-14,2023-02-13,2023-02-17,81800.0,BANK_TRANSFER,False,4.0,False
T004537,D0122,2023-05-25,2023-06-09,,31300.0,BANK_TRANSFER,False,,False
T006415,D0172,2023-10-15,2023-10-30,2023-10-30,299400.0,PDC,False,0.0,False
T004867,D0131,2023-01-15,2023-03-01,2023-03-04,230300.0,BANK_TRANSFER,False,3.0,False
T003507,D0093,2025-12-11,2026-01-10,2026-01-13,184500.0,CASH,False,3.0,False
T000474,D0014,2024-07-14,2024-08-13,2024-08-13,131400.0,PDC,False,0.0,False
T005998,D0160,2025-10-11,2025-11-10,,234200.0,PDC,True,,False
T006420,D0172,2025-02-01,2025-03-18,2025-03-23,187500.0,PDC,False,5.0,True
T007410,D0198,2023-12-15,2023-12-30,2024-01-11,243300.0,BANK_TRANSFER,False,12.0,False
T000707,D0019,2024-03-03,2024-04-17,2024-04-19,254700.0,PDC,False,2.0,True
T002626,D0068,2023-12-10,2023-12-25,2023-12-26,195600.0,PDC,False,1.0,False
T002382,D0061,2023-05-01,2023-05-16,2023-05-17,217000.0,PDC,False,1.0,False
T003645,D0096,2023-07-02,2023-07-17,2023-07-23,81100.0,BANK_TRANSFER,False,6.0,False
T007469,D0199,2023-09-25,2023-10-25,,118200.0,PDC,False,,False
T003018,D0080,2024-10-30,2024-11-29,,116200.0,CASH,False,,False
T008053,D0215,2023-04-22,2023-06-06,2023-07-23,165300.0,BANK_TRANSFER,False,47.0,False
T001189,D0032,2023-01-09,2023-02-23,2023-02-23,235000.0,CASH,False,0.0,False
T001512,D0039,2023-11-08,2023-11-23,2023-12-26,56500.0,BANK_TRANSFER,False,33.0,False
T007926,D0212,2024-12-25,2025-01-09,2025-02-04,102400.0,PDC,False,26.0,False
T001770,D0045,2023-03-01,2023-03-16,2023-03-20,287200.0,PDC,False,4.0,True
T002318,D0059,2025-07-05,2025-07-20,2025-07-21,28700.0,PDC,False,1.0,False
T006974,D0188,2023-11-23,2023-12-08,2023-12-10,65400.0,PDC,False,2.0,False
T000333,D0010,2025-01-18,2025-03-04,2025-03-11,253400.0,PDC,False,7.0,True
T002412,D0061,2024-05-19,2024-06-18,2024-06-22,173400.0,CASH,False,4.0,True
T004025,D0108,2024-03-04,2024-04-18,2024-04-18,151000.0,CASH,False,0.0,True
T006454,D0174,2025-07-01,2025-08-15,2025-08-17,49600.0,PDC,False,2.0,False
T000060,D0003,2024-03-02,2024-04-01,2024-04-11,189800.0,CASH,False,10.0,True
T004369,D0117,2024-09-17,2024-10-17,2024-10-17,85700.0,CASH,False,0.0,False
T005452,D0144,2024-03-10,2024-03-25,,96500.0,PDC,False,,True
T001173,D0031,2025-07-23,2025-08-22,2025-09-08,41800.0,PDC,False,17.0,False
T004455,D0119,2025-05-10,2025-06-09,2025-07-15,241300.0,BANK_TRANSFER,False,36.0,True
T007119,D0190,2023-09-21,2023-10-21,2023-10-24,216900.0,CASH,False,3.0,False
T005357,D0142,2023-11-17,2023-12-17,2023-12-19,92000.0,PDC,False,2.0,False
T002745,D0071,2024-05-04,2024-06-03,2024-06-05,174600.0,CASH,False,2.0,False
T000148,D0005,2024-02-16,2024-03-02,2024-03-03,162800.0,CASH,False,1.0,True
T000616,D0017,2023-01-20,2023-03-06,2023-03-06,66400.0,PDC,False,0.0,False
T002990,D0080,2024-11-21,2025-01-05,,122000.0,PDC,True,,False
T006178,D0167,2024-04-03,2024-04-18,2024-06-24,278100.0,CASH,False,67.0,True
T000651,D0018,2025-02-18,2025-03-05,2025-03-07,126200.0,PDC,False,2.0,True
T004842,D0131,2023-02-17,2023-03-04,2023-03-05,203500.0,CASH,False,1.0,False
T005233,D0139,2025-11-17,2025-12-02,2025-12-17,76100.0,PDC,False,15.0,False
T001948,D0049,2025-04-11,2025-05-26,2025-05-26,25600.0,PDC,False,0.0,True
T001355,D0036,2025-12-06,2026-01-20,2026-01-22,151000.0,CASH,False,2.0,False
T004446,D0119,2025-02-18,2025-04-04,2025-05-11,99700.0,CASH,False,37.0,True
T003899,D0105,2025-08-20,2025-10-04,2025-10-08,292200.0,PDC,False,4.0,False
T003936,D0105,2023-09-03,2023-10-03,2023-10-03,23500.0,BANK_TRANSFER,False,0.0,False
T006702,D0180,2025-01-24,2025-02-23,2025-02-23,259000.0,CASH,False,0.0,True
T007748,D0207,2024-10-20,2024-11-19,,287600.0,PDC,False,,False
T003334,D0088,2023-08-06,2023-09-20,2023-09-28,121000.0,PDC,False,8.0,False
T004077,D0109,2025-01-22,2025-03-08,2025-03-16,143400.0,PDC,False,8.0,True
T002600,D0067,2025-08-10,2025-09-09,,68600.0,PDC,False,,False
T000351,D0010,2024-07-29,2024-08-13,2024-08-19,233300.0,BANK_TRANSFER,False,6.0,False
T002760,D0072,2024-07-20,2024-08-19,,33400.0,CASH,False,,False
T002250,D0057,2023-08-19,2023-09-03,2023-10-01,27200.0,PDC,False,28.0,False
T004352,D0117,2025-09-24,2025-10-24,2025-10-26,159800.0,PDC,False,2.0,False
T004458,D0119,2024-09-07,2024-09-22,2024-10-25,236300.0,BANK_TRANSFER,False,33.0,False
T005697,D0150,2025-06-11,2025-07-11,2025-07-12,192200.0,BANK_TRANSFER,False,1.0,False
T001158,D0031,2024-05-24,2024-06-23,,116800.0,PDC,True,,True
T000443,D0013,2024-11-25,2025-01-09,2025-01-09,193500.0,BANK_TRANSFER,False,0.0,False
T005575,D0147,2024-01-22,2024-02-21,2024-02-25,183200.0,CASH,False,4.0,False
T004474,D0120,2024-03-21,2024-04-05,2024-04-06,61100.0,PDC,False,1.0,True
T003152,D0084,2023-01-29,2023-03-15,2023-03-16,105200.0,PDC,False,1.0,True
T000385,D0011,2025-06-30,2025-07-15,2025-08-04,85700.0,CASH,False,20.0,False
T006007,D0161,2025-09-11,2025-10-11,2025-10-12,121700.0,BANK_TRANSFER,False,1.0,False
T004848,D0131,2025-08-01,2025-09-15,,39500.0,BANK_TRANSFER,False,,False
T006918,D0185,2025-12-12,2026-01-26,2026-01-26,77000.0,CASH,False,0.0,False
T002556,D0067,2024-10-31,2024-11-15,2024-11-15,29700.0,CASH,False,0.0,False
T006446,D0173,2025-12-06,2026-01-20,2026-01-21,67600.0,PDC,False,1.0,False
T004339,D0116,2024-10-11,2024-11-25,,91200.0,BANK_TRANSFER,False,,False
T001223,D0033,2025-06-26,2025-07-11,2025-07-14,253200.0,BANK_TRANSFER,False,3.0,False
T006326,D0170,2025-04-12,2025-05-27,2025-06-13,240200.0,PDC,False,17.0,True
T001198,D0032,2023-10-01,2023-10-16,2023-10-18,204200.0,PDC,False,2.0,False
T005796,D0154,2025-09-15,2025-10-15,2025-10-21,45200.0,PDC,False,6.0,False
T006124,D0165,2024-03-08,2024-04-07,,73900.0,PDC,True,,True
T005893,D0156,2023-11-12,2023-11-27,,51300.0,PDC,False,,False
T006002,D0161,2025-02-11,2025-03-13,2025-03-16,273200.0,PDC,False,3.0,True
T007445,D0199,2024-01-24,2024-02-08,2024-02-16,202000.0,CASH,False,8.0,False
T007996,D0213,2024-03-08,2024-03-23,2024-03-29,57200.0,CASH,False,6.0,True
T005613,D0149,2023-06-06,2023-06-21,2023-06-22,273400.0,PDC,False,1.0,True
T006958,D0187,2024-06-08,2024-07-08,2024-07-09,247200.0,PDC,False,1.0,False
T006644,D0178,2023-11-28,2023-12-13,2023-12-17,253400.0,CASH,False,4.0,False
T006695,D0180,2025-12-23,2026-01-07,2026-01-11,121200.0,PDC,False,4.0,False
T007196,D0192,2023-08-06,2023-09-20,2023-09-25,47200.0,PDC,False,5.0,False
T006456,D0174,2025-01-28,2025-03-14,2025-03-18,158200.0,PDC,False,4.0,True
T007243,D0193,2025-09-19,2025-10-19,,126100.0,PDC,True,,False
T008081,D0216,2025-03-04,2025-03-19,2025-03-21,276300.0,PDC,False,2.0,True
T008136,D0217,2025-06-09,2025-07-24,2025-07-25,150700.0,PDC,False,1.0,False
T003179,D0085,2025-06-07,2025-06-22,2025-06-22,156700.0,PDC,False,0.0,False
T004819,D0130,2025-03-25,2025-04-09,2025-04-17,105200.0,PDC,False,8.0,True
T003258,D0087,2024-06-21,2024-07-21,,185300.0,BANK_TRANSFER,False,,False
T004497,D0121,2023-03-12,2023-04-26,2023-05-09,148500.0,BANK_TRANSFER,False,13.0,True
T003568,D0094,2024-04-08,2024-04-23,2024-04-23,98200.0,PDC,False,0.0,True
T005272,D0140,2023-09-24,2023-10-09,2023-10-13,29300.0,CASH,False,4.0,False
T003754,D0100,2023-10-15,2023-10-30,2023-11-07,236600.0,PDC,False,8.0,False
T001170,D0031,2023-07-30,2023-08-29,2023-09-02,239300.0,PDC,False,4.0,False
T000187,D0006,2024-05-02,2024-06-16,,292200.0,PDC,False,,True
T006638,D0178,2024-01-02,2024-01-17,2024-01-20,98900.0,BANK_TRANSFER,False,3.0,False
T003178,D0085,2025-06-18,2025-07-03,2025-07-03,273400.0,PDC,False,0.0,False
T001062,D0029,2024-09-03,2024-09-18,2024-09-18,26700.0,PDC,False,0.0,False
T005778,D0153,2024-03-19,2024-04-03,2024-04-06,196700.0,PDC,False,3.0,True
T001449,D0038,2024-04-27,2024-06-11,,93800.0,PDC,True,,True
T002125,D0053,2025-10-11,2025-11-10,2025-11-27,261000.0,CASH,False,17.0,False
T007317,D0195,2025-12-07,2025-12-22,2026-01-15,124100.0,PDC,False,24.0,False
T006990,D0188,2024-06-13,2024-07-13,2024-07-14,243500.0,PDC,False,1.0,False
T007341,D0196,2023-03-29,2023-04-28,2023-04-30,153200.0,PDC,False,2.0,True
T001740,D0044,2024-10-30,2024-11-14,2024-11-20,273700.0,CASH,False,6.0,False
T006998,D0188,2025-04-27,2025-05-27,2025-06-03,59800.0,CASH,False,7.0,True
T001119,D0030,2025-12-21,2026-02-04,,44700.0,PDC,True,,False
T005421,D0144,2025-01-20,2025-02-04,2025-02-06,183700.0,CASH,False,2.0,False
T007913,D0212,2023-06-03,2023-06-18,2023-06-28,236300.0,CASH,False,10.0,True
T004576,D0123,2025-08-04,2025-09-18,2025-09-20,144200.0,CASH,False,2.0,False
T000748,D0020,2024-03-03,2024-03-18,2024-04-11,263500.0,CASH,False,24.0,True
T003175,D0085,2025-02-05,2025-03-07,2025-03-11,90000.0,PDC,False,4.0,True
T002811,D0073,2025-08-17,2025-10-01,2025-10-09,267700.0,CASH,False,8.0,False
T008056,D0215,2025-11-16,2025-12-31,2026-02-03,33600.0,PDC,False,34.0,False
T001916,D0048,2025-03-12,2025-04-11,2025-04-13,40100.0,CASH,False,2.0,True
T007712,D0207,2025-10-21,2025-11-20,,273400.0,PDC,True,,False
T001684,D0043,2024-10-14,2024-11-13,2024-11-16,124500.0,BANK_TRANSFER,False,3.0,False
T006173,D0167,2024-09-20,2024-10-20,2024-11-05,298500.0,CASH,False,16.0,False
T003554,D0094,2024-08-06,2024-08-21,2024-08-24,123600.0,CASH,False,3.0,False
T002817,D0073,2023-01-20,2023-02-19,2023-03-19,107000.0,CASH,False,28.0,False
T003259,D0087,2025-06-26,2025-08-10,2025-08-12,103100.0,BANK_TRANSFER,False,2.0,False
T001011,D0028,2025-12-06,2026-01-05,2026-01-25,172000.0,PDC,False,20.0,False
T002420,D0061,2025-07-16,2025-08-15,2025-08-17,90500.0,BANK_TRANSFER,False,2.0,False
T002686,D0070,2023-05-14,2023-05-29,,191300.0,PDC,False,,False
T005517,D0146,2024-05-21,2024-06-20,2024-06-22,185200.0,BANK_TRANSFER,False,2.0,True
T002548,D0066,2024-10-15,2024-11-14,,156700.0,PDC,False,,False
T006672,D0180,2023-09-27,2023-11-11,2023-11-15,177900.0,BANK_TRANSFER,False,4.0,False
T000988,D0027,2023-09-12,2023-10-12,2023-10-22,244800.0,PDC,False,10.0,False
T000947,D0026,2024-11-27,2024-12-27,2024-12-28,38400.0,BANK_TRANSFER,False,1.0,False
T004584,D0123,2024-01-04,2024-02-03,2024-02-03,72200.0,PDC,False,0.0,False
T007192,D0192,2024-01-25,2024-03-10,2024-03-11,150300.0,CASH,False,1.0,True
T006686,D0180,2025-03-21,2025-04-05,2025-04-08,48000.0,PDC,False,3.0,True
T005714,D0151,2024-08-25,2024-09-09,2024-09-18,218800.0,PDC,False,9.0,False
T008138,D0217,2023-10-05,2023-11-04,2023-11-04,143100.0,BANK_TRANSFER,False,0.0,False
T005099,D0136,2025-01-24,2025-03-10,,212800.0,PDC,False,,True
T005961,D0160,2025-06-27,2025-08-11,2025-08-12,136800.0,PDC,False,1.0,False
T001803,D0045,2024-10-01,2024-11-15,2024-11-15,81700.0,BANK_TRANSFER,False,0.0,False
T003854,D0103,2025-03-14,2025-04-28,2025-06-01,80500.0,PDC,False,34.0,False
T004415,D0118,2024-10-31,2024-12-15,2024-12-15,61300.0,PDC,False,0.0,False
T006793,D0182,2023-05-19,2023-06-03,2023-06-10,206800.0,PDC,False,7.0,False
T007894,D0211,2024-03-16,2024-03-31,2024-04-02,37700.0,CASH,False,2.0,True
T001507,D0039,2025-12-25,2026-01-24,2026-02-23,291100.0,PDC,False,30.0,False
T001263,D0033,2025-07-12,2025-08-26,2025-08-26,58200.0,PDC,False,0.0,False
T008218,D0220,2025-08-17,2025-09-16,2025-09-18,151900.0,PDC,False,2.0,False
T000471,D0014,2024-04-05,2024-05-05,2024-05-06,224100.0,CASH,False,1.0,False
T001488,D0039,2024-07-11,2024-08-25,,71500.0,PDC,True,,False
T003649,D0096,2024-12-15,2025-01-14,2025-01-18,203000.0,PDC,False,4.0,False
T007965,D0213,2024-10-02,2024-11-01,2024-11-06,126500.0,CASH,False,5.0,False
T003764,D0100,2024-11-08,2024-11-23,,232000.0,PDC,False,,False
T008086,D0216,2023-05-29,2023-06-13,2023-06-15,156200.0,CASH,False,2.0,False
T003891,D0104,2025-04-14,2025-05-29,2025-07-04,231600.0,PDC,False,36.0,True
T004155,D0111,2024-04-24,2024-06-08,,124200.0,PDC,False,,True
T004542,D0122,2023-08-29,2023-10-13,2023-10-18,251900.0,PDC,False,5.0,False
T002681,D0070,2024-03-04,2024-03-19,2024-05-05,190200.0,PDC,False,47.0,True
T004285,D0114,2023-05-13,2023-05-28,,259300.0,PDC,False,,False
T005111,D0137,2023-10-27,2023-12-11,2023-12-11,67000.0,CASH,False,0.0,False
T003960,D0106,2024-12-03,2025-01-17,2025-01-17,45100.0,PDC,False,0.0,False
T004815,D0129,2023-05-22,2023-06-06,2023-06-07,29000.0,PDC,False,1.0,False
T003193,D0085,2024-07-31,2024-08-30,2024-09-01,56500.0,PDC,False,2.0,False
T006409,D0172,2025-06-22,2025-08-06,2025-08-06,221300.0,PDC,False,0.0,False
T006922,D0186,2025-08-19,2025-10-03,2025-10-07,263800.0,CASH,False,4.0,False
T001831,D0046,2023-05-26,2023-06-25,2023-07-04,36000.0,PDC,False,9.0,True
T006496,D0175,2025-11-21,2025-12-21,2025-12-22,85000.0,BANK_TRANSFER,False,1.0,False
T003760,D0100,2023-10-10,2023-10-25,,259400.0,PDC,False,,False
T005634,D0149,2023-09-08,2023-10-08,2023-10-11,38400.0,PDC,False,3.0,False
T007074,D0189,2025-02-01,2025-03-18,2025-03-21,228900.0,PDC,False,3.0,True
T003062,D0082,2024-08-31,2024-10-15,2024-10-16,282200.0,CASH,False,1.0,False
T000916,D0024,2025-08-24,2025-10-08,2025-10-09,216400.0,PDC,False,1.0,False
T002890,D0076,2024-01-24,2024-03-09,2024-03-14,199900.0,PDC,False,5.0,True
T004203,D0112,2023-01-15,2023-02-14,2023-02-14,266100.0,BANK_TRANSFER,False,0.0,False
T005353,D0142,2024-10-17,2024-12-01,2024-12-01,77400.0,PDC,False,0.0,False
T003770,D0100,2023-04-27,2023-06-11,2023-06-18,246400.0,CASH,False,7.0,False
T004022,D0108,2024-05-31,2024-06-30,2024-07-05,195700.0,PDC,False,5.0,True
T003902,D0105,2025-12-20,2026-01-19,2026-01-20,253000.0,BANK_TRANSFER,False,1.0,False
T004775,D0128,2024-02-26,2024-03-12,2024-03-15,22200.0,PDC,False,3.0,True
T007494,D0200,2024-04-03,2024-05-18,2024-05-18,35800.0,BANK_TRANSFER,False,0.0,False
T000130,D0005,2025-08-10,2025-09-09,2025-09-09,46300.0,CASH,False,0.0,False
T000192,D0006,2025-07-14,2025-08-28,2025-09-02,42900.0,PDC,False,5.0,False
T007710,D0207,2025-01-03,2025-01-18,2025-02-16,242100.0,PDC,False,29.0,False
T007287,D0194,2023-10-14,2023-11-28,2023-11-28,259300.0,CASH,False,0.0,False
T007202,D0192,2024-12-29,2025-02-12,2025-02-12,156800.0,PDC,False,0.0,False
T003643,D0096,2024-05-15,2024-06-29,2024-07-01,30300.0,CASH,False,2.0,True
T002353,D0060,2023-09-24,2023-11-08,2023-11-23,200000.0,CASH,False,15.0,False
T005007,D0134,2025-05-16,2025-06-30,2025-07-02,72200.0,BANK_TRANSFER,False,2.0,False
T004068,D0108,2023-04-17,2023-05-02,,268400.0,PDC,True,,True
T006286,D0169,2025-05-15,2025-06-29,2025-06-30,287200.0,CASH,False,1.0,False
T008203,D0219,2023-10-22,2023-12-06,2023-12-06,46100.0,PDC,False,0.0,False
T007817,D0210,2023-12-10,2023-12-25,,166900.0,PDC,False,,False
T001674,D0043,2024-04-10,2024-05-10,2024-05-27,60800.0,PDC,False,17.0,False
T007857,D0210,2023-07-12,2023-08-11,2023-08-13,253500.0,PDC,False,2.0,False
T005840,D0154,2024-05-14,2024-05-29,2024-05-31,225500.0,PDC,False,2.0,False
T001590,D0041,2025-06-26,2025-07-26,,32600.0,BANK_TRANSFER,False,,False
T002232,D0057,2024-07-12,2024-08-11,2024-08-21,171900.0,CASH,False,10.0,False
T001097,D0030,2024-04-14,2024-05-29,2024-06-16,251100.0,CASH,False,18.0,False
T000843,D0022,2025-01-15,2025-02-14,,28200.0,BANK_TRANSFER,False,,False
T006734,D0181,2025-12-19,2026-01-18,2026-01-18,275100.0,PDC,False,0.0,False
T000832,D0022,2024-06-14,2024-06-29,2024-07-02,89900.0,PDC,False,3.0,True
T001018,D0028,2023-10-22,2023-12-06,,27200.0,CASH,False,,False
T006633,D0178,2025-07-12,2025-08-11,2025-08-14,143000.0,BANK_TRANSFER,False,3.0,False
T003187,D0085,2025-03-07,2025-03-22,2025-03-22,122200.0,PDC,False,0.0,True
T002202,D0056,2024-09-03,2024-09-18,2024-09-21,247300.0,BANK_TRANSFER,False,3.0,False
T000841,D0022,2023-01-06,2023-01-21,2023-01-21,170600.0,BANK_TRANSFER,False,0.0,False
T004549,D0122,2024-06-07,2024-06-22,2024-07-02,213000.0,CASH,False,10.0,True
T008224,D0220,2023-07-09,2023-08-23,2023-08-27,41500.0,CASH,False,4.0,False
T003941,D0105,2023-11-17,2024-01-01,2024-01-02,81000.0,PDC,False,1.0,False
T001996,D0050,2024-03-24,2024-04-08,2024-04-13,25100.0,CASH,False,5.0,True
T002959,D0078,2023-10-29,2023-11-28,,29200.0,PDC,False,,False
T003845,D0103,2025-07-11,2025-07-26,,214200.0,PDC,False,,False
T002482,D0064,2024-11-28,2025-01-12,2025-01-21,73700.0,PDC,False,9.0,False
T006869,D0184,2024-06-06,2024-06-21,2024-08-05,282000.0,CASH,False,45.0,True
T001283,D0034,2024-11-20,2024-12-05,,49900.0,PDC,False,,False
T002465,D0063,2023-02-24,2023-03-11,2023-03-14,138600.0,PDC,False,3.0,True
T001389,D0036,2025-02-26,2025-03-28,2025-04-01,290700.0,CASH,False,4.0,True
T000193,D0006,2023-03-30,2023-05-14,2023-05-16,155700.0,CASH,False,2.0,False
T003132,D0084,2025-04-04,2025-05-04,,139700.0,PDC,False,,False
T002994,D0080,2024-12-30,2025-01-29,2025-02-18,120400.0,CASH,False,20.0,False
T002517,D0065,2025-03-03,2025-03-18,,274700.0,PDC,True,,True
T006765,D0181,2023-09-07,2023-10-07,2023-11-03,213000.0,BANK_TRANSFER,False,27.0,False
T000537,D0015,2025-05-10,2025-06-09,2025-06-21,73600.0,BANK_TRANSFER,False,12.0,True
T007765,D0208,2025-04-07,2025-05-22,2025-06-15,248900.0,PDC,False,24.0,False
T000786,D0021,2025-07-30,2025-09-13,2025-09-13,108900.0,PDC,False,0.0,False
T007214,D0192,2024-05-31,2024-06-15,2024-06-19,151200.0,CASH,False,4.0,True
T001681,D0043,2023-11-20,2023-12-20,2023-12-28,34300.0,PDC,False,8.0,False
T005224,D0139,2023-12-27,2024-01-26,2024-01-26,48400.0,PDC,False,0.0,False
T001052,D0029,2024-07-17,2024-08-16,2024-08-17,181200.0,BANK_TRANSFER,False,1.0,False
T004788,D0129,2023-11-16,2023-12-31,2024-01-03,202500.0,PDC,False,3.0,False
T007050,D0189,2025-08-29,2025-09-28,2025-09-28,289000.0,CASH,False,0.0,False
T004750,D0127,2023-09-08,2023-10-23,2023-10-28,280800.0,CASH,False,5.0,False
T003506,D0093,2025-05-06,2025-06-05,2025-06-05,218000.0,BANK_TRANSFER,False,0.0,True
T006039,D0162,2023-02-27,2023-04-13,2023-04-13,208300.0,CASH,False,0.0,True
T008106,D0216,2025-10-17,2025-12-01,2025-12-04,187700.0,BANK_TRANSFER,False,3.0,False
T000271,D0008,2023-03-31,2023-04-30,2023-04-30,86500.0,BANK_TRANSFER,False,0.0,True
T002536,D0066,2025-07-10,2025-08-24,2025-08-31,80400.0,BANK_TRANSFER,False,7.0,False
T003612,D0095,2023-05-15,2023-06-29,2023-09-11,113800.0,PDC,False,74.0,True
T002191,D0055,2023-09-01,2023-10-01,2023-10-12,73100.0,PDC,False,11.0,False
T003956,D0106,2024-11-03,2024-12-18,2024-12-22,126800.0,PDC,False,4.0,False
T004402,D0118,2024-06-17,2024-08-01,2024-08-02,278100.0,PDC,False,1.0,False
T003832,D0103,2024-09-11,2024-09-26,2024-10-04,48100.0,BANK_TRANSFER,False,8.0,False
T006079,D0163,2024-09-09,2024-10-24,,127400.0,PDC,False,,False
T004151,D0111,2025-06-09,2025-07-24,2025-07-24,86000.0,PDC,False,0.0,False
T004677,D0126,2025-03-07,2025-04-06,2025-04-06,203700.0,BANK_TRANSFER,False,0.0,True
T002464,D0063,2023-02-02,2023-03-19,2023-03-20,181100.0,BANK_TRANSFER,False,1.0,True
T003166,D0085,2025-09-26,2025-10-11,2025-10-11,274200.0,PDC,False,0.0,False
T005733,D0152,2025-12-10,2026-01-09,2026-01-09,162000.0,PDC,False,0.0,False
T006875,D0184,2024-04-19,2024-06-03,2024-07-12,110300.0,CASH,False,39.0,False
T000861,D0022,2025-02-09,2025-03-26,2025-03-28,299300.0,CASH,False,2.0,True
T005825,D0154,2024-07-22,2024-09-05,2024-09-07,56400.0,BANK_TRANSFER,False,2.0,False
T001723,D0044,2025-06-29,2025-08-13,2025-08-16,43600.0,CASH,False,3.0,False
T004033,D0108,2023-08-21,2023-09-05,2023-09-10,208700.0,BANK_TRANSFER,False,5.0,False
T006814,D0182,2023-04-06,2023-05-06,2023-05-09,23100.0,PDC,False,3.0,False
T004460,D0120,2025-03-26,2025-04-25,2025-04-26,69500.0,PDC,False,1.0,False
T004849,D0131,2023-08-05,2023-09-19,2023-09-21,155800.0,PDC,False,2.0,False
T005158,D0138,2024-11-21,2024-12-06,2024-12-06,101700.0,BANK_TRANSFER,False,0.0,False
T005670,D0150,2024-01-07,2024-01-22,2024-01-27,167800.0,BANK_TRANSFER,False,5.0,False
T007830,D0210,2024-04-17,2024-05-02,2024-05-03,237000.0,PDC,False,1.0,False
T000428,D0013,2025-10-17,2025-12-01,2025-12-02,260000.0,PDC,False,1.0,False
T001209,D0032,2025-05-15,2025-05-30,2025-05-31,247500.0,PDC,False,1.0,True
T004556,D0123,2025-09-26,2025-10-26,2025-10-26,54200.0,CASH,False,0.0,False
T006502,D0175,2025-05-25,2025-06-24,2025-06-24,232700.0,CASH,False,0.0,False
T002271,D0058,2023-03-18,2023-04-17,2023-05-18,205300.0,CASH,False,31.0,True
T000390,D0011,2023-09-06,2023-09-21,2023-10-04,48800.0,CASH,False,13.0,False
T000617,D0017,2025-10-20,2025-11-19,2025-11-19,49500.0,CASH,False,0.0,False
T001307,D0035,2025-12-30,2026-01-14,2026-02-08,146100.0,BANK_TRANSFER,False,25.0,False
T000718,D0019,2024-04-27,2024-05-12,2024-05-15,292500.0,PDC,False,3.0,False
T000029,D0001,2023-09-16,2023-10-31,2023-10-31,42200.0,BANK_TRANSFER,False,0.0,False
T001873,D0047,2025-01-21,2025-02-05,2025-02-05,45100.0,BANK_TRANSFER,False,0.0,False
T001435,D0038,2023-03-08,2023-04-22,,198900.0,PDC,True,,True
T003196,D0085,2023-08-24,2023-09-23,2023-09-28,201400.0,BANK_TRANSFER,False,5.0,False
T002538,D0066,2025-03-11,2025-04-25,2025-04-29,245300.0,PDC,False,4.0,False
T001584,D0041,2024-01-02,2024-02-16,2024-02-16,79400.0,CASH,False,0.0,False
T008105,D0216,2023-10-20,2023-11-19,2023-11-22,36400.0,PDC,False,3.0,False
T000319,D0009,2024-08-10,2024-09-09,,128000.0,CASH,False,,False
T007499,D0200,2025-10-03,2025-11-17,2025-11-17,101900.0,BANK_TRANSFER,False,0.0,False
T003555,D0094,2023-01-10,2023-02-09,,145700.0,PDC,False,,False
T003582,D0094,2024-05-11,2024-06-25,2024-06-27,119500.0,CASH,False,2.0,True
T000005,D0001,2024-05-14,2024-06-13,2024-06-13,107200.0,PDC,False,0.0,True
T002278,D0058,2024-02-26,2024-03-27,2024-05-08,254200.0,PDC,False,42.0,True
T006378,D0171,2025-07-04,2025-08-03,2025-08-06,78400.0,PDC,False,3.0,False
T005418,D0144,2025-04-22,2025-06-06,2025-06-07,46600.0,PDC,False,1.0,True
T005618,D0149,2023-01-06,2023-02-20,2023-02-22,238700.0,PDC,False,2.0,False
T006934,D0186,2024-02-20,2024-03-21,2024-03-24,92500.0,PDC,False,3.0,True
T004791,D0129,2023-09-25,2023-10-25,,277300.0,PDC,False,,False
T000688,D0019,2024-12-17,2025-01-01,,30900.0,PDC,False,,False
T007459,D0199,2024-08-23,2024-09-07,,229800.0,PDC,True,,False
T006766,D0182,2025-03-07,2025-03-22,2025-03-23,74800.0,PDC,False,1.0,True
T007002,D0188,2025-04-27,2025-05-12,2025-05-14,118700.0,CASH,False,2.0,False
T007229,D0192,2025-06-14,2025-07-14,2025-07-16,142900.0,PDC,False,2.0,False
T002845,D0075,2025-03-28,2025-05-12,2025-05-12,164900.0,CASH,False,0.0,False
T001956,D0050,2024-09-05,2024-09-20,2024-09-21,188500.0,CASH,False,1.0,False
T003839,D0103,2024-09-20,2024-11-04,2024-12-06,31000.0,PDC,False,32.0,False
T001353,D0036,2023-05-21,2023-06-05,2023-06-05,98900.0,PDC,False,0.0,False
T002524,D0065,2025-09-19,2025-10-19,2025-10-19,244900.0,CASH,False,0.0,False
T003523,D0093,2025-04-16,2025-05-01,2025-05-04,131600.0,PDC,False,3.0,False
T004700,D0126,2025-11-07,2025-12-07,2025-12-07,246000.0,CASH,False,0.0,False
T001043,D0028,2023-07-05,2023-08-04,,166100.0,PDC,True,,False
T000360,D0011,2024-01-05,2024-02-19,2024-03-13,233500.0,PDC,False,23.0,False
T006580,D0177,2025-10-05,2025-11-04,2025-12-17,177200.0,PDC,False,43.0,False
T007907,D0212,2025-06-27,2025-07-12,,222100.0,PDC,True,,False
T002293,D0058,2025-11-23,2025-12-08,2025-12-29,155200.0,PDC,False,21.0,False
T006863,D0184,2023-08-21,2023-09-05,2023-09-30,253200.0,PDC,False,25.0,False
T005948,D0159,2025-10-20,2025-11-04,2025-11-04,164000.0,PDC,False,0.0,False
T002702,D0070,2024-11-05,2024-12-05,,123100.0,PDC,True,,False
T007901,D0211,2025-01-13,2025-01-28,2025-01-29,260600.0,PDC,False,1.0,False
T004278,D0114,2024-05-26,2024-06-10,2024-06-27,205200.0,PDC,False,17.0,True
T002393,D0061,2024-07-29,2024-09-12,2024-09-12,31300.0,PDC,False,0.0,False
T001641,D0042,2024-11-22,2024-12-07,2024-12-07,284700.0,CASH,False,0.0,False
T000975,D0026,2025-10-24,2025-12-08,2025-12-08,116800.0,PDC,False,0.0,False
T000666,D0018,2025-03-15,2025-04-14,,146200.0,PDC,False,,True
T003223,D0086,2024-01-26,2024-02-10,2024-03-18,159600.0,CASH,False,37.0,False
T008119,D0217,2024-01-19,2024-02-18,2024-02-19,84700.0,BANK_TRANSFER,False,1.0,False
T001290,D0034,2025-01-01,2025-01-16,2025-02-09,35700.0,PDC,False,24.0,False
T004297,D0115,2025-01-14,2025-02-13,2025-02-13,170700.0,CASH,False,0.0,False
T006596,D0177,2024-11-14,2024-12-29,2025-01-20,224800.0,CASH,False,22.0,False
T005553,D0147,2023-03-01,2023-03-31,2023-04-01,276300.0,CASH,False,1.0,True
T001041,D0028,2024-12-17,2025-01-16,2025-02-27,74500.0,PDC,False,42.0,False
T004706,D0126,2024-02-26,2024-04-11,2024-04-15,172200.0,PDC,False,4.0,True
T001798,D0045,2023-08-26,2023-09-10,,170400.0,PDC,False,,False
T004680,D0126,2025-10-02,2025-10-17,,188700.0,CASH,False,,False
T007716,D0207,2023-05-06,2023-05-21,2023-07-01,40600.0,PDC,False,41.0,False
T004650,D0125,2023-07-02,2023-07-17,,117200.0,BANK_TRANSFER,False,,False
T001792,D0045,2024-11-27,2024-12-27,2024-12-27,295300.0,CASH,False,0.0,False
T005917,D0158,2024-08-17,2024-09-16,2024-09-21,249100.0,PDC,False,5.0,False
T000722,D0019,2025-07-02,2025-08-16,2025-08-16,39900.0,BANK_TRANSFER,False,0.0,False
T005659,D0150,2024-11-06,2024-12-21,2024-12-24,76700.0,BANK_TRANSFER,False,3.0,False
T006148,D0166,2025-03-17,2025-04-16,2025-04-22,242300.0,CASH,False,6.0,False
T001902,D0047,2025-06-20,2025-08-04,2025-08-04,108600.0,CASH,False,0.0,False
T002757,D0072,2025-05-31,2025-06-15,2025-06-20,94500.0,PDC,False,5.0,True
T001351,D0036,2024-06-25,2024-07-10,2024-07-13,218700.0,CASH,False,3.0,False
T002973,D0079,2025-05-05,2025-06-19,2025-06-24,192300.0,PDC,False,5.0,True
T003488,D0092,2023-11-22,2023-12-22,2023-12-22,172300.0,PDC,False,0.0,False
T000740,D0020,2024-03-15,2024-04-14,,234200.0,PDC,False,,True
T005760,D0152,2023-04-23,2023-05-23,,53000.0,CASH,False,,False
T004833,D0130,2023-10-18,2023-11-17,2023-11-20,87100.0,PDC,False,3.0,False
T000730,D0019,2025-03-28,2025-04-27,2025-04-27,61100.0,PDC,False,0.0,False
T005348,D0142,2024-03-07,2024-03-22,2024-03-24,195100.0,PDC,False,2.0,True
T000922,D0025,2024-10-13,2024-11-27,2024-12-28,102900.0,CASH,False,31.0,False
T000969,D0026,2025-12-24,2026-02-07,2026-02-11,283600.0,BANK_TRANSFER,False,4.0,False
T003747,D0100,2025-07-09,2025-08-08,2025-08-18,128400.0,PDC,False,10.0,False
T007670,D0205,2025-01-16,2025-03-02,2025-03-04,291900.0,CASH,False,2.0,True
T007014,D0188,2023-06-06,2023-06-21,2023-06-23,32500.0,PDC,False,2.0,True
T000934,D0025,2025-03-21,2025-05-05,,24500.0,PDC,False,,False
T007746,D0207,2025-05-28,2025-06-27,2025-07-03,213300.0,CASH,False,6.0,False
T007160,D0191,2024-02-23,2024-03-24,2024-03-29,29200.0,CASH,False,5.0,True
T000442,D0013,2025-03-17,2025-04-16,2025-04-19,223200.0,CASH,False,3.0,False
T002721,D0070,2023-02-23,2023-03-25,,164100.0,PDC,True,,True
T003621,D0095,2024-05-03,2024-05-18,2024-06-27,44600.0,PDC,False,40.0,False
T005147,D0138,2024-04-11,2024-05-11,2024-05-11,287900.0,BANK_TRANSFER,False,0.0,False
T001095,D0029,2025-02-03,2025-02-18,2025-02-22,85000.0,BANK_TRANSFER,False,4.0,True
T003703,D0098,2023-08-01,2023-08-31,2023-09-15,292600.0,PDC,False,15.0,False
T006086,D0163,2024-02-01,2024-03-17,2024-03-19,111800.0,CASH,False,2.0,True
T001127,D0030,2025-08-15,2025-09-14,2025-10-08,117900.0,PDC,False,24.0,False
T006221,D0168,2025-11-09,2025-12-09,2025-12-09,162900.0,CASH,False,0.0,False
T002359,D0060,2023-02-17,2023-04-03,2023-04-21,224500.0,CASH,False,18.0,True
T000427,D0013,2024-10-02,2024-10-17,2024-10-18,94800.0,CASH,False,1.0,False
T006827,D0183,2024-12-09,2025-01-23,2025-01-28,160600.0,BANK_TRANSFER,False,5.0,False
T003560,D0094,2024-10-11,2024-11-10,2024-11-12,175200.0,PDC,False,2.0,False
T001704,D0043,2023-03-20,2023-05-04,2023-05-21,104900.0,PDC,False,17.0,True
T001615,D0041,2023-09-04,2023-09-19,2023-09-20,259700.0,CASH,False,1.0,False
T004547,D0122,2024-11-30,2024-12-30,2025-01-14,243400.0,BANK_TRANSFER,False,15.0,False
T004831,D0130,2025-09-05,2025-10-20,,142700.0,PDC,True,,False
T002021,D0051,2024-10-29,2024-11-13,2024-11-19,183600.0,CASH,False,6.0,False
T003667,D0096,2023-10-20,2023-12-04,2023-12-08,110300.0,PDC,False,4.0,False
T001243,D0033,2023-01-19,2023-02-03,2023-02-04,50300.0,CASH,False,1.0,False
T006503,D0175,2024-02-21,2024-03-07,2024-03-10,43600.0,PDC,False,3.0,True
T005055,D0135,2024-01-21,2024-03-06,2024-03-07,194100.0,PDC,False,1.0,True
T002758,D0072,2025-09-21,2025-10-06,2025-10-11,172900.0,PDC,False,5.0,False
T007418,D0198,2023-05-02,2023-06-16,2023-07-09,272800.0,PDC,False,23.0,True
T000464,D0013,2023-10-10,2023-11-24,,259200.0,PDC,False,,False
T004779,D0129,2024-03-13,2024-04-12,2024-04-15,284000.0,PDC,False,3.0,True
T006057,D0162,2024-12-14,2025-01-28,2025-01-28,148600.0,PDC,False,0.0,False
T002220,D0056,2025-11-06,2025-12-21,,48000.0,PDC,False,,False
T000453,D0013,2025-01-24,2025-02-23,2025-02-23,193900.0,CASH,False,0.0,True
T003686,D0097,2023-09-18,2023-11-02,2023-11-02,208500.0,PDC,False,0.0,False
T003257,D0087,2024-08-04,2024-09-18,2024-09-22,280000.0,BANK_TRANSFER,False,4.0,False
T004822,D0130,2023-09-17,2023-10-17,2023-10-24,190500.0,BANK_TRANSFER,False,7.0,False
T007688,D0206,2025-09-30,2025-11-14,2025-11-14,148700.0,PDC,False,0.0,False
T000940,D0026,2025-10-28,2025-12-12,2025-12-12,269500.0,CASH,False,0.0,False
T000855,D0022,2024-05-11,2024-06-10,2024-06-13,267600.0,PDC,False,3.0,True
T005731,D0152,2025-09-20,2025-10-20,2025-10-20,179100.0,CASH,False,0.0,False
T004011,D0107,2025-06-08,2025-07-23,2025-07-31,68300.0,CASH,False,8.0,False
T002846,D0075,2025-12-12,2026-01-11,2026-01-17,278800.0,BANK_TRANSFER,False,6.0,False
T001410,D0037,2025-02-11,2025-03-28,2025-05-02,59000.0,PDC,False,35.0,True
T003515,D0093,2025-09-02,2025-09-17,2025-09-17,238300.0,PDC,False,0.0,False
T007838,D0210,2023-01-31,2023-03-02,2023-03-05,98500.0,PDC,False,3.0,False
T002659,D0069,2023-10-14,2023-11-28,2024-01-01,43500.0,PDC,False,34.0,False
T005127,D0137,2024-08-02,2024-08-17,2024-09-14,266200.0,CASH,False,28.0,False
T004433,D0119,2023-11-09,2023-11-24,2024-01-07,41900.0,CASH,False,44.0,False
T000665,D0018,2024-10-29,2024-11-28,2024-11-29,176200.0,PDC,False,1.0,False
T007779,D0208,2023-01-23,2023-02-07,2023-03-22,250000.0,PDC,False,43.0,False
T004929,D0132,2023-11-13,2023-12-28,2023-12-30,95100.0,PDC,False,2.0,False
T005585,D0148,2025-04-19,2025-06-03,2025-06-05,127100.0,PDC,False,2.0,True
T007545,D0201,2025-01-04,2025-02-18,2025-02-20,94200.0,BANK_TRANSFER,False,2.0,True
T000925,D0025,2025-10-05,2025-11-19,,160100.0,PDC,True,,False
T008225,D0220,2024-07-31,2024-08-15,2024-08-17,281400.0,PDC,False,2.0,False
T000406,D0012,2024-07-26,2024-08-10,2024-08-20,120800.0,CASH,False,10.0,False
T000189,D0006,2025-05-12,2025-06-26,2025-06-30,90300.0,PDC,False,4.0,False
T007673,D0206,2024-06-11,2024-06-26,,217500.0,PDC,True,,True
T003228,D0086,2024-06-01,2024-07-16,2024-07-26,248100.0,BANK_TRANSFER,False,10.0,False
T007385,D0198,2025-11-01,2025-12-16,2025-12-21,112100.0,CASH,False,5.0,False
T003028,D0081,2023-07-02,2023-08-01,2023-08-02,253900.0,CASH,False,1.0,False
T005080,D0136,2025-07-13,2025-07-28,,225200.0,CASH,False,,False
T005417,D0144,2024-04-19,2024-05-04,2024-05-05,164000.0,PDC,False,1.0,False
T006157,D0167,2023-08-31,2023-09-15,2023-11-08,21400.0,CASH,False,54.0,False
T002164,D0054,2024-07-15,2024-07-30,,252300.0,PDC,False,,False
T003751,D0100,2025-12-18,2026-01-02,2026-01-09,97200.0,PDC,False,7.0,False
T008113,D0217,2025-04-15,2025-04-30,,199300.0,PDC,False,,False
T002572,D0067,2025-05-30,2025-06-29,2025-07-01,111100.0,CASH,False,2.0,False
T002956,D0078,2025-01-10,2025-02-24,2025-02-26,229000.0,CASH,False,2.0,True
T003275,D0087,2024-08-31,2024-09-30,2024-09-30,163200.0,BANK_TRANSFER,False,0.0,False
T004689,D0126,2023-06-18,2023-07-18,2023-07-21,112500.0,PDC,False,3.0,False
T004377,D0118,2024-06-22,2024-07-22,2024-07-24,91900.0,BANK_TRANSFER,False,2.0,False
T007153,D0191,2024-12-17,2025-01-31,2025-01-31,299500.0,PDC,False,0.0,False
T004088,D0109,2023-11-15,2023-12-30,2024-01-14,137800.0,PDC,False,15.0,False
T006457,D0174,2023-10-21,2023-11-20,2023-11-20,55400.0,CASH,False,0.0,False
T007308,D0195,2023-04-16,2023-05-01,,77100.0,PDC,True,,True
T002790,D0072,2024-10-11,2024-11-10,2024-11-14,112600.0,PDC,False,4.0,False
T003964,D0106,2024-11-28,2024-12-28,2024-12-31,55400.0,BANK_TRANSFER,False,3.0,False
T001544,D0040,2025-01-18,2025-02-02,2025-02-02,121000.0,PDC,False,0.0,False
T003422,D0090,2024-08-03,2024-08-18,2024-08-18,168400.0,PDC,False,0.0,False
T006488,D0175,2025-01-31,2025-02-15,2025-02-21,89800.0,PDC,False,6.0,True
T006410,D0172,2023-09-30,2023-10-30,2023-10-30,230300.0,BANK_TRANSFER,False,0.0,False
T007936,D0212,2024-08-12,2024-08-27,2024-09-07,222900.0,BANK_TRANSFER,False,11.0,False
T002417,D0061,2025-09-09,2025-10-09,2025-10-11,243400.0,CASH,False,2.0,False
T007792,D0209,2025-10-07,2025-10-22,,249000.0,PDC,False,,False
T002569,D0067,2024-02-10,2024-02-25,2024-03-01,218000.0,PDC,False,5.0,False
T003480,D0091,2025-03-12,2025-03-27,2025-03-28,140200.0,CASH,False,1.0,True
T003274,D0087,2024-03-04,2024-03-19,,230500.0,PDC,False,,True
T000808,D0021,2025-03-22,2025-04-21,2025-04-24,141500.0,CASH,False,3.0,False
T000751,D0020,2025-07-25,2025-08-24,2025-09-02,259300.0,PDC,False,9.0,False
T006361,D0171,2025-04-19,2025-06-03,2025-06-06,120000.0,CASH,False,3.0,True
T003987,D0106,2024-08-29,2024-09-13,,81200.0,CASH,False,,False
T004017,D0107,2024-08-28,2024-10-12,2024-10-27,69200.0,PDC,False,15.0,False
T004657,D0125,2024-12-20,2025-02-03,2025-02-27,70300.0,CASH,False,24.0,False
T007433,D0198,2025-07-07,2025-08-21,2025-09-09,121500.0,CASH,False,19.0,False
T002938,D0078,2024-09-06,2024-10-21,2024-10-21,127300.0,PDC,False,0.0,False
T002070,D0052,2025-06-03,2025-07-18,2025-08-09,99400.0,BANK_TRANSFER,False,22.0,False
T007259,D0193,2025-01-02,2025-02-16,2025-03-26,183000.0,CASH,False,38.0,True
T000308,D0009,2025-09-11,2025-10-11,2025-10-12,150700.0,PDC,False,1.0,False
T002715,D0070,2023-04-25,2023-06-09,2023-07-10,102800.0,PDC,False,31.0,False
T000158,D0005,2024-06-20,2024-08-04,2024-08-04,234600.0,PDC,False,0.0,False
T003156,D0084,2025-07-07,2025-07-22,2025-07-23,183600.0,CASH,False,1.0,False
T002272,D0058,2025-05-15,2025-06-29,2025-07-25,78100.0,PDC,False,26.0,False
T002698,D0070,2023-01-11,2023-02-10,2023-03-06,192700.0,PDC,False,24.0,False
T003810,D0102,2023-10-08,2023-11-22,2023-11-25,63100.0,PDC,False,3.0,False
T006829,D0183,2024-01-13,2024-01-28,2024-02-10,34800.0,CASH,False,13.0,False
T004393,D0118,2023-04-05,2023-05-20,2023-05-20,284000.0,PDC,False,0.0,False
T005178,D0138,2024-04-17,2024-05-02,2024-05-05,199800.0,CASH,False,3.0,False
T002186,D0055,2023-06-10,2023-07-10,2023-07-27,266600.0,CASH,False,17.0,True
T003225,D0086,2024-12-03,2025-01-02,2025-02-11,90700.0,CASH,False,40.0,False
T003048,D0081,2024-04-05,2024-05-20,2024-05-21,29400.0,CASH,False,1.0,False
T001241,D0033,2025-01-08,2025-02-07,2025-02-11,106600.0,PDC,False,4.0,False
T002634,D0068,2025-12-09,2025-12-24,2025-12-25,163400.0,PDC,False,1.0,False
T003250,D0087,2024-07-26,2024-09-09,2024-09-09,103000.0,PDC,False,0.0,False
T003533,D0093,2024-04-06,2024-05-21,2024-05-22,117900.0,PDC,False,1.0,False
T000980,D0026,2024-01-17,2024-03-02,2024-03-07,147500.0,CASH,False,5.0,True
T003120,D0083,2025-04-13,2025-04-28,,71600.0,PDC,True,,False
T001705,D0043,2025-07-24,2025-08-08,,38400.0,BANK_TRANSFER,False,,False
T000729,D0019,2025-11-30,2025-12-30,2026-01-02,208700.0,PDC,False,3.0,False
T005756,D0152,2024-02-03,2024-02-18,2024-02-21,32900.0,BANK_TRANSFER,False,3.0,False
T007739,D0207,2024-04-23,2024-05-08,,59300.0,PDC,True,,False
T001758,D0045,2025-10-13,2025-11-27,2025-12-01,135800.0,CASH,False,4.0,False
T003434,D0090,2024-10-06,2024-11-20,,173400.0,CASH,False,,False
T004614,D0124,2024-03-24,2024-04-08,2024-04-11,248600.0,BANK_TRANSFER,False,3.0,True
T003573,D0094,2025-02-16,2025-03-18,2025-03-18,134000.0,CASH,False,0.0,True
T003397,D0090,2024-01-25,2024-02-24,2024-02-26,68600.0,PDC,False,2.0,False
T006885,D0184,2023-06-01,2023-06-16,,71300.0,PDC,True,,True
T003680,D0097,2025-01-02,2025-02-01,2025-02-03,217200.0,PDC,False,2.0,False
T008038,D0215,2025-12-22,2026-01-06,2026-02-28,275500.0,BANK_TRANSFER,False,53.0,False
T004117,D0110,2023-06-30,2023-07-15,2023-07-21,293200.0,BANK_TRANSFER,False,6.0,False
T003778,D0101,2025-05-02,2025-06-16,2025-06-18,137000.0,CASH,False,2.0,True
T000090,D0004,2025-05-18,2025-06-02,2025-06-02,142500.0,BANK_TRANSFER,False,0.0,True
T003456,D0091,2024-12-22,2025-02-05,2025-02-11,117100.0,PDC,False,6.0,False
T007495,D0200,2025-04-20,2025-05-20,2025-05-22,84100.0,PDC,False,2.0,False
T000040,D0002,2025-01-03,2025-02-17,,206200.0,PDC,False,,True
T006551,D0176,2023-04-08,2023-05-08,,265600.0,PDC,True,,False
T001565,D0040,2023-12-23,2024-02-06,2024-02-11,143600.0,PDC,False,5.0,False
T007629,D0203,2024-03-05,2024-04-04,2024-04-14,202300.0,BANK_TRANSFER,False,10.0,True
T007663,D0205,2025-02-26,2025-04-12,2025-04-19,80700.0,CASH,False,7.0,True
T006564,D0177,2024-11-09,2024-12-24,2025-01-29,162800.0,BANK_TRANSFER,False,36.0,False
T006889,D0184,2024-11-13,2024-11-28,2024-12-19,62000.0,PDC,False,21.0,False
T004054,D0108,2024-01-30,2024-02-29,2024-03-01,194900.0,PDC,False,1.0,True
T007046,D0189,2024-01-08,2024-02-07,2024-02-11,198500.0,PDC,False,4.0,False
T000762,D0020,2025-09-10,2025-10-10,2025-10-15,285600.0,CASH,False,5.0,False
T000505,D0014,2024-01-14,2024-01-29,2024-02-02,70900.0,PDC,False,4.0,False
T007444,D0199,2024-03-18,2024-05-02,2024-05-12,130300.0,PDC,False,10.0,False
T006743,D0181,2025-10-26,2025-11-25,2025-12-25,185200.0,BANK_TRANSFER,False,30.0,False
T007231,D0192,2023-01-13,2023-02-12,2023-02-12,245800.0,CASH,False,0.0,False
T003266,D0087,2025-01-31,2025-02-15,2025-02-15,237500.0,PDC,False,0.0,True
T001516,D0039,2023-07-04,2023-07-19,2023-08-27,30900.0,PDC,False,39.0,False
T000086,D0003,2025-11-15,2025-11-30,2025-12-13,202500.0,PDC,False,13.0,False
T004790,D0129,2025-08-17,2025-09-01,,82300.0,BANK_TRANSFER,False,,False
T002960,D0078,2023-11-27,2023-12-12,2023-12-15,212600.0,PDC,False,3.0,False
T006692,D0180,2023-11-28,2024-01-12,2024-01-12,156100.0,PDC,False,0.0,False
T001431,D0038,2024-07-16,2024-08-15,2024-09-05,237200.0,PDC,False,21.0,False
T001522,D0039,2024-01-07,2024-01-22,2024-03-19,142600.0,BANK_TRANSFER,False,57.0,False
T002324,D0059,2024-08-06,2024-08-21,2024-08-21,79100.0,BANK_TRANSFER,False,0.0,False
T003426,D0090,2023-06-16,2023-07-16,2023-07-16,229800.0,PDC,False,0.0,False
T007175,D0191,2025-10-29,2025-11-28,2025-11-29,181400.0,PDC,False,1.0,False
T007127,D0190,2024-09-03,2024-10-18,2024-10-20,232400.0,BANK_TRANSFER,False,2.0,False
T003694,D0097,2024-11-09,2024-11-24,2024-11-25,140500.0,PDC,False,1.0,False
T005600,D0148,2024-12-18,2025-01-17,2025-01-17,153600.0,PDC,False,0.0,False
T003701,D0098,2023-11-10,2023-12-25,2024-01-03,268300.0,BANK_TRANSFER,False,9.0,False
T000509,D0014,2023-01-24,2023-02-23,2023-02-23,286600.0,CASH,False,0.0,False
T001458,D0038,2023-07-17,2023-08-16,2023-09-02,216400.0,CASH,False,17.0,False
T000315,D0009,2025-03-22,2025-05-06,,167200.0,PDC,False,,False
T004487,D0121,2024-02-06,2024-02-21,2024-03-01,167100.0,PDC,False,9.0,False
T008097,D0216,2023-09-29,2023-10-29,2023-11-01,122700.0,BANK_TRANSFER,False,3.0,False
T000653,D0018,2023-05-10,2023-05-25,2023-05-25,49000.0,PDC,False,0.0,False
T004969,D0134,2024-03-24,2024-04-08,2024-04-09,84800.0,BANK_TRANSFER,False,1.0,True
T008193,D0219,2025-08-04,2025-09-18,2025-09-18,157800.0,PDC,False,0.0,False
T001750,D0045,2023-09-07,2023-10-22,2023-10-25,297700.0,BANK_TRANSFER,False,3.0,False
T002579,D0067,2024-08-25,2024-10-09,,289600.0,BANK_TRANSFER,False,,False
T003620,D0095,2025-09-03,2025-10-18,,282600.0,PDC,True,,False
T001475,D0038,2023-02-17,2023-03-04,2023-03-20,231900.0,CASH,False,16.0,False
T000334,D0010,2024-12-30,2025-02-13,,74500.0,PDC,True,,False
T007512,D0200,2025-10-09,2025-10-24,2025-10-27,127700.0,BANK_TRANSFER,False,3.0,False
T005488,D0145,2023-05-28,2023-07-12,2023-07-24,203700.0,PDC,False,12.0,False
T004559,D0123,2025-03-07,2025-04-06,2025-04-09,210000.0,BANK_TRANSFER,False,3.0,True
T004437,D0119,2023-05-22,2023-06-21,2023-08-09,96500.0,BANK_TRANSFER,False,49.0,True
T002962,D0078,2025-02-26,2025-03-28,2025-03-30,157700.0,CASH,False,2.0,True
T008123,D0217,2024-05-30,2024-07-14,,96000.0,CASH,False,,False
T004184,D0111,2024-11-26,2024-12-26,2024-12-28,107100.0,CASH,False,2.0,False
T007698,D0207,2023-08-16,2023-08-31,2023-09-15,272900.0,PDC,False,15.0,False
T005275,D0140,2024-06-27,2024-07-12,2024-07-13,21000.0,PDC,False,1.0,False
T006737,D0181,2024-07-04,2024-08-03,2024-08-06,55000.0,PDC,False,3.0,False
T001183,D0032,2024-02-06,2024-02-21,2024-02-21,242100.0,PDC,False,0.0,False
T002996,D0080,2025-04-02,2025-05-17,2025-06-08,210600.0,CASH,False,22.0,False
T003504,D0093,2024-03-25,2024-04-24,2024-04-25,22300.0,PDC,False,1.0,True
T000684,D0018,2025-11-28,2026-01-12,2026-01-12,105100.0,PDC,False,0.0,False
T000957,D0026,2023-07-10,2023-08-24,2023-08-28,157800.0,PDC,False,4.0,False
T007646,D0204,2023-04-26,2023-06-10,2023-06-20,54200.0,PDC,False,10.0,False
T004753,D0127,2023-08-28,2023-09-27,2023-09-29,226400.0,PDC,False,2.0,False
T002316,D0059,2025-03-21,2025-05-05,2025-05-05,62100.0,CASH,False,0.0,False
T002332,D0059,2025-10-21,2025-11-05,2025-11-09,179200.0,CASH,False,4.0,False
T007082,D0190,2025-08-13,2025-09-27,2025-10-12,224200.0,PDC,False,15.0,False
T002414,D0061,2023-09-07,2023-10-07,,218800.0,PDC,False,,False
T000640,D0017,2023-06-18,2023-07-18,2023-07-18,146400.0,PDC,False,0.0,False
T003939,D0105,2023-08-27,2023-09-26,2023-09-26,205300.0,CASH,False,0.0,False
T000306,D0009,2023-11-28,2023-12-13,2023-12-16,43600.0,CASH,False,3.0,False
T000079,D0003,2024-03-14,2024-03-29,2024-04-10,69500.0,PDC,False,12.0,True
T004674,D0126,2025-11-27,2025-12-12,2025-12-15,117000.0,BANK_TRANSFER,False,3.0,False
T005018,D0135,2025-02-11,2025-02-26,2025-03-03,52000.0,PDC,False,5.0,True
T001327,D0035,2025-01-29,2025-03-15,,87900.0,PDC,True,,True
T003262,D0087,2024-09-12,2024-10-27,,297400.0,CASH,False,,False
T002912,D0077,2024-02-23,2024-04-08,2024-04-26,101300.0,PDC,False,18.0,True
T006432,D0173,2023-02-04,2023-03-06,2023-03-06,216300.0,CASH,False,0.0,False
T000232,D0007,2025-06-26,2025-08-10,2025-09-13,181600.0,PDC,False,34.0,False
T003477,D0091,2025-11-28,2026-01-12,2026-01-15,127500.0,PDC,False,3.0,False
T000180,D0006,2024-02-25,2024-03-11,2024-03-11,135100.0,CASH,False,0.0,True
T000393,D0011,2023-09-23,2023-11-07,2023-12-01,115300.0,BANK_TRANSFER,False,24.0,False
T004411,D0118,2025-04-21,2025-05-21,2025-05-21,167700.0,PDC,False,0.0,False
T002651,D0069,2024-08-15,2024-09-29,2024-10-26,59200.0,BANK_TRANSFER,False,27.0,False
T001306,D0034,2025-12-22,2026-02-05,,192700.0,PDC,True,,False
T006733,D0181,2023-06-11,2023-07-26,2023-09-17,107500.0,CASH,False,53.0,False
T000962,D0026,2025-06-06,2025-07-21,2025-07-22,253100.0,CASH,False,1.0,False
T005250,D0140,2024-06-23,2024-07-23,2024-07-26,235700.0,PDC,False,3.0,False
T004114,D0110,2023-01-07,2023-02-06,2023-02-09,103800.0,PDC,False,3.0,False
T003740,D0100,2025-09-02,2025-10-02,2025-10-10,253000.0,CASH,False,8.0,False
T005363,D0143,2025-05-14,2025-06-28,2025-06-29,96000.0,PDC,False,1.0,False
T001122,D0030,2024-07-27,2024-08-26,2024-09-11,106200.0,PDC,False,16.0,False
T006893,D0184,2025-05-31,2025-06-15,,213800.0,PDC,True,,True
T001709,D0043,2025-03-26,2025-04-25,2025-05-07,219800.0,CASH,False,12.0,False
T002379,D0061,2025-03-25,2025-05-09,2025-05-13,190400.0,PDC,False,4.0,False
T007284,D0194,2023-11-10,2023-12-25,2023-12-25,148800.0,CASH,False,0.0,False
T005072,D0136,2025-05-15,2025-06-29,2025-06-30,214500.0,PDC,False,1.0,False
T000359,D0011,2025-05-31,2025-07-15,2025-07-15,225500.0,BANK_TRANSFER,False,0.0,False
T004267,D0114,2025-03-14,2025-03-29,2025-04-02,27700.0,BANK_TRANSFER,False,4.0,True
T002087,D0053,2025-12-02,2025-12-17,2025-12-21,175000.0,PDC,False,4.0,False
T001342,D0035,2025-12-13,2026-01-27,2026-02-21,28500.0,PDC,False,25.0,False
T004104,D0109,2023-11-19,2023-12-19,2023-12-28,32100.0,CASH,False,9.0,False
T007874,D0211,2024-11-16,2024-12-31,2025-01-01,221200.0,BANK_TRANSFER,False,1.0,False
T002041,D0051,2024-05-22,2024-06-21,2024-07-08,142800.0,PDC,False,17.0,True
T002335,D0059,2025-03-08,2025-04-07,2025-04-12,198300.0,CASH,False,5.0,True
T000384,D0011,2023-06-01,2023-07-01,2023-07-01,175300.0,PDC,False,0.0,True
T002092,D0053,2025-05-13,2025-06-27,,200800.0,CASH,False,,False
T002886,D0076,2024-03-27,2024-04-11,,32300.0,CASH,False,,True
T001790,D0045,2025-06-27,2025-08-11,2025-08-13,269600.0,PDC,False,2.0,False
T007892,D0211,2024-11-12,2024-12-12,2024-12-13,162400.0,PDC,False,1.0,False
T007065,D0189,2023-06-05,2023-07-05,2023-07-07,130300.0,CASH,False,2.0,True
T005159,D0138,2025-10-14,2025-11-13,2025-11-13,86000.0,PDC,False,0.0,False
T006910,D0185,2024-06-20,2024-07-20,2024-07-20,195500.0,CASH,False,0.0,False
T001754,D0045,2025-12-19,2026-01-03,2026-01-08,144200.0,PDC,False,5.0,False
T003229,D0086,2025-01-19,2025-02-18,2025-03-30,27200.0,CASH,False,40.0,True
T007417,D0198,2024-05-06,2024-06-20,2024-07-04,209700.0,CASH,False,14.0,True
T004030,D0108,2023-06-08,2023-07-08,2023-07-09,102000.0,PDC,False,1.0,True
T003198,D0085,2024-02-11,2024-03-12,2024-03-14,98000.0,CASH,False,2.0,True
T007062,D0189,2023-11-12,2023-12-27,2023-12-29,66700.0,PDC,False,2.0,False
T003711,D0098,2024-02-15,2024-03-16,2024-04-01,282300.0,PDC,False,16.0,True
T007497,D0200,2023-01-20,2023-02-04,2023-02-04,159600.0,PDC,False,0.0,False
T005656,D0150,2025-12-19,2026-02-02,2026-02-04,295400.0,PDC,False,2.0,False
T003167,D0085,2025-07-31,2025-08-30,2025-09-01,274300.0,PDC,False,2.0,False
T005416,D0144,2025-08-01,2025-08-16,2025-08-16,260100.0,BANK_TRANSFER,False,0.0,False
T007182,D0192,2023-12-08,2024-01-22,2024-01-23,218200.0,CASH,False,1.0,False
T004276,D0114,2025-10-27,2025-11-11,2025-11-22,80300.0,PDC,False,11.0,False
T006859,D0183,2023-10-08,2023-10-23,2023-11-02,111000.0,PDC,False,10.0,False
T004854,D0131,2023-06-12,2023-07-12,2023-07-12,286300.0,PDC,False,0.0,False
T006479,D0174,2024-02-11,2024-03-27,2024-03-27,52400.0,BANK_TRANSFER,False,0.0,True
T007491,D0200,2024-04-16,2024-05-16,2024-05-17,148700.0,PDC,False,1.0,False
T004570,D0123,2025-06-15,2025-06-30,2025-07-03,295100.0,PDC,False,3.0,False
T005258,D0140,2023-11-05,2023-11-20,2023-11-20,23600.0,BANK_TRANSFER,False,0.0,False
T006215,D0168,2025-10-17,2025-12-01,2025-12-01,77300.0,PDC,False,0.0,False
T001964,D0050,2023-10-18,2023-12-02,2023-12-03,206800.0,BANK_TRANSFER,False,1.0,False
T004123,D0110,2024-09-22,2024-11-06,2024-11-11,88900.0,CASH,False,5.0,False
T001882,D0047,2025-08-18,2025-09-17,2025-09-18,100300.0,PDC,False,1.0,False
T002789,D0072,2024-12-13,2025-01-27,2025-01-28,93500.0,PDC,False,1.0,False
T003548,D0093,2025-05-22,2025-06-21,,40400.0,CASH,False,,False
T001366,D0036,2025-09-04,2025-09-19,2025-09-19,162900.0,BANK_TRANSFER,False,0.0,False
T003539,D0093,2025-03-18,2025-04-17,2025-04-18,32400.0,PDC,False,1.0,False
T000733,D0019,2024-08-16,2024-09-30,2024-09-30,58400.0,PDC,False,0.0,False
T006663,D0179,2024-09-28,2024-10-13,2024-10-17,110600.0,CASH,False,4.0,False
T007643,D0204,2025-08-25,2025-09-09,2025-10-01,286300.0,PDC,False,22.0,False
T006309,D0170,2024-11-12,2024-12-12,2024-12-21,112200.0,CASH,False,9.0,False
T006037,D0162,2024-10-31,2024-11-15,2024-11-16,287500.0,PDC,False,1.0,False
T002347,D0060,2024-10-31,2024-11-30,,147900.0,CASH,False,,False
T006715,D0181,2025-06-07,2025-06-22,2025-07-17,58000.0,PDC,False,25.0,False
T000757,D0020,2024-06-29,2024-07-14,,296800.0,CASH,False,,False
T005139,D0138,2024-07-22,2024-08-21,2024-08-23,139300.0,PDC,False,2.0,False
T004737,D0127,2025-09-02,2025-10-02,2025-10-07,72600.0,PDC,False,5.0,False
T001060,D0029,2024-07-20,2024-09-03,2024-09-03,187800.0,PDC,False,0.0,False
T005677,D0150,2024-09-19,2024-11-03,2024-11-06,273900.0,BANK_TRANSFER,False,3.0,False
T004598,D0124,2025-09-21,2025-10-21,2025-10-21,251800.0,PDC,False,0.0,False
T007547,D0201,2024-03-31,2024-04-30,2024-04-30,287300.0,BANK_TRANSFER,False,0.0,False
T008137,D0217,2025-02-24,2025-03-26,2025-03-29,33100.0,PDC,False,3.0,True
T007890,D0211,2023-10-31,2023-12-15,2023-12-15,239200.0,BANK_TRANSFER,False,0.0,False
T006917,D0185,2024-07-06,2024-08-05,2024-08-07,24100.0,PDC,False,2.0,False
T004425,D0118,2025-07-18,2025-09-01,,126200.0,CASH,False,,False
T001407,D0037,2025-10-27,2025-11-26,2025-12-27,91100.0,PDC,False,31.0,False
T005373,D0143,2025-10-23,2025-11-07,2025-11-11,272200.0,PDC,False,4.0,False
T004610,D0124,2023-06-18,2023-07-18,2023-07-20,67900.0,BANK_TRANSFER,False,2.0,False
T006646,D0178,2023-12-11,2023-12-26,2023-12-26,192300.0,CASH,False,0.0,False
T002723,D0071,2023-05-19,2023-07-03,,222300.0,CASH,False,,True
T001527,D0039,2023-07-12,2023-08-26,2023-10-06,221400.0,CASH,False,41.0,False
T002689,D0070,2023-02-17,2023-04-03,2023-05-02,210300.0,CASH,False,29.0,True
T007541,D0201,2025-03-11,2025-03-26,2025-03-26,277000.0,PDC,False,0.0,True
T003355,D0089,2025-06-21,2025-07-21,2025-07-22,202200.0,PDC,False,1.0,False
T002917,D0077,2023-02-18,2023-03-05,2023-03-17,85400.0,CASH,False,12.0,False
T007194,D0192,2024-04-30,2024-06-14,2024-06-15,83600.0,PDC,False,1.0,True
T002608,D0067,2025-04-18,2025-05-18,,292600.0,CASH,False,,False
T001068,D0029,2023-03-14,2023-04-28,,230000.0,CASH,False,,True
T004362,D0117,2023-08-17,2023-09-01,2023-09-04,109100.0,PDC,False,3.0,False
T008153,D0218,2025-02-03,2025-02-18,2025-02-20,284700.0,CASH,False,2.0,True
T004765,D0128,2023-12-24,2024-01-23,2024-01-23,74400.0,BANK_TRANSFER,False,0.0,False
T001679,D0043,2025-12-08,2025-12-23,2025-12-28,277600.0,PDC,False,5.0,False
T002247,D0057,2025-09-03,2025-09-18,2025-10-16,48800.0,BANK_TRANSFER,False,28.0,False
T000979,D0026,2024-03-25,2024-04-09,2024-04-14,148100.0,PDC,False,5.0,True
T003520,D0093,2024-09-23,2024-10-08,2024-10-10,268200.0,PDC,False,2.0,False
T001555,D0040,2025-03-23,2025-05-07,2025-05-11,25300.0,PDC,False,4.0,False
T001796,D0045,2024-02-25,2024-04-10,,264800.0,PDC,False,,True
T005590,D0148,2024-11-13,2024-12-28,2024-12-30,184200.0,PDC,False,2.0,False
T005927,D0158,2024-07-25,2024-08-24,2024-08-28,74400.0,CASH,False,4.0,False
T006257,D0169,2025-03-31,2025-04-30,2025-05-04,219300.0,CASH,False,4.0,False
T003676,D0096,2024-08-31,2024-10-15,,197500.0,BANK_TRANSFER,False,,False
T003270,D0087,2024-06-21,2024-07-06,2024-07-07,78300.0,PDC,False,1.0,False
T004167,D0111,2024-05-16,2024-05-31,2024-06-06,289100.0,CASH,False,6.0,False
T002306,D0058,2024-09-27,2024-10-27,2024-11-10,49600.0,PDC,False,14.0,False
T005680,D0150,2025-03-07,2025-04-21,2025-04-22,286600.0,PDC,False,1.0,False
T005474,D0145,2024-07-13,2024-08-27,2024-09-05,53700.0,CASH,False,9.0,False
T005002,D0134,2023-01-01,2023-01-16,,130400.0,CASH,False,,False
T001815,D0046,2023-04-14,2023-04-29,2023-05-01,115500.0,PDC,False,2.0,True
T002554,D0066,2025-07-07,2025-08-21,2025-08-28,243900.0,PDC,False,7.0,False
T003061,D0082,2024-09-14,2024-09-29,2024-10-01,229800.0,CASH,False,2.0,False
T007438,D0198,2025-01-08,2025-01-23,2025-01-25,70500.0,PDC,False,2.0,False
T001702,D0043,2025-02-18,2025-04-04,2025-04-20,258400.0,PDC,False,16.0,True
T005231,D0139,2024-01-18,2024-02-02,2024-02-16,225600.0,CASH,False,14.0,False
T003078,D0082,2024-02-24,2024-03-10,,216800.0,PDC,False,,True
T002786,D0072,2023-10-02,2023-10-17,2023-10-21,220800.0,CASH,False,4.0,False
T003773,D0100,2024-11-23,2024-12-23,2025-01-02,142400.0,PDC,False,10.0,False
T007071,D0189,2023-11-18,2023-12-03,2023-12-07,258000.0,CASH,False,4.0,False
T002425,D0061,2023-12-31,2024-01-15,2024-01-19,204000.0,BANK_TRANSFER,False,4.0,False
T005970,D0160,2025-02-27,2025-03-14,2025-03-16,103400.0,PDC,False,2.0,True
T006209,D0167,2025-11-01,2025-11-16,,125800.0,PDC,True,,False
T002934,D0078,2025-08-22,2025-09-21,2025-09-21,112100.0,PDC,False,0.0,False
T007029,D0189,2024-03-27,2024-05-11,2024-05-14,268400.0,PDC,False,3.0,False
T003836,D0103,2024-03-16,2024-03-31,2024-05-23,84300.0,CASH,False,53.0,True
T007783,D0208,2023-08-20,2023-09-19,2023-10-05,255400.0,PDC,False,16.0,False
T006507,D0175,2025-01-15,2025-03-01,2025-03-03,275400.0,CASH,False,2.0,True
T001699,D0043,2025-06-18,2025-08-02,,174000.0,PDC,False,,False
T004808,D0129,2023-03-22,2023-04-06,2023-04-07,176900.0,BANK_TRANSFER,False,1.0,True
T001077,D0029,2024-09-20,2024-10-20,2024-10-23,281200.0,CASH,False,3.0,False
T003789,D0101,2025-05-30,2025-07-14,2025-07-15,28100.0,PDC,False,1.0,False
T006542,D0176,2023-11-07,2023-12-07,,174000.0,PDC,False,,False
T000530,D0015,2025-08-04,2025-09-18,,246500.0,CASH,False,,False
T007221,D0192,2025-09-05,2025-09-20,2025-09-22,36600.0,PDC,False,2.0,False
T003878,D0103,2025-07-30,2025-09-13,2025-10-10,83200.0,PDC,False,27.0,False
T008118,D0217,2025-08-08,2025-09-22,2025-09-24,24300.0,PDC,False,2.0,False
T005862,D0155,2023-06-26,2023-07-26,2023-08-11,182000.0,CASH,False,16.0,False
T000526,D0015,2024-02-25,2024-04-10,,176500.0,PDC,False,,True
T005986,D0160,2025-05-21,2025-06-05,2025-06-08,81400.0,CASH,False,3.0,True
T001955,D0049,2025-12-29,2026-01-13,2026-01-29,204900.0,PDC,False,16.0,False
T007404,D0198,2023-01-18,2023-03-04,2023-03-07,227800.0,PDC,False,3.0,False
T006751,D0181,2025-01-30,2025-03-16,2025-05-13,181000.0,PDC,False,58.0,True
T008079,D0216,2023-02-20,2023-04-06,2023-04-09,207400.0,CASH,False,3.0,True
T008149,D0217,2025-01-16,2025-01-31,2025-02-05,256000.0,CASH,False,5.0,False
T007888,D0211,2023-07-30,2023-09-13,2023-09-17,40700.0,PDC,False,4.0,False
T006724,D0181,2025-04-14,2025-04-29,2025-06-06,289000.0,CASH,False,38.0,False
T002879,D0076,2023-07-30,2023-08-29,,294100.0,CASH,False,,False
T001593,D0041,2024-05-07,2024-06-21,2024-06-23,285200.0,PDC,False,2.0,True
T000020,D0001,2023-09-05,2023-10-20,2023-10-22,226300.0,PDC,False,2.0,False
T002756,D0072,2024-04-01,2024-04-16,2024-04-16,117600.0,PDC,False,0.0,True
T005650,D0149,2025-03-09,2025-03-24,,109200.0,PDC,False,,True
T008154,D0218,2025-07-29,2025-09-12,2025-09-18,183200.0,CASH,False,6.0,False
T005769,D0153,2023-02-05,2023-03-07,2023-03-09,182500.0,CASH,False,2.0,False
T006051,D0162,2024-09-10,2024-09-25,2024-09-27,58900.0,BANK_TRANSFER,False,2.0,False
T006275,D0169,2025-03-21,2025-05-05,2025-05-11,124700.0,CASH,False,6.0,False
T008032,D0215,2024-05-01,2024-05-31,2024-07-17,190400.0,PDC,False,47.0,False
T007891,D0211,2025-04-16,2025-05-16,2025-05-20,232500.0,PDC,False,4.0,False
T007423,D0198,2024-06-07,2024-07-22,2024-08-06,180800.0,PDC,False,15.0,False
T004834,D0131,2023-03-15,2023-04-29,,125200.0,CASH,False,,True
T002290,D0058,2024-10-03,2024-10-18,2024-11-14,224900.0,PDC,False,27.0,False
T000948,D0026,2025-12-06,2026-01-20,2026-01-21,269600.0,PDC,False,1.0,False
T003235,D0087,2024-02-24,2024-04-09,2024-04-14,146800.0,PDC,False,5.0,True
T006394,D0172,2025-05-29,2025-07-13,2025-07-16,49300.0,PDC,False,3.0,False
T000905,D0024,2025-04-23,2025-06-07,2025-06-10,56200.0,PDC,False,3.0,True
T006637,D0178,2024-05-07,2024-06-06,2024-06-09,111700.0,CASH,False,3.0,True
T005246,D0139,2025-04-09,2025-05-09,2025-05-24,69400.0,PDC,False,15.0,False
T006610,D0178,2024-03-22,2024-05-06,2024-05-06,267500.0,PDC,False,0.0,False
T002520,D0065,2025-07-24,2025-08-23,2025-08-27,58200.0,PDC,False,4.0,False
T004629,D0125,2024-04-11,2024-05-26,,273900.0,PDC,False,,False
T004180,D0111,2024-11-27,2025-01-11,2025-01-11,75700.0,CASH,False,0.0,False
T001524,D0039,2023-09-07,2023-10-22,,90800.0,PDC,True,,False
T005623,D0149,2024-04-27,2024-05-27,2024-05-27,242600.0,PDC,False,0.0,False
T001024,D0028,2025-10-03,2025-11-17,2025-12-25,147200.0,CASH,False,38.0,False
T001626,D0042,2024-07-31,2024-08-15,2024-08-19,120400.0,PDC,False,4.0,False
T007553,D0201,2024-11-01,2024-12-01,2024-12-03,276100.0,PDC,False,2.0,False
T006172,D0167,2024-10-15,2024-11-29,2024-12-25,247600.0,PDC,False,26.0,False
T005540,D0146,2024-06-29,2024-07-14,2024-07-14,217400.0,PDC,False,0.0,False
T008045,D0215,2024-07-09,2024-08-23,2024-09-06,233200.0,PDC,False,14.0,False
T003041,D0081,2023-03-12,2023-04-26,2023-05-04,178300.0,PDC,False,8.0,True
T004134,D0110,2025-02-28,2025-03-15,2025-03-15,47700.0,PDC,False,0.0,True
T001669,D0043,2024-06-11,2024-07-11,2024-07-29,177200.0,BANK_TRANSFER,False,18.0,False
T006134,D0165,2025-03-14,2025-04-28,2025-05-15,288700.0,PDC,False,17.0,False
T006708,D0180,2024-06-05,2024-07-05,2024-07-08,93300.0,CASH,False,3.0,False
T001515,D0039,2025-06-16,2025-07-31,2025-08-07,209600.0,PDC,False,7.0,False
T005551,D0147,2024-06-23,2024-07-08,2024-07-10,192200.0,PDC,False,2.0,False
T008044,D0215,2023-01-12,2023-02-11,2023-02-25,186000.0,CASH,False,14.0,False
T001556,D0040,2025-01-12,2025-01-27,2025-01-31,284700.0,PDC,False,4.0,False
T004225,D0113,2025-12-03,2026-01-17,2026-02-19,281500.0,BANK_TRANSFER,False,33.0,False
T003033,D0081,2024-01-24,2024-02-23,2024-02-23,112600.0,BANK_TRANSFER,False,0.0,False
T004194,D0111,2023-01-24,2023-02-23,,271000.0,CASH,False,,False
T005918,D0158,2025-04-12,2025-04-27,2025-04-28,224900.0,PDC,False,1.0,False
T001725,D0044,2025-06-23,2025-08-07,2025-08-11,41500.0,PDC,False,4.0,False
T000636,D0017,2024-12-29,2025-02-12,2025-02-16,90900.0,BANK_TRANSFER,False,4.0,False
T006423,D0172,2023-11-24,2023-12-24,2023-12-27,167000.0,PDC,False,3.0,False
T001592,D0041,2025-05-31,2025-07-15,2025-07-15,247100.0,PDC,False,0.0,False
T002259,D0057,2024-08-03,2024-09-17,2024-10-01,296200.0,CASH,False,14.0,False
T006455,D0174,2025-03-14,2025-04-28,2025-04-28,97800.0,CASH,False,0.0,False
T003660,D0096,2023-03-25,2023-04-09,2023-04-15,262100.0,PDC,False,6.0,True
T003329,D0088,2025-05-12,2025-05-27,,236000.0,PDC,True,,True
T005146,D0138,2024-07-09,2024-08-08,2024-08-08,192200.0,PDC,False,0.0,False
T007121,D0190,2024-11-07,2024-12-22,2024-12-28,177400.0,PDC,False,6.0,False
T000961,D0026,2024-04-09,2024-04-24,2024-04-25,202500.0,CASH,False,1.0,True
T006514,D0175,2024-02-07,2024-03-08,2024-03-11,65200.0,PDC,False,3.0,True
T006800,D0182,2024-05-18,2024-06-02,2024-06-03,43700.0,PDC,False,1.0,False
T000608,D0017,2024-01-29,2024-03-14,2024-03-17,260500.0,PDC,False,3.0,True
T001562,D0040,2025-07-26,2025-08-10,2025-08-10,28200.0,CASH,False,0.0,False
T005647,D0149,2025-12-18,2026-01-17,2026-01-18,169700.0,PDC,False,1.0,False
T005248,D0139,2025-10-20,2025-11-04,2025-11-11,70600.0,CASH,False,7.0,False
T007323,D0195,2024-11-20,2025-01-04,,100100.0,PDC,True,,False
T006951,D0187,2025-01-03,2025-02-17,2025-02-19,94500.0,PDC,False,2.0,True
T002574,D0067,2025-11-27,2025-12-12,2025-12-14,22600.0,PDC,False,2.0,False
T006852,D0183,2024-07-02,2024-07-17,2024-08-02,126600.0,PDC,False,16.0,False
T006155,D0166,2023-04-14,2023-05-14,2023-06-02,106800.0,PDC,False,19.0,False
T004214,D0112,2024-05-24,2024-06-08,2024-06-13,180000.0,PDC,False,5.0,True
T003391,D0090,2024-11-17,2024-12-17,,251200.0,PDC,False,,False
T004245,D0113,2025-01-23,2025-02-22,2025-04-04,270800.0,PDC,False,41.0,True
T004957,D0133,2023-05-20,2023-06-04,2023-06-05,230800.0,PDC,False,1.0,False
T003165,D0085,2025-11-21,2025-12-06,2025-12-09,299400.0,BANK_TRANSFER,False,3.0,False
T005985,D0160,2025-06-18,2025-08-02,2025-08-03,280800.0,BANK_TRANSFER,False,1.0,False
T002127,D0053,2025-05-31,2025-06-30,,231000.0,PDC,False,,False
T007950,D0213,2024-08-10,2024-09-24,2024-09-26,77900.0,PDC,False,2.0,False
T002662,D0069,2024-12-02,2025-01-16,2025-02-08,30700.0,PDC,False,23.0,False
T002854,D0075,2025-03-16,2025-04-30,2025-04-30,126400.0,BANK_TRANSFER,False,0.0,False
T003092,D0083,2024-10-05,2024-10-20,,292200.0,PDC,False,,False
T000116,D0004,2025-09-02,2025-10-17,2025-10-17,191600.0,PDC,False,0.0,False
T007186,D0192,2025-07-28,2025-08-12,2025-08-16,224200.0,PDC,False,4.0,False
T008102,D0216,2023-04-17,2023-05-17,2023-05-18,184700.0,PDC,False,1.0,False
T007269,D0194,2024-11-25,2024-12-10,2024-12-11,96100.0,CASH,False,1.0,False
T001445,D0038,2025-02-01,2025-03-03,2025-04-19,253800.0,BANK_TRANSFER,False,47.0,True
T008201,D0219,2024-04-10,2024-05-25,2024-05-26,282500.0,BANK_TRANSFER,False,1.0,False
T000335,D0010,2024-11-22,2024-12-07,2024-12-11,115900.0,CASH,False,4.0,False
T002093,D0053,2025-04-26,2025-05-26,2025-06-12,220700.0,PDC,False,17.0,True
T006694,D0180,2023-03-25,2023-04-09,2023-04-12,176400.0,PDC,False,3.0,True
T000652,D0018,2024-09-08,2024-10-08,2024-10-12,197000.0,PDC,False,4.0,False
T006040,D0162,2023-07-21,2023-08-05,2023-08-05,219500.0,CASH,False,0.0,False
T002279,D0058,2024-11-26,2024-12-11,2024-12-22,134200.0,CASH,False,11.0,False
T008176,D0218,2025-03-31,2025-04-30,2025-05-01,232500.0,BANK_TRANSFER,False,1.0,False
T005137,D0138,2025-05-04,2025-05-19,2025-05-19,77100.0,PDC,False,0.0,False
T001190,D0032,2025-06-05,2025-07-20,,196000.0,PDC,False,,False
T004215,D0112,2023-07-13,2023-07-28,,204600.0,CASH,False,,False
T004669,D0126,2023-12-29,2024-01-28,2024-02-04,255600.0,CASH,False,7.0,False
T007374,D0197,2023-01-03,2023-01-18,2023-01-21,77100.0,PDC,False,3.0,False
T004010,D0107,2024-06-09,2024-07-09,,196000.0,CASH,False,,False
T006165,D0167,2023-09-05,2023-10-05,2023-10-30,153600.0,CASH,False,25.0,False
T005183,D0138,2023-02-05,2023-02-20,2023-02-24,111600.0,PDC,False,4.0,False
T000801,D0021,2025-03-14,2025-04-13,2025-04-13,135100.0,BANK_TRANSFER,False,0.0,True
T002002,D0050,2025-05-25,2025-06-09,2025-06-12,76400.0,CASH,False,3.0,True
T003650,D0096,2025-05-04,2025-06-03,2025-06-05,179800.0,PDC,False,2.0,True
T005263,D0140,2023-11-09,2023-12-24,,269000.0,BANK_TRANSFER,False,,False
T006113,D0165,2025-09-12,2025-10-12,2025-10-18,34200.0,PDC,False,6.0,False
T004671,D0126,2025-06-30,2025-07-15,2025-07-17,90600.0,CASH,False,2.0,False
T006641,D0178,2025-08-04,2025-09-03,2025-09-03,238200.0,BANK_TRANSFER,False,0.0,False
T005337,D0141,2024-08-19,2024-10-03,2024-10-07,63600.0,CASH,False,4.0,False
T006559,D0176,2024-09-25,2024-11-09,2024-11-15,227700.0,PDC,False,6.0,False
T006788,D0182,2024-12-01,2024-12-16,2024-12-16,166400.0,PDC,False,0.0,False
T001310,D0035,2024-10-04,2024-11-03,2024-12-06,115700.0,PDC,False,33.0,False
T006233,D0169,2023-04-03,2023-05-18,2023-05-18,277500.0,BANK_TRANSFER,False,0.0,False
T006955,D0187,2024-06-23,2024-07-08,2024-07-09,146000.0,PDC,False,1.0,False
T006946,D0187,2025-08-03,2025-08-18,2025-08-18,58500.0,BANK_TRANSFER,False,0.0,False
T002291,D0058,2024-05-29,2024-07-13,2024-08-20,179900.0,PDC,False,38.0,False
T003224,D0086,2023-07-22,2023-08-06,2023-09-16,288400.0,BANK_TRANSFER,False,41.0,False
T005232,D0139,2024-10-28,2024-11-12,2024-11-12,160300.0,CASH,False,0.0,False
T006402,D0172,2025-09-15,2025-10-30,2025-10-30,53200.0,PDC,False,0.0,False
T007568,D0202,2025-06-10,2025-07-10,2025-07-11,244400.0,PDC,False,1.0,False
T005397,D0143,2023-12-29,2024-02-12,2024-02-15,170500.0,CASH,False,3.0,False
T008050,D0215,2023-10-18,2023-12-02,2024-02-04,165300.0,PDC,False,64.0,False
T004269,D0114,2025-07-09,2025-07-24,2025-07-26,78300.0,BANK_TRANSFER,False,2.0,False
T003214,D0086,2023-07-26,2023-08-25,2023-10-01,91500.0,PDC,False,37.0,False
T004320,D0115,2025-01-15,2025-03-01,,176100.0,PDC,False,,True
T006775,D0182,2023-04-29,2023-06-13,,232100.0,PDC,False,,False
T004440,D0119,2024-07-09,2024-07-24,2024-08-22,172700.0,BANK_TRANSFER,False,29.0,False
T006858,D0183,2023-05-04,2023-06-03,,39400.0,CASH,False,,False
T003369,D0089,2025-06-07,2025-07-22,2025-07-22,48100.0,PDC,False,0.0,False
T003469,D0091,2024-02-05,2024-03-06,,206800.0,BANK_TRANSFER,False,,True
T003025,D0081,2025-02-20,2025-04-06,2025-04-07,263600.0,CASH,False,1.0,True
T001228,D0033,2025-11-18,2025-12-03,2025-12-09,128500.0,PDC,False,6.0,False
T007475,D0199,2023-08-15,2023-09-14,2023-09-21,295600.0,BANK_TRANSFER,False,7.0,False
T004568,D0123,2025-07-15,2025-08-29,2025-08-30,148300.0,BANK_TRANSFER,False,1.0,False
T001294,D0034,2025-12-06,2026-01-20,2026-02-17,24500.0,PDC,False,28.0,False
T004277,D0114,2025-04-17,2025-05-02,2025-05-11,87500.0,PDC,False,9.0,False
T004649,D0125,2025-10-10,2025-11-24,2025-12-19,232400.0,PDC,False,25.0,False
T005212,D0139,2023-12-12,2023-12-27,2024-01-05,259700.0,BANK_TRANSFER,False,9.0,False
T007233,D0192,2024-12-13,2024-12-28,2024-12-28,33700.0,PDC,False,0.0,False
T006738,D0181,2025-07-17,2025-08-16,2025-09-12,183000.0,PDC,False,27.0,False
T004975,D0134,2024-02-14,2024-03-30,2024-04-02,241400.0,PDC,False,3.0,True
T000325,D0009,2023-04-08,2023-04-23,2023-04-23,78500.0,PDC,False,0.0,True
T007938,D0212,2025-08-20,2025-10-04,2025-11-08,57800.0,BANK_TRANSFER,False,35.0,False
T005788,D0154,2023-11-23,2023-12-08,2023-12-08,85500.0,CASH,False,0.0,False
T001423,D0037,2024-01-25,2024-02-24,2024-03-24,140700.0,CASH,False,29.0,False
T005607,D0149,2023-02-22,2023-04-08,2023-04-08,190400.0,PDC,False,0.0,True
T007987,D0213,2024-09-22,2024-10-22,2024-10-23,179700.0,PDC,False,1.0,False
T004178,D0111,2023-02-25,2023-03-12,2023-03-13,256400.0,BANK_TRANSFER,False,1.0,True
T003363,D0089,2024-06-05,2024-06-20,2024-06-21,115100.0,PDC,False,1.0,True
T000110,D0004,2025-06-14,2025-07-29,2025-08-01,294400.0,BANK_TRANSFER,False,3.0,False
T003623,D0095,2025-07-21,2025-08-05,2025-09-19,80900.0,BANK_TRANSFER,False,45.0,False
T005999,D0160,2025-09-20,2025-10-05,2025-10-06,28000.0,CASH,False,1.0,False
T003211,D0086,2023-04-08,2023-04-23,,60400.0,PDC,False,,True
T006264,D0169,2023-05-10,2023-06-09,2023-06-13,285900.0,CASH,False,4.0,False
T000417,D0012,2025-09-28,2025-10-28,2025-11-01,75800.0,PDC,False,4.0,False
T002781,D0072,2025-02-24,2025-04-10,2025-04-10,114800.0,PDC,False,0.0,True
T007102,D0190,2024-07-09,2024-07-24,2024-08-07,162100.0,CASH,False,14.0,False
T001426,D0037,2024-05-26,2024-07-10,,144500.0,PDC,True,,False
T003254,D0087,2024-05-08,2024-06-07,2024-06-09,292000.0,BANK_TRANSFER,False,2.0,True
T006504,D0175,2024-08-22,2024-09-06,2024-09-11,60100.0,PDC,False,5.0,False
T003781,D0101,2023-08-02,2023-08-17,2023-08-17,29100.0,PDC,False,0.0,False
T004778,D0129,2025-04-16,2025-05-16,2025-05-16,97700.0,CASH,False,0.0,False
T002795,D0072,2024-12-02,2025-01-16,2025-01-18,293400.0,PDC,False,2.0,False
T002449,D0062,2023-06-17,2023-08-01,2023-08-03,69600.0,PDC,False,2.0,False
T005873,D0155,2023-11-21,2023-12-06,2023-12-19,58500.0,BANK_TRANSFER,False,13.0,False
T008104,D0216,2025-05-13,2025-06-12,2025-06-14,30100.0,PDC,False,2.0,True
T003144,D0084,2024-10-02,2024-10-17,2024-10-18,291200.0,CASH,False,1.0,False
T000604,D0017,2024-07-16,2024-08-30,2024-09-01,119200.0,BANK_TRANSFER,False,2.0,False
T004244,D0113,2024-02-16,2024-03-17,,214300.0,PDC,False,,True
T007442,D0199,2023-10-07,2023-11-06,2023-11-10,140600.0,BANK_TRANSFER,False,4.0,False
T004315,D0115,2024-08-26,2024-09-10,2024-09-10,88200.0,CASH,False,0.0,False
T004125,D0110,2023-09-29,2023-10-29,2023-10-30,63100.0,PDC,False,1.0,False
T008125,D0217,2025-12-17,2026-01-31,2026-02-02,40100.0,PDC,False,2.0,False
T006548,D0176,2024-09-13,2024-09-28,2024-11-05,285700.0,PDC,False,38.0,False
T006732,D0181,2023-03-13,2023-04-27,2023-05-14,70100.0,PDC,False,17.0,True
T003683,D0097,2023-02-24,2023-03-26,2023-03-26,257000.0,PDC,False,0.0,True
T007678,D0206,2024-03-14,2024-04-28,2024-05-04,109300.0,CASH,False,6.0,False
T005740,D0152,2023-09-12,2023-09-27,2023-10-01,264900.0,PDC,False,4.0,False
T000681,D0018,2025-03-29,2025-04-28,2025-05-01,46400.0,BANK_TRANSFER,False,3.0,False
T006750,D0181,2023-10-20,2023-11-19,2023-12-24,171600.0,CASH,False,35.0,False
T007095,D0190,2023-10-23,2023-11-07,2023-11-17,192800.0,PDC,False,10.0,False
T000699,D0019,2024-06-25,2024-08-09,2024-08-14,283700.0,PDC,False,5.0,False
T001536,D0040,2025-10-09,2025-11-08,2025-11-08,37300.0,PDC,False,0.0,False
T001083,D0029,2025-02-20,2025-04-06,2025-04-08,33800.0,PDC,False,2.0,True
T007204,D0192,2024-06-18,2024-08-02,2024-08-02,259200.0,PDC,False,0.0,False
T005630,D0149,2025-07-31,2025-09-14,2025-09-20,238200.0,PDC,False,6.0,False
T004094,D0109,2025-08-10,2025-09-09,2025-09-23,194800.0,PDC,False,14.0,False
T008165,D0218,2023-12-28,2024-02-11,2024-02-15,237900.0,CASH,False,4.0,False
T002864,D0075,2025-03-28,2025-04-12,2025-04-13,267500.0,PDC,False,1.0,True
T007358,D0196,2024-08-17,2024-09-01,,45800.0,PDC,False,,False
T001691,D0043,2025-09-03,2025-09-18,2025-10-03,256100.0,PDC,False,15.0,False
T001329,D0035,2025-05-14,2025-06-28,2025-07-12,84500.0,CASH,False,14.0,False
T000690,D0019,2024-03-26,2024-04-10,2024-04-14,262000.0,CASH,False,4.0,True
T003410,D0090,2024-10-05,2024-11-04,,172500.0,PDC,False,,False
T003191,D0085,2024-12-01,2024-12-31,,218200.0,BANK_TRANSFER,False,,False
T007889,D0211,2023-09-12,2023-10-12,2023-10-12,134300.0,PDC,False,0.0,False
T007139,D0191,2025-11-06,2025-12-21,2025-12-21,267600.0,BANK_TRANSFER,False,0.0,False
T002779,D0072,2024-11-25,2024-12-25,,82600.0,PDC,False,,False
T007012,D0188,2024-05-21,2024-06-20,2024-06-24,110500.0,PDC,False,4.0,True
T008132,D0217,2023-05-25,2023-06-09,2023-06-12,189500.0,PDC,False,3.0,False
T004563,D0123,2025-03-06,2025-04-05,2025-04-06,246700.0,PDC,False,1.0,True
T000732,D0019,2024-08-11,2024-09-10,2024-09-11,177800.0,PDC,False,1.0,False
T005624,D0149,2024-07-05,2024-08-19,2024-08-22,77100.0,PDC,False,3.0,False
T006490,D0175,2023-06-20,2023-08-04,,197100.0,PDC,True,,False
T002734,D0071,2023-10-24,2023-11-08,2023-11-15,247100.0,PDC,False,7.0,False
T003208,D0085,2023-04-16,2023-05-16,2023-05-18,43200.0,PDC,False,2.0,False
T007527,D0200,2024-01-23,2024-03-08,2024-03-10,270600.0,PDC,False,2.0,True
T002853,D0075,2024-01-11,2024-02-25,2024-02-28,49300.0,PDC,False,3.0,False
T005555,D0147,2023-09-08,2023-09-23,,86700.0,PDC,True,,False
T004321,D0115,2025-11-24,2025-12-24,2025-12-25,157000.0,PDC,False,1.0,False
T006171,D0167,2023-09-28,2023-10-13,2023-10-13,200400.0,PDC,False,0.0,False
T008046,D0215,2023-08-22,2023-09-21,2023-10-21,281900.0,BANK_TRANSFER,False,30.0,False
T005802,D0154,2024-04-17,2024-05-02,2024-05-04,32500.0,CASH,False,2.0,False
T000162,D0005,2023-05-10,2023-06-24,2023-06-27,227200.0,CASH,False,3.0,True
T000197,D0006,2025-10-01,2025-11-15,2025-11-15,245800.0,BANK_TRANSFER,False,0.0,False
T002298,D0058,2023-05-03,2023-06-17,,32500.0,PDC,False,,True
T004469,D0120,2025-08-05,2025-08-20,2025-08-22,281500.0,CASH,False,2.0,False
T008087,D0216,2025-08-05,2025-08-20,2025-08-21,253800.0,PDC,False,1.0,False
T001701,D0043,2025-05-25,2025-06-24,2025-07-07,53700.0,CASH,False,13.0,False
T004028,D0108,2025-09-16,2025-10-31,2025-11-02,58100.0,PDC,False,2.0,False
T007355,D0196,2025-03-01,2025-03-31,2025-04-03,155500.0,PDC,False,3.0,True
T004109,D0109,2025-09-17,2025-10-02,2025-10-14,171200.0,PDC,False,12.0,False
T000411,D0012,2024-07-06,2024-08-20,2024-09-02,250200.0,PDC,False,13.0,False
T004259,D0114,2023-09-10,2023-09-25,,125600.0,PDC,True,,False
T001732,D0044,2024-06-04,2024-07-19,2024-07-19,272100.0,CASH,False,0.0,False
T000677,D0018,2023-03-17,2023-04-16,,260300.0,CASH,False,,True
T004453,D0119,2024-06-06,2024-07-21,,40500.0,PDC,True,,False
T006474,D0174,2023-12-05,2023-12-20,2023-12-22,110900.0,PDC,False,2.0,False
T006726,D0181,2025-02-17,2025-03-19,,188800.0,PDC,True,,True
T007879,D0211,2024-06-09,2024-07-09,2024-07-11,104300.0,PDC,False,2.0,False
T001387,D0036,2023-05-12,2023-06-11,2023-06-11,124200.0,PDC,False,0.0,False
T005216,D0139,2023-07-04,2023-08-18,2023-08-24,200800.0,BANK_TRANSFER,False,6.0,False
T007449,D0199,2023-06-04,2023-07-19,2023-07-31,293200.0,PDC,False,12.0,False
T003817,D0102,2023-06-23,2023-07-08,2023-07-10,174000.0,PDC,False,2.0,True
T006038,D0162,2025-11-28,2025-12-13,2025-12-15,73500.0,PDC,False,2.0,False
T004072,D0109,2024-11-22,2024-12-22,2024-12-22,174800.0,CASH,False,0.0,False
T005928,D0158,2024-06-21,2024-07-21,2024-07-27,122200.0,PDC,False,6.0,False
T004944,D0133,2023-11-18,2024-01-02,2024-01-05,76100.0,PDC,False,3.0,False
T004212,D0112,2023-03-14,2023-04-28,2023-04-30,154300.0,PDC,False,2.0,True
T003802,D0101,2024-02-26,2024-03-27,,30000.0,CASH,False,,True
T002776,D0072,2024-07-25,2024-08-24,2024-09-02,250400.0,PDC,False,9.0,False
T001284,D0034,2025-12-07,2025-12-22,2026-01-14,290600.0,BANK_TRANSFER,False,23.0,False
T006707,D0180,2023-05-04,2023-06-03,2023-06-03,77400.0,PDC,False,0.0,False
T003399,D0090,2024-04-16,2024-05-31,2024-06-01,135200.0,CASH,False,1.0,False
T001922,D0048,2025-07-02,2025-08-01,2025-08-01,235300.0,PDC,False,0.0,False
T008169,D0218,2025-05-27,2025-06-11,2025-06-14,208800.0,PDC,False,3.0,True
T007235,D0193,2025-04-08,2025-04-23,2025-05-20,121500.0,CASH,False,27.0,False
T004410,D0118,2023-02-17,2023-03-04,2023-03-04,165000.0,PDC,False,0.0,False
T007108,D0190,2023-11-19,2023-12-19,2023-12-19,89400.0,PDC,False,0.0,False
T005218,D0139,2023-04-13,2023-05-13,2023-06-02,195800.0,PDC,False,20.0,False
T001529,D0040,2024-06-02,2024-07-02,2024-07-03,271500.0,PDC,False,1.0,False
T007100,D0190,2024-11-10,2024-12-25,2025-01-06,260100.0,BANK_TRANSFER,False,12.0,False
T008063,D0216,2023-03-09,2023-04-08,2023-04-12,193400.0,PDC,False,4.0,True
T001484,D0039,2024-08-04,2024-09-03,2024-09-22,209100.0,CASH,False,19.0,False
T004265,D0114,2023-08-05,2023-09-19,2023-09-30,217400.0,BANK_TRANSFER,False,11.0,False
T006059,D0162,2025-11-13,2025-11-28,2025-12-01,252100.0,PDC,False,3.0,False
T006811,D0182,2025-05-13,2025-06-27,2025-06-30,166300.0,PDC,False,3.0,False
T002702,D0070,2024-11-05,2024-12-05,,123100.0,PDC,True,,False
T001760,D0045,2024-04-21,2024-06-05,2024-06-07,77500.0,PDC,False,2.0,True
T000343,D0010,2025-07-11,2025-08-10,,153200.0,CASH,False,,False
T006874,D0184,2025-02-09,2025-02-24,2025-03-19,176300.0,CASH,False,23.0,True
T002742,D0071,2023-03-28,2023-04-27,2023-05-02,218700.0,PDC,False,5.0,True
T002435,D0062,2025-05-16,2025-05-31,2025-06-05,46100.0,CASH,False,5.0,True
T007778,D0208,2025-07-01,2025-07-16,2025-08-14,66900.0,BANK_TRANSFER,False,29.0,False
T000128,D0004,2025-08-06,2025-09-20,2025-09-22,225200.0,PDC,False,2.0,False
T002920,D0077,2024-03-31,2024-05-15,2024-05-27,241700.0,BANK_TRANSFER,False,12.0,False
T000610,D0017,2023-06-11,2023-07-11,,208600.0,BANK_TRANSFER,False,,False
T001454,D0038,2025-09-23,2025-10-23,,201300.0,PDC,True,,False
T006609,D0178,2023-09-14,2023-10-29,2023-10-30,279000.0,BANK_TRANSFER,False,1.0,False
T007578,D0202,2025-05-13,2025-05-28,2025-05-28,197500.0,PDC,False,0.0,True
T005313,D0141,2025-03-29,2025-04-28,2025-05-03,31000.0,PDC,False,5.0,False
T003064,D0082,2024-05-27,2024-07-11,2024-07-14,216700.0,CASH,False,3.0,False
T001039,D0028,2025-02-01,2025-03-03,2025-05-07,196600.0,PDC,False,65.0,True
T004102,D0109,2025-05-12,2025-06-11,2025-06-29,283300.0,BANK_TRANSFER,False,18.0,True
T003431,D0090,2024-06-18,2024-07-18,2024-07-18,174600.0,BANK_TRANSFER,False,0.0,False
T006742,D0181,2025-08-25,2025-09-24,,290100.0,PDC,True,,False
T005472,D0145,2025-11-09,2025-11-24,2025-12-10,224200.0,BANK_TRANSFER,False,16.0,False
T001772,D0045,2025-08-29,2025-09-13,2025-09-13,75500.0,CASH,False,0.0,False
T004656,D0125,2024-06-17,2024-07-17,,66000.0,PDC,True,,False
T001270,D0033,2025-06-15,2025-07-15,2025-07-15,31500.0,PDC,False,0.0,False
T004323,D0115,2025-10-23,2025-11-22,2025-11-23,29400.0,PDC,False,1.0,False
T005842,D0154,2025-04-08,2025-05-23,2025-05-23,243900.0,PDC,False,0.0,False
T000405,D0012,2024-06-07,2024-06-22,2024-07-03,238900.0,CASH,False,11.0,True
T007335,D0196,2025-12-26,2026-01-10,2026-01-10,129000.0,BANK_TRANSFER,False,0.0,False
T002458,D0063,2023-08-27,2023-09-11,2023-09-11,146900.0,PDC,False,0.0,False
T001884,D0047,2025-05-12,2025-06-11,2025-06-14,242000.0,BANK_TRANSFER,False,3.0,True
T006679,D0180,2023-11-02,2023-11-17,2023-11-18,283300.0,BANK_TRANSFER,False,1.0,False
T005793,D0154,2025-08-09,2025-09-08,2025-09-09,261000.0,CASH,False,1.0,False
T007043,D0189,2025-11-05,2025-12-20,2025-12-21,44100.0,PDC,False,1.0,False
T001724,D0044,2025-11-06,2025-12-21,2025-12-21,211800.0,BANK_TRANSFER,False,0.0,False
T006088,D0163,2023-05-16,2023-06-30,2023-07-03,269000.0,CASH,False,3.0,True
T007051,D0189,2023-11-24,2023-12-24,2023-12-24,180200.0,PDC,False,0.0,False
T003574,D0094,2023-10-10,2023-11-24,2023-11-26,137000.0,PDC,False,2.0,False
T000133,D0005,2025-05-18,2025-07-02,2025-07-02,227700.0,PDC,False,0.0,False
T000372,D0011,2025-02-23,2025-04-09,2025-04-25,21700.0,PDC,False,16.0,True
T004534,D0121,2023-11-25,2023-12-10,2023-12-28,61800.0,PDC,False,18.0,False
T006500,D0175,2023-09-19,2023-10-19,2023-10-19,83100.0,PDC,False,0.0,False
T000329,D0009,2023-10-22,2023-11-21,,144400.0,PDC,False,,False
T005126,D0137,2024-06-17,2024-07-02,2024-07-07,24100.0,CASH,False,5.0,False
T005197,D0139,2025-10-19,2025-12-03,2025-12-07,199400.0,CASH,False,4.0,False
T007851,D0210,2023-11-21,2024-01-05,2024-01-06,77300.0,CASH,False,1.0,False
T003022,D0081,2025-10-04,2025-10-19,2025-10-22,189800.0,CASH,False,3.0,False
T007898,D0211,2025-12-30,2026-01-29,2026-01-31,59600.0,PDC,False,2.0,False
T003951,D0106,2024-06-21,2024-07-06,2024-07-06,173300.0,CASH,False,0.0,False
T004729,D0127,2023-09-27,2023-10-27,2023-11-01,82900.0,PDC,False,5.0,False
T000168,D0005,2025-05-08,2025-06-22,,154700.0,CASH,False,,False
T002947,D0078,2025-09-29,2025-10-29,2025-10-30,92200.0,CASH,False,1.0,False
T003978,D0106,2024-03-25,2024-04-24,2024-04-28,220100.0,PDC,False,4.0,True
T002344,D0059,2025-01-14,2025-02-28,2025-03-02,50600.0,PDC,False,2.0,True
T001959,D0050,2024-10-20,2024-12-04,2024-12-07,30900.0,PDC,False,3.0,False
T003029,D0081,2024-01-21,2024-03-06,2024-03-08,20900.0,BANK_TRANSFER,False,2.0,True
T003996,D0107,2024-09-26,2024-10-26,2024-11-06,192200.0,CASH,False,11.0,False
T007774,D0208,2023-05-05,2023-06-04,,271600.0,PDC,True,,False
T003531,D0093,2025-10-04,2025-11-03,2025-11-06,232400.0,PDC,False,3.0,False
T000362,D0011,2024-08-28,2024-09-27,2024-10-15,113400.0,PDC,False,18.0,False
T007460,D0199,2023-10-23,2023-11-07,2023-11-07,204700.0,CASH,False,0.0,False
T003027,D0081,2023-08-25,2023-09-24,,144600.0,PDC,False,,False
T003862,D0103,2024-11-17,2025-01-01,2025-02-25,268900.0,PDC,False,55.0,False
T000723,D0019,2024-06-24,2024-08-08,2024-08-08,79000.0,PDC,False,0.0,False
T005326,D0141,2023-01-18,2023-02-02,2023-02-04,172700.0,PDC,False,2.0,False
T004311,D0115,2023-02-23,2023-03-10,2023-03-14,26000.0,BANK_TRANSFER,False,4.0,True
T003438,D0090,2025-10-08,2025-11-22,,212800.0,PDC,False,,False
T004601,D0124,2024-01-24,2024-03-09,2024-03-09,71600.0,PDC,False,0.0,True
T005410,D0143,2025-10-21,2025-12-05,2025-12-08,223100.0,PDC,False,3.0,False
T007703,D0207,2023-11-13,2023-12-13,2023-12-27,46400.0,BANK_TRANSFER,False,14.0,False
T006898,D0184,2025-02-21,2025-03-08,,245500.0,PDC,True,,True
T001622,D0041,2025-10-30,2025-11-14,2025-11-15,262600.0,PDC,False,1.0,False
T002255,D0057,2024-11-27,2025-01-11,2025-02-04,26800.0,PDC,False,24.0,False
T006744,D0181,2023-05-11,2023-06-10,2023-07-09,237400.0,PDC,False,29.0,False
T004804,D0129,2025-04-19,2025-05-04,,60800.0,PDC,False,,False
T006094,D0164,2025-01-05,2025-02-19,2025-02-20,59700.0,PDC,False,1.0,True
T000316,D0009,2025-03-01,2025-03-16,2025-03-18,66400.0,PDC,False,2.0,True
T005118,D0137,2023-12-23,2024-02-06,2024-02-17,210500.0,PDC,False,11.0,False
T000215,D0007,2024-08-12,2024-09-26,2024-11-07,243600.0,PDC,False,42.0,False
T003744,D0100,2024-05-27,2024-06-11,2024-06-30,74900.0,PDC,False,19.0,True
T002137,D0054,2025-06-30,2025-07-30,2025-08-04,113600.0,PDC,False,5.0,False
T005668,D0150,2025-03-15,2025-03-30,2025-04-02,257900.0,BANK_TRANSFER,False,3.0,True
T002174,D0054,2025-08-04,2025-09-18,2025-09-18,220000.0,CASH,False,0.0,False
T000659,D0018,2024-11-11,2024-12-26,2024-12-29,189500.0,PDC,False,3.0,False
T003385,D0090,2023-09-10,2023-10-25,2023-10-25,49900.0,CASH,False,0.0,False
T002812,D0073,2024-11-28,2024-12-13,,192500.0,PDC,False,,False
T003074,D0082,2024-08-07,2024-09-21,2024-09-22,200000.0,CASH,False,1.0,False
T007349,D0196,2024-05-17,2024-06-01,,162400.0,PDC,False,,False
T006857,D0183,2025-10-14,2025-11-13,2025-11-23,177700.0,CASH,False,10.0,False
T006975,D0188,2025-12-01,2025-12-16,2025-12-18,177800.0,CASH,False,2.0,False
T005627,D0149,2025-02-07,2025-03-24,2025-03-28,120600.0,PDC,False,4.0,True
T006397,D0172,2024-07-09,2024-08-08,,187100.0,PDC,True,,False
T003677,D0097,2025-08-02,2025-09-16,2025-09-16,263300.0,PDC,False,0.0,False
T000337,D0010,2024-07-29,2024-08-13,2024-08-25,117200.0,PDC,False,12.0,False
T004195,D0111,2025-04-02,2025-05-02,2025-05-02,254100.0,CASH,False,0.0,False
T001510,D0039,2025-07-16,2025-08-15,2025-09-17,60300.0,CASH,False,33.0,False
T003361,D0089,2024-12-05,2025-01-19,2025-01-21,175900.0,PDC,False,2.0,False
T002110,D0053,2024-10-22,2024-11-21,2024-11-24,104400.0,BANK_TRANSFER,False,3.0,False
T000747,D0020,2024-01-21,2024-03-06,2024-03-20,249000.0,PDC,False,14.0,True
T003668,D0096,2023-06-15,2023-07-15,2023-07-16,106100.0,PDC,False,1.0,False
T006466,D0174,2023-12-09,2024-01-23,2024-01-25,289800.0,BANK_TRANSFER,False,2.0,False
T006356,D0171,2025-03-23,2025-05-07,2025-05-09,81500.0,CASH,False,2.0,False
T004901,D0132,2025-03-21,2025-04-20,2025-04-22,239200.0,CASH,False,2.0,False
T007240,D0193,2024-12-03,2025-01-17,2025-01-31,208500.0,CASH,False,14.0,False
T007705,D0207,2025-08-03,2025-08-18,,58900.0,PDC,True,,False
T001982,D0050,2025-12-19,2026-02-02,2026-02-03,281100.0,PDC,False,1.0,False
T003625,D0096,2023-12-30,2024-01-29,2024-01-31,38300.0,BANK_TRANSFER,False,2.0,False
T005029,D0135,2025-01-22,2025-02-21,2025-02-24,139900.0,CASH,False,3.0,True
T002495,D0064,2025-12-17,2026-01-31,2026-02-11,191200.0,PDC,False,11.0,False
T004726,D0127,2025-10-09,2025-10-24,2025-10-26,97000.0,PDC,False,2.0,False
T005572,D0147,2025-06-25,2025-07-10,2025-07-14,28600.0,PDC,False,4.0,False
T003724,D0099,2025-04-01,2025-04-16,,56500.0,PDC,True,,False
T007219,D0192,2023-09-16,2023-10-01,2023-10-04,142200.0,PDC,False,3.0,False
T005069,D0136,2023-03-06,2023-04-05,2023-04-07,139200.0,PDC,False,2.0,True
T000290,D0009,2025-01-12,2025-02-11,2025-02-13,207900.0,PDC,False,2.0,False
T001802,D0045,2024-10-01,2024-10-16,2024-10-17,260300.0,PDC,False,1.0,False
T004882,D0132,2025-06-22,2025-07-22,2025-07-22,132300.0,PDC,False,0.0,False
T006321,D0170,2024-09-18,2024-11-02,,100200.0,PDC,True,,False
T000921,D0025,2023-12-22,2024-01-06,,173500.0,PDC,True,,False
T003561,D0094,2024-10-03,2024-11-02,2024-11-02,136900.0,CASH,False,0.0,False
T001920,D0048,2023-01-18,2023-02-02,2023-02-03,193600.0,PDC,False,1.0,False
T004552,D0122,2023-07-31,2023-08-15,2023-08-29,88700.0,BANK_TRANSFER,False,14.0,False
T007274,D0194,2025-04-27,2025-05-12,,283900.0,PDC,False,,False
T001716,D0044,2025-04-28,2025-05-28,2025-06-01,216900.0,PDC,False,4.0,True
T002688,D0070,2024-07-15,2024-07-30,2024-09-27,163500.0,CASH,False,59.0,False
T000514,D0015,2024-08-27,2024-09-26,2024-10-03,47500.0,CASH,False,7.0,False
T000846,D0022,2025-05-02,2025-06-16,2025-06-16,254200.0,PDC,False,0.0,True
T002563,D0067,2025-01-01,2025-02-15,2025-02-16,135600.0,BANK_TRANSFER,False,1.0,True
T003723,D0099,2024-04-13,2024-05-13,2024-06-14,259800.0,PDC,False,32.0,False
T001343,D0035,2025-10-11,2025-10-26,2025-11-14,264700.0,BANK_TRANSFER,False,19.0,False
T008227,D0220,2023-10-25,2023-11-24,2023-11-26,178700.0,PDC,False,2.0,False
T002051,D0051,2023-07-05,2023-07-20,2023-07-27,123000.0,PDC,False,7.0,False
T006339,D0170,2024-07-14,2024-07-29,2024-08-08,23600.0,CASH,False,10.0,False
T003415,D0090,2024-08-16,2024-08-31,2024-08-31,28700.0,CASH,False,0.0,False
T004412,D0118,2025-09-23,2025-10-08,2025-10-08,135600.0,CASH,False,0.0,False
T000074,D0003,2024-05-19,2024-06-18,2024-06-27,81800.0,BANK_TRANSFER,False,9.0,True
T001490,D0039,2025-06-09,2025-07-24,2025-08-29,216900.0,CASH,False,36.0,False
T007810,D0209,2023-12-18,2024-02-01,2024-02-02,280400.0,PDC,False,1.0,False
T000392,D0011,2025-01-25,2025-02-24,2025-03-04,270800.0,CASH,False,8.0,True
T003107,D0083,2023-09-21,2023-11-05,2023-12-31,151400.0,CASH,False,56.0,False
T000826,D0022,2024-05-03,2024-05-18,2024-05-18,120300.0,PDC,False,0.0,False
T007687,D0206,2024-08-31,2024-09-30,2024-10-14,218900.0,CASH,False,14.0,False
T001813,D0046,2024-11-24,2025-01-08,2025-01-20,132900.0,PDC,False,12.0,False
T000493,D0014,2025-03-24,2025-04-23,2025-04-27,247000.0,PDC,False,4.0,False
T005402,D0143,2024-06-10,2024-07-10,2024-07-11,197500.0,PDC,False,1.0,False
T003112,D0083,2023-10-21,2023-12-05,,34900.0,PDC,False,,False
T003675,D0096,2024-02-13,2024-03-14,2024-03-14,89600.0,PDC,False,0.0,True
T006575,D0177,2025-03-14,2025-04-28,,237400.0,BANK_TRANSFER,False,,False
T006294,D0170,2025-08-27,2025-10-11,2025-10-18,109500.0,PDC,False,7.0,False
T000650,D0018,2024-05-12,2024-06-26,,118000.0,PDC,False,,True
T004868,D0131,2024-05-30,2024-06-29,2024-07-01,128300.0,CASH,False,2.0,True
T005884,D0156,2023-07-07,2023-08-06,2023-08-14,275300.0,BANK_TRANSFER,False,8.0,False
T005687,D0150,2025-10-25,2025-11-24,,235700.0,CASH,False,,False
T004646,D0125,2025-12-20,2026-01-19,2026-01-22,291100.0,CASH,False,3.0,False
T006175,D0167,2024-08-18,2024-09-02,2024-09-28,90100.0,PDC,False,26.0,False
T007301,D0194,2024-11-04,2024-12-19,2024-12-19,43000.0,PDC,False,0.0,False
T000256,D0008,2023-08-27,2023-10-11,2023-10-13,151300.0,PDC,False,2.0,False
T001685,D0043,2024-09-13,2024-10-13,2024-10-26,62400.0,CASH,False,13.0,False
T004326,D0115,2025-02-16,2025-03-03,2025-03-08,159200.0,CASH,False,5.0,True
T004751,D0127,2025-09-01,2025-10-01,2025-10-01,95300.0,PDC,False,0.0,False
T000869,D0022,2023-10-01,2023-11-15,2023-11-15,245400.0,CASH,False,0.0,False
T006983,D0188,2025-07-23,2025-08-22,2025-08-25,146900.0,BANK_TRANSFER,False,3.0,False
T006818,D0182,2025-12-12,2026-01-26,2026-01-27,98100.0,CASH,False,1.0,False
T003572,D0094,2024-09-15,2024-09-30,2024-10-01,171300.0,PDC,False,1.0,False
T004241,D0113,2025-10-19,2025-11-18,2025-12-06,235700.0,PDC,False,18.0,False
T000774,D0020,2025-05-07,2025-06-06,,114100.0,PDC,False,,True
T004018,D0107,2025-10-06,2025-11-20,2025-12-02,124500.0,PDC,False,12.0,False
T000954,D0026,2025-04-06,2025-05-06,2025-05-07,180300.0,PDC,False,1.0,False
T006567,D0177,2024-02-05,2024-03-06,2024-04-03,189800.0,CASH,False,28.0,True
T003325,D0088,2023-02-05,2023-03-07,,230700.0,PDC,True,,False
T004176,D0111,2025-05-19,2025-07-03,2025-07-06,171700.0,PDC,False,3.0,False
T000743,D0020,2024-07-26,2024-08-10,2024-08-21,212400.0,PDC,False,11.0,False
T002977,D0079,2025-10-26,2025-11-10,,164900.0,PDC,True,,False
T000117,D0004,2024-06-30,2024-07-15,,87400.0,CASH,False,,False
T007868,D0211,2024-09-26,2024-10-11,2024-10-17,239000.0,PDC,False,6.0,False
T005759,D0152,2025-05-30,2025-06-29,2025-06-29,226800.0,PDC,False,0.0,False
T006015,D0161,2024-02-14,2024-02-29,2024-03-02,286100.0,PDC,False,2.0,True
T006509,D0175,2024-07-04,2024-07-19,2024-07-23,146400.0,CASH,False,4.0,False
T005306,D0141,2025-11-08,2025-12-08,2025-12-08,82900.0,PDC,False,0.0,False
T007884,D0211,2024-02-15,2024-03-31,2024-04-03,291100.0,PDC,False,3.0,True
T002367,D0060,2025-10-09,2025-10-24,2025-10-31,275800.0,PDC,False,7.0,False
T004593,D0123,2025-08-28,2025-09-12,2025-09-13,186200.0,PDC,False,1.0,False
T003622,D0095,2023-05-23,2023-06-07,2023-06-26,259500.0,PDC,False,19.0,False
T004364,D0117,2023-12-01,2023-12-16,2023-12-17,251800.0,PDC,False,1.0,False
T000658,D0018,2024-09-15,2024-09-30,2024-10-01,92300.0,BANK_TRANSFER,False,1.0,False
T007393,D0198,2025-05-20,2025-07-04,2025-07-15,68100.0,BANK_TRANSFER,False,11.0,False
T005222,D0139,2023-12-08,2024-01-22,2024-02-07,41200.0,PDC,False,16.0,False
T001786,D0045,2025-10-14,2025-10-29,2025-11-02,51500.0,PDC,False,4.0,False
T007651,D0204,2025-02-25,2025-03-27,2025-04-07,22500.0,PDC,False,11.0,True
T003748,D0100,2024-02-14,2024-02-29,2024-03-13,145300.0,PDC,False,13.0,True
T000738,D0020,2024-08-14,2024-09-28,2024-10-01,173200.0,CASH,False,3.0,False
T003295,D0088,2024-08-10,2024-08-25,,82400.0,BANK_TRANSFER,False,,False
T005267,D0140,2024-04-09,2024-05-09,2024-05-12,23800.0,CASH,False,3.0,False
T003357,D0089,2025-02-03,2025-02-18,2025-02-22,56100.0,PDC,False,4.0,True
T004491,D0121,2023-08-04,2023-08-19,,101000.0,PDC,False,,False
T004875,D0131,2023-05-15,2023-06-29,2023-07-02,78900.0,PDC,False,3.0,True
T005277,D0140,2025-03-10,2025-04-09,,27000.0,PDC,False,,True
T002018,D0051,2023-03-01,2023-03-31,,161600.0,PDC,True,,True
T008200,D0219,2024-05-08,2024-05-23,2024-05-23,73000.0,BANK_TRANSFER,False,0.0,False
T007354,D0196,2023-06-26,2023-08-10,2023-08-12,175000.0,PDC,False,2.0,False
T005449,D0144,2025-04-25,2025-06-09,2025-06-11,246000.0,PDC,False,2.0,True
T000174,D0006,2025-01-22,2025-03-08,2025-03-09,273800.0,BANK_TRANSFER,False,1.0,True
T004365,D0117,2025-06-03,2025-07-18,2025-07-21,42600.0,PDC,False,3.0,False
T004434,D0119,2024-02-27,2024-03-28,2024-03-30,271600.0,PDC,False,2.0,True
T001167,D0031,2025-07-06,2025-07-21,,287000.0,BANK_TRANSFER,False,,False
T000910,D0024,2025-01-05,2025-02-04,2025-02-10,37100.0,PDC,False,6.0,False
T001720,D0044,2024-11-15,2024-12-30,2025-01-04,188300.0,CASH,False,5.0,False
T006291,D0170,2024-07-23,2024-08-22,,211400.0,PDC,True,,False
T006691,D0180,2023-09-28,2023-10-13,2023-10-16,267300.0,CASH,False,3.0,False
T003314,D0088,2024-01-08,2024-02-07,2024-02-12,166800.0,PDC,False,5.0,False
T003813,D0102,2025-06-20,2025-08-04,2025-08-07,175000.0,CASH,False,3.0,False
T004541,D0122,2024-07-18,2024-08-17,2024-08-26,276500.0,PDC,False,9.0,False
T001975,D0050,2024-02-14,2024-03-15,2024-03-20,158100.0,CASH,False,5.0,True
T001946,D0049,2024-03-07,2024-03-22,2024-04-02,233700.0,CASH,False,11.0,True
T001421,D0037,2024-01-01,2024-01-31,2024-03-16,248500.0,PDC,False,45.0,False
T003827,D0103,2025-03-08,2025-04-07,2025-05-30,94100.0,CASH,False,53.0,True
T001537,D0040,2024-08-27,2024-09-11,2024-09-13,238900.0,PDC,False,2.0,False
T004157,D0111,2025-03-31,2025-05-15,2025-05-18,141500.0,PDC,False,3.0,False
T002942,D0078,2025-08-19,2025-09-03,2025-09-05,238600.0,PDC,False,2.0,False
T004659,D0125,2025-12-08,2026-01-07,2026-02-02,297300.0,PDC,False,26.0,False
T004924,D0132,2024-09-21,2024-10-21,2024-10-23,174900.0,PDC,False,2.0,False
T000185,D0006,2023-12-24,2024-01-08,,91800.0,CASH,False,,False
T004399,D0118,2025-04-27,2025-05-12,2025-05-13,81900.0,BANK_TRANSFER,False,1.0,False
T003151,D0084,2025-12-26,2026-02-09,2026-02-09,206600.0,PDC,False,0.0,False
T003921,D0105,2024-03-07,2024-04-06,2024-04-07,124800.0,PDC,False,1.0,True
T007077,D0189,2025-10-19,2025-11-18,2025-11-20,298300.0,PDC,False,2.0,False
T003847,D0103,2025-09-04,2025-10-19,,197200.0,PDC,True,,False
T006962,D0187,2024-06-22,2024-08-06,2024-08-06,127400.0,CASH,False,0.0,False
T001072,D0029,2024-09-06,2024-09-21,,139400.0,CASH,False,,False
T007151,D0191,2025-05-08,2025-06-22,2025-06-24,199100.0,BANK_TRANSFER,False,2.0,False
T002557,D0067,2025-10-10,2025-11-09,2025-11-09,246500.0,PDC,False,0.0,False
T002706,D0070,2025-08-27,2025-09-11,2025-10-29,165800.0,BANK_TRANSFER,False,48.0,False
T002317,D0059,2024-10-07,2024-10-22,2024-10-23,151200.0,PDC,False,1.0,False
T002899,D0077,2025-10-20,2025-11-04,2025-11-17,114400.0,CASH,False,13.0,False
T007677,D0206,2024-05-01,2024-05-16,,89500.0,PDC,True,,False
T004057,D0108,2024-06-05,2024-07-20,2024-07-20,132200.0,PDC,False,0.0,False
T000933,D0025,2025-01-17,2025-02-01,2025-02-11,197400.0,PDC,False,10.0,False
T001650,D0042,2025-10-17,2025-12-01,2025-12-03,30700.0,CASH,False,2.0,False
T000356,D0010,2024-12-19,2025-02-02,2025-02-10,180600.0,PDC,False,8.0,False
T000068,D0003,2025-06-08,2025-06-23,,128200.0,PDC,False,,False
T001350,D0036,2024-01-08,2024-02-22,2024-02-23,70200.0,CASH,False,1.0,False
T006122,D0165,2024-06-26,2024-07-11,2024-07-24,77900.0,CASH,False,13.0,False
T005871,D0155,2025-05-30,2025-07-14,2025-07-23,255100.0,CASH,False,9.0,False
T005536,D0146,2025-02-09,2025-03-11,2025-03-12,221800.0,CASH,False,1.0,True
T006999,D0188,2025-08-05,2025-09-19,2025-09-19,230500.0,CASH,False,0.0,False
T001818,D0046,2024-11-11,2024-11-26,2024-12-02,279200.0,CASH,False,6.0,False
T005345,D0142,2025-11-08,2025-12-08,2025-12-11,166800.0,PDC,False,3.0,False
T002906,D0077,2024-04-21,2024-06-05,2024-06-21,35400.0,PDC,False,16.0,True
T002493,D0064,2025-01-12,2025-02-11,2025-02-23,169200.0,CASH,False,12.0,False
T001253,D0033,2025-12-28,2026-01-12,2026-01-14,105800.0,CASH,False,2.0,False
T005280,D0140,2024-08-29,2024-10-13,2024-10-15,57300.0,PDC,False,2.0,False
T007806,D0209,2025-01-14,2025-02-13,2025-02-16,278400.0,CASH,False,3.0,False
T004550,D0122,2025-05-22,2025-07-06,,213000.0,PDC,True,,False
T001671,D0043,2024-04-06,2024-04-21,2024-04-28,186200.0,PDC,False,7.0,True
T006921,D0185,2025-09-03,2025-10-18,2025-10-18,263500.0,BANK_TRANSFER,False,0.0,False
T000244,D0007,2024-12-26,2025-01-10,2025-01-14,202200.0,PDC,False,4.0,False
T002889,D0076,2024-10-31,2024-11-30,2024-11-30,281100.0,PDC,False,0.0,False
T004725,D0127,2024-06-08,2024-07-23,2024-07-28,233200.0,PDC,False,5.0,False
T001217,D0033,2024-04-04,2024-05-19,2024-05-20,264300.0,CASH,False,1.0,False
T004322,D0115,2023-12-15,2024-01-14,2024-01-15,50800.0,CASH,False,1.0,False
T003463,D0091,2023-08-01,2023-08-16,2023-08-17,37300.0,CASH,False,1.0,False
T007814,D0209,2023-03-12,2023-04-26,2023-04-27,162400.0,PDC,False,1.0,True
T004712,D0126,2025-05-15,2025-06-29,2025-06-29,191800.0,PDC,False,0.0,False
T002726,D0071,2025-09-12,2025-10-27,2025-11-07,58700.0,CASH,False,11.0,False
T006299,D0170,2025-11-27,2026-01-11,2026-01-17,158500.0,CASH,False,6.0,False
T002433,D0062,2025-01-22,2025-03-08,2025-03-10,272900.0,PDC,False,2.0,True
T005723,D0151,2025-01-09,2025-02-08,,60900.0,PDC,False,,False
T008143,D0217,2025-05-23,2025-06-22,2025-06-26,195700.0,CASH,False,4.0,False
T005040,D0135,2023-12-03,2023-12-18,2023-12-18,90500.0,PDC,False,0.0,False
T006812,D0182,2023-11-11,2023-12-26,2023-12-30,203200.0,CASH,False,4.0,False
T005672,D0150,2024-11-19,2024-12-19,2024-12-22,98200.0,PDC,False,3.0,False
T007207,D0192,2023-04-17,2023-06-01,2023-06-05,191600.0,CASH,False,4.0,False
T006607,D0178,2024-06-22,2024-07-07,2024-07-12,68700.0,CASH,False,5.0,False
T003894,D0104,2023-06-16,2023-07-16,2023-08-18,251700.0,PDC,False,33.0,False
T000061,D0003,2025-10-01,2025-10-31,2025-11-15,286800.0,PDC,False,15.0,False
T002129,D0054,2024-01-22,2024-02-21,2024-02-24,52600.0,PDC,False,3.0,False
T003710,D0098,2024-05-07,2024-05-22,2024-06-07,131500.0,PDC,False,16.0,False
T005498,D0145,2024-01-21,2024-03-06,2024-03-07,262400.0,BANK_TRANSFER,False,1.0,True
T002163,D0054,2025-06-19,2025-07-04,2025-07-04,33100.0,CASH,False,0.0,False
T007803,D0209,2023-01-02,2023-02-16,2023-02-17,100200.0,BANK_TRANSFER,False,1.0,False
T004034,D0108,2025-10-11,2025-10-26,2025-10-26,36300.0,CASH,False,0.0,False
T006710,D0180,2024-02-07,2024-03-23,2024-03-25,262000.0,PDC,False,2.0,True
T005120,D0137,2024-07-14,2024-08-28,2024-09-13,74800.0,CASH,False,16.0,False
T004558,D0123,2025-02-08,2025-03-25,2025-03-29,270000.0,PDC,False,4.0,True
T000877,D0023,2023-08-05,2023-08-20,2023-08-20,131400.0,PDC,False,0.0,False
T006220,D0168,2025-01-28,2025-03-14,2025-03-14,218300.0,BANK_TRANSFER,False,0.0,True
T002153,D0054,2025-08-27,2025-09-26,2025-09-27,87000.0,PDC,False,1.0,False
T006987,D0188,2023-04-27,2023-05-12,2023-05-14,107400.0,PDC,False,2.0,False
T007191,D0192,2024-03-29,2024-04-13,2024-04-19,187500.0,PDC,False,6.0,True
T000543,D0015,2024-04-01,2024-04-16,2024-04-30,77500.0,CASH,False,14.0,True
T006779,D0182,2024-12-31,2025-01-30,2025-01-30,234300.0,PDC,False,0.0,False
T005923,D0158,2025-08-28,2025-09-27,2025-09-27,140700.0,PDC,False,0.0,False
T006617,D0178,2025-02-16,2025-03-18,2025-03-18,147800.0,PDC,False,0.0,True
T003420,D0090,2024-12-12,2025-01-11,,137000.0,PDC,False,,False
T007518,D0200,2023-04-14,2023-04-29,2023-04-29,32500.0,BANK_TRANSFER,False,0.0,True
T002718,D0070,2023-01-22,2023-02-21,,250900.0,PDC,True,,False
T002987,D0079,2023-03-27,2023-04-11,2023-04-11,198200.0,PDC,False,0.0,True
T006884,D0184,2025-09-10,2025-10-10,2025-11-19,96100.0,PDC,False,40.0,False
T002471,D0063,2025-09-20,2025-10-20,,185100.0,PDC,False,,False
T007133,D0191,2023-08-03,2023-08-18,2023-08-21,194500.0,PDC,False,3.0,False
T006335,D0170,2025-11-04,2025-12-04,2025-12-19,112700.0,CASH,False,15.0,False
T006758,D0181,2024-02-05,2024-02-20,2024-02-25,267800.0,CASH,False,5.0,False
T001178,D0032,2024-03-30,2024-04-14,,189700.0,PDC,False,,True
T001491,D0039,2025-12-29,2026-01-28,2026-02-18,253600.0,BANK_TRANSFER,False,21.0,False
T000946,D0026,2025-05-19,2025-07-03,2025-07-03,252300.0,PDC,False,0.0,False
T001078,D0029,2024-11-09,2024-12-09,2024-12-10,25600.0,PDC,False,1.0,False
T000369,D0011,2023-11-24,2023-12-09,2023-12-14,98500.0,PDC,False,5.0,False
T002519,D0065,2024-04-01,2024-04-16,2024-04-21,110700.0,CASH,False,5.0,True
T005818,D0154,2024-04-05,2024-05-05,2024-05-07,49800.0,PDC,False,2.0,False
T000563,D0016,2025-05-19,2025-06-18,2025-06-30,49700.0,PDC,False,12.0,True
T001450,D0038,2025-02-19,2025-03-06,,280600.0,PDC,True,,True
T007861,D0210,2025-09-20,2025-11-04,2025-11-07,65300.0,PDC,False,3.0,False
T007876,D0211,2025-09-02,2025-10-17,2025-10-19,214600.0,BANK_TRANSFER,False,2.0,False
T000700,D0019,2025-07-25,2025-08-24,2025-08-26,215200.0,BANK_TRANSFER,False,2.0,False
T001299,D0034,2025-09-09,2025-10-09,2025-11-17,133800.0,PDC,False,39.0,False
T005427,D0144,2024-12-05,2025-01-04,2025-01-07,201300.0,CASH,False,3.0,False
T001364,D0036,2025-02-19,2025-03-21,2025-03-22,299700.0,PDC,False,1.0,True
T005891,D0156,2025-10-05,2025-11-04,,58600.0,PDC,True,,False
T003984,D0106,2025-01-14,2025-02-13,2025-02-17,265300.0,CASH,False,4.0,False
T001380,D0036,2023-10-10,2023-11-24,2023-11-25,155600.0,PDC,False,1.0,False
T007572,D0202,2024-03-24,2024-05-08,2024-05-09,164500.0,PDC,False,1.0,False
T005557,D0147,2025-07-09,2025-08-23,2025-08-27,221600.0,PDC,False,4.0,False
T000153,D0005,2023-06-04,2023-06-19,2023-06-20,228900.0,CASH,False,1.0,True
T007702,D0207,2023-07-21,2023-08-20,2023-08-20,21300.0,PDC,False,0.0,False
T003610,D0095,2023-08-16,2023-08-31,2023-09-28,119500.0,PDC,False,28.0,False
T006563,D0177,2025-12-15,2025-12-30,2026-02-05,85400.0,PDC,False,37.0,False
T004904,D0132,2023-04-12,2023-05-12,2023-05-12,103400.0,CASH,False,0.0,False
T000229,D0007,2024-10-26,2024-12-10,2025-01-22,44400.0,PDC,False,43.0,False
T003372,D0089,2025-09-30,2025-10-15,2025-10-17,35500.0,PDC,False,2.0,False
T007293,D0194,2024-11-23,2025-01-07,2025-01-10,167600.0,PDC,False,3.0,False
T001954,D0049,2025-04-21,2025-05-06,2025-05-13,55400.0,CASH,False,7.0,False
T008215,D0220,2024-02-28,2024-03-14,2024-03-16,216300.0,CASH,False,2.0,True
T001900,D0047,2023-11-12,2023-12-12,2023-12-15,141300.0,CASH,False,3.0,False
T005024,D0135,2024-01-21,2024-02-05,,174700.0,CASH,False,,False
T005800,D0154,2025-05-09,2025-05-24,2025-05-25,37400.0,BANK_TRANSFER,False,1.0,False
T004121,D0110,2024-03-21,2024-05-05,2024-05-08,112200.0,PDC,False,3.0,False
T004663,D0125,2025-02-26,2025-03-28,,79700.0,PDC,True,,True
T002421,D0061,2023-09-22,2023-10-07,2023-10-09,242200.0,BANK_TRANSFER,False,2.0,False
T001131,D0030,2024-06-25,2024-08-09,2024-09-07,35700.0,CASH,False,29.0,False
T000131,D0005,2023-11-20,2023-12-05,2023-12-05,181600.0,PDC,False,0.0,False
T006293,D0170,2023-12-20,2024-01-04,2024-01-17,244200.0,PDC,False,13.0,False
T001405,D0037,2023-01-10,2023-02-09,,53300.0,PDC,True,,False
T000494,D0014,2024-08-15,2024-08-30,2024-08-30,235900.0,PDC,False,0.0,False
T003116,D0083,2023-11-11,2023-12-11,2023-12-30,276300.0,BANK_TRANSFER,False,19.0,False
T007909,D0212,2024-12-02,2024-12-17,2025-01-11,169300.0,BANK_TRANSFER,False,25.0,False
T003231,D0086,2025-05-08,2025-06-22,2025-08-05,162700.0,BANK_TRANSFER,False,44.0,False
T002639,D0068,2023-10-21,2023-11-20,2023-11-23,254000.0,PDC,False,3.0,False
T005520,D0146,2024-05-29,2024-06-13,2024-06-16,91200.0,BANK_TRANSFER,False,3.0,True
T006305,D0170,2025-06-06,2025-07-06,2025-07-23,86400.0,CASH,False,17.0,False
T001599,D0041,2024-09-10,2024-09-25,,200600.0,PDC,True,,False
T002856,D0075,2024-08-20,2024-10-04,2024-10-04,110500.0,BANK_TRANSFER,False,0.0,False
T004201,D0112,2024-01-02,2024-02-01,2024-02-01,138000.0,PDC,False,0.0,False
T005160,D0138,2025-09-18,2025-11-02,2025-11-06,194200.0,PDC,False,4.0,False
T000928,D0025,2025-12-14,2026-01-13,,220100.0,PDC,True,,False
T003030,D0081,2025-01-23,2025-02-07,2025-02-08,105000.0,BANK_TRANSFER,False,1.0,False
T005718,D0151,2025-03-20,2025-04-19,2025-04-26,77400.0,PDC,False,7.0,False
T006540,D0176,2024-06-08,2024-07-23,2024-08-25,194700.0,CASH,False,33.0,False
T002248,D0057,2025-12-31,2026-01-15,,218500.0,PDC,True,,False
T003294,D0088,2025-02-28,2025-03-15,,223800.0,PDC,True,,True
T001377,D0036,2025-09-15,2025-09-30,2025-10-04,214600.0,PDC,False,4.0,False
T006720,D0181,2023-07-27,2023-09-10,2023-10-25,254400.0,PDC,False,45.0,False
T001103,D0030,2025-12-11,2026-01-25,2026-03-05,188000.0,PDC,False,39.0,False
T002265,D0057,2024-09-24,2024-10-24,2024-11-30,164500.0,BANK_TRANSFER,False,37.0,False
T005058,D0135,2024-05-10,2024-06-09,,32400.0,PDC,False,,True
T006547,D0176,2024-09-05,2024-10-20,2024-11-07,270800.0,PDC,False,18.0,False
T000058,D0003,2025-03-09,2025-04-08,2025-04-22,288100.0,PDC,False,14.0,True
T005749,D0152,2025-02-08,2025-03-25,2025-03-27,227700.0,PDC,False,2.0,True
T005020,D0135,2023-01-28,2023-03-14,2023-03-18,115600.0,BANK_TRANSFER,False,4.0,True
T004345,D0116,2024-06-08,2024-06-23,2024-06-26,169600.0,PDC,False,3.0,True
T003172,D0085,2023-11-11,2023-12-11,,157600.0,PDC,False,,False
T003063,D0082,2025-02-17,2025-04-03,2025-04-05,29600.0,BANK_TRANSFER,False,2.0,True
T002064,D0052,2024-03-23,2024-04-07,2024-05-14,109800.0,PDC,False,37.0,True
T003445,D0091,2025-04-12,2025-05-12,2025-05-17,78700.0,PDC,False,5.0,False
T008183,D0218,2024-09-30,2024-10-15,2024-10-19,205400.0,PDC,False,4.0,False
T001403,D0036,2024-07-20,2024-08-04,,255700.0,CASH,False,,False
T005400,D0143,2025-09-09,2025-09-24,2025-09-27,246300.0,PDC,False,3.0,False
T002371,D0061,2024-02-28,2024-04-13,2024-04-17,75600.0,PDC,False,4.0,True
T005645,D0149,2023-02-12,2023-02-27,2023-02-27,133700.0,BANK_TRANSFER,False,0.0,False
T004166,D0111,2024-04-28,2024-05-13,2024-05-16,100900.0,PDC,False,3.0,False
T002277,D0058,2025-09-27,2025-10-12,2025-10-27,90000.0,CASH,False,15.0,False
T003940,D0105,2024-03-31,2024-05-15,2024-05-18,221900.0,PDC,False,3.0,False
T001794,D0045,2023-10-21,2023-11-05,2023-11-08,98200.0,CASH,False,3.0,False
T007397,D0198,2024-03-02,2024-04-16,2024-05-02,126600.0,PDC,False,16.0,True
T002791,D0072,2024-07-18,2024-08-17,2024-08-20,234300.0,PDC,False,3.0,False
T004376,D0117,2025-05-03,2025-06-17,2025-06-22,232500.0,PDC,False,5.0,True
T004115,D0110,2024-12-19,2025-01-03,2025-01-03,122400.0,PDC,False,0.0,False
T005090,D0136,2023-06-07,2023-06-22,2023-06-22,225100.0,PDC,False,0.0,True
T007210,D0192,2023-03-13,2023-03-28,2023-03-29,190700.0,PDC,False,1.0,True
T002266,D0057,2024-09-07,2024-10-07,2024-11-06,91000.0,PDC,False,30.0,False
T003553,D0094,2025-02-23,2025-03-10,,42300.0,PDC,False,,True
T006047,D0162,2025-02-01,2025-03-18,2025-03-21,121300.0,PDC,False,3.0,True
T007048,D0189,2024-10-10,2024-11-09,,89000.0,PDC,False,,False
T000042,D0002,2025-07-30,2025-08-29,2025-08-29,62700.0,PDC,False,0.0,False
T006310,D0170,2024-11-24,2024-12-09,2024-12-23,255000.0,BANK_TRANSFER,False,14.0,False
T005243,D0139,2025-03-19,2025-05-03,2025-05-03,225700.0,PDC,False,0.0,False
T000839,D0022,2023-07-30,2023-09-13,,142700.0,CASH,False,,False
T005317,D0141,2025-06-04,2025-06-19,2025-06-23,114700.0,PDC,False,4.0,True
T003824,D0102,2024-11-19,2024-12-19,2024-12-21,241900.0,CASH,False,2.0,False
T005422,D0144,2024-12-21,2025-01-05,2025-01-05,156900.0,PDC,False,0.0,False
T006470,D0174,2024-01-18,2024-02-17,2024-02-17,271100.0,PDC,False,0.0,False
T001730,D0044,2025-08-31,2025-09-30,2025-10-01,46400.0,CASH,False,1.0,False
T004627,D0125,2023-07-17,2023-08-31,2023-09-26,230400.0,CASH,False,26.0,False
T000588,D0016,2024-11-23,2024-12-08,2024-12-26,196500.0,PDC,False,18.0,False
T005404,D0143,2025-01-10,2025-01-25,2025-02-02,37400.0,CASH,False,8.0,False
T006150,D0166,2025-12-10,2025-12-25,2026-01-07,224500.0,CASH,False,13.0,False
T007534,D0200,2023-10-31,2023-12-15,2023-12-17,136600.0,PDC,False,2.0,False
T005341,D0141,2025-11-20,2025-12-05,2025-12-05,274400.0,PDC,False,0.0,False
T004887,D0132,2025-09-06,2025-10-21,2025-10-22,282900.0,PDC,False,1.0,False
T006063,D0162,2023-08-24,2023-09-08,2023-09-08,226600.0,PDC,False,0.0,False
T002857,D0075,2024-03-20,2024-04-19,2024-04-19,195300.0,PDC,False,0.0,True
T003118,D0083,2024-05-21,2024-06-05,2024-06-11,148100.0,PDC,False,6.0,True
T007372,D0197,2023-03-29,2023-04-28,2023-05-01,159500.0,BANK_TRANSFER,False,3.0,True
T001765,D0045,2024-03-10,2024-03-25,2024-03-28,224400.0,CASH,False,3.0,True
T000714,D0019,2025-09-22,2025-10-07,2025-10-10,79100.0,CASH,False,3.0,False
T004229,D0113,2024-10-10,2024-11-24,2025-01-10,264500.0,CASH,False,47.0,False
T000196,D0006,2025-04-02,2025-05-02,,163500.0,CASH,False,,False
T001874,D0047,2025-09-16,2025-10-31,,114500.0,PDC,False,,False
T002017,D0051,2023-04-18,2023-06-02,2023-06-17,33000.0,PDC,False,15.0,False
T005442,D0144,2024-03-24,2024-05-08,2024-05-11,138000.0,PDC,False,3.0,False
T001091,D0029,2025-09-29,2025-10-14,2025-10-18,290400.0,PDC,False,4.0,False
T001448,D0038,2023-07-24,2023-09-07,,115500.0,PDC,False,,False
T004994,D0134,2024-05-31,2024-06-15,2024-06-18,273200.0,PDC,False,3.0,True
T007954,D0213,2024-11-17,2024-12-02,2024-12-03,76100.0,PDC,False,1.0,False
T008082,D0216,2023-03-08,2023-04-22,2023-04-24,225300.0,PDC,False,2.0,True
T002655,D0069,2024-03-11,2024-04-25,2024-06-14,189900.0,CASH,False,50.0,True
T001645,D0042,2024-02-27,2024-03-28,2024-04-02,72900.0,PDC,False,5.0,True
T002671,D0070,2025-06-30,2025-08-14,,251100.0,PDC,False,,False
T005910,D0157,2024-07-05,2024-08-04,2024-08-06,279300.0,CASH,False,2.0,False
T003656,D0096,2023-10-29,2023-11-28,2023-11-28,52900.0,CASH,False,0.0,False
T007346,D0196,2025-04-03,2025-04-18,2025-04-18,101000.0,BANK_TRANSFER,False,0.0,False
T004893,D0132,2023-10-18,2023-11-02,2023-11-02,148200.0,PDC,False,0.0,False
T004461,D0120,2024-11-28,2025-01-12,2025-01-20,171200.0,CASH,False,8.0,False
T002623,D0068,2023-09-07,2023-10-07,2023-10-07,44400.0,PDC,False,0.0,False
T003158,D0084,2025-01-21,2025-02-05,2025-02-09,299200.0,PDC,False,4.0,False
T003912,D0105,2023-01-16,2023-03-02,2023-03-04,24300.0,PDC,False,2.0,False
T004965,D0133,2023-08-25,2023-09-24,2023-09-24,115400.0,PDC,False,0.0,False
T002426,D0061,2025-03-27,2025-04-11,,214900.0,PDC,False,,True
T000475,D0014,2025-02-16,2025-03-18,2025-03-18,298100.0,CASH,False,0.0,True
T000398,D0011,2025-08-12,2025-09-26,2025-09-28,282200.0,PDC,False,2.0,False
T006292,D0170,2023-12-27,2024-01-26,2024-02-05,170400.0,PDC,False,10.0,False
T007842,D0210,2025-03-21,2025-04-20,2025-04-21,104900.0,PDC,False,1.0,False
T000370,D0011,2025-06-16,2025-07-01,2025-07-23,26900.0,PDC,False,22.0,False
T003601,D0094,2023-06-22,2023-07-22,,114500.0,PDC,False,,False
T002237,D0057,2025-08-07,2025-08-22,2025-09-01,149700.0,CASH,False,10.0,False
T007984,D0213,2023-03-10,2023-03-25,2023-03-27,228200.0,PDC,False,2.0,True
T005349,D0142,2023-11-14,2023-11-29,2023-12-01,286500.0,PDC,False,2.0,False
T005662,D0150,2024-06-11,2024-06-26,2024-06-29,160300.0,PDC,False,3.0,True
T005858,D0155,2023-02-01,2023-03-03,2023-03-11,107000.0,CASH,False,8.0,False
T005466,D0144,2024-08-01,2024-08-16,2024-08-17,162200.0,PDC,False,1.0,False
T007114,D0190,2025-09-18,2025-10-03,,81800.0,PDC,False,,False
T003088,D0083,2025-12-21,2026-01-20,,82000.0,PDC,True,,False
T001766,D0045,2024-07-30,2024-08-29,2024-08-30,128400.0,CASH,False,1.0,False
T000717,D0019,2024-11-14,2024-11-29,2024-12-01,100200.0,PDC,False,2.0,False
T007922,D0212,2025-03-30,2025-04-14,2025-05-27,229100.0,BANK_TRANSFER,False,43.0,True
T002377,D0061,2025-07-27,2025-08-11,2025-08-12,53000.0,PDC,False,1.0,False
T002704,D0070,2023-02-19,2023-04-05,2023-05-14,88400.0,CASH,False,39.0,True
T004886,D0132,2025-06-14,2025-07-14,2025-07-18,47300.0,PDC,False,4.0,False
T002221,D0056,2025-07-20,2025-09-03,2025-09-06,176900.0,CASH,False,3.0,False
T001690,D0043,2023-02-23,2023-03-25,2023-04-13,68900.0,PDC,False,19.0,True
T003182,D0085,2024-11-09,2024-11-24,2024-11-25,240100.0,PDC,False,1.0,False
T003491,D0092,2023-06-11,2023-07-26,2023-07-27,83900.0,PDC,False,1.0,False
T007693,D0207,2023-02-04,2023-02-19,2023-03-09,131700.0,BANK_TRANSFER,False,18.0,False
T006592,D0177,2025-01-02,2025-01-17,2025-03-04,158700.0,BANK_TRANSFER,False,46.0,False
T004296,D0115,2025-03-26,2025-05-10,2025-05-11,260600.0,CASH,False,1.0,False
T007273,D0194,2024-12-16,2025-01-15,2025-01-15,210800.0,PDC,False,0.0,False
T007672,D0206,2025-09-02,2025-09-17,2025-09-27,77500.0,CASH,False,10.0,False
T001239,D0033,2025-04-06,2025-04-21,2025-04-21,260000.0,PDC,False,0.0,False
T004129,D0110,2023-12-29,2024-01-28,2024-01-30,284400.0,PDC,False,2.0,False
T004385,D0118,2024-02-19,2024-03-05,2024-03-08,22500.0,CASH,False,3.0,True
T006657,D0179,2023-04-02,2023-05-17,2023-05-25,247900.0,PDC,False,8.0,False
T006287,D0169,2024-04-10,2024-05-25,2024-05-28,187500.0,PDC,False,3.0,False
T005944,D0159,2025-10-16,2025-11-15,2025-11-19,47700.0,PDC,False,4.0,False
T002463,D0063,2023-10-04,2023-10-19,2023-10-19,182600.0,PDC,False,0.0,False
T005448,D0144,2025-11-02,2025-11-17,2025-11-18,178700.0,BANK_TRANSFER,False,1.0,False
T007195,D0192,2025-08-28,2025-09-27,2025-10-01,28800.0,CASH,False,4.0,False
T001837,D0046,2024-04-28,2024-05-13,2024-05-18,142700.0,CASH,False,5.0,False
T001612,D0041,2025-02-20,2025-03-07,2025-03-10,231000.0,CASH,False,3.0,True
T006604,D0178,2023-01-27,2023-03-13,2023-03-16,106900.0,PDC,False,3.0,True
T007587,D0202,2023-06-06,2023-07-21,2023-07-23,298400.0,BANK_TRANSFER,False,2.0,False
T004467,D0120,2025-03-07,2025-04-21,,145800.0,PDC,False,,False
T000161,D0005,2024-11-02,2024-12-17,2024-12-17,297500.0,PDC,False,0.0,False
T005707,D0150,2025-07-13,2025-08-12,2025-08-16,182400.0,PDC,False,4.0,False
T001972,D0050,2025-01-04,2025-02-18,2025-02-23,42000.0,BANK_TRANSFER,False,5.0,True
T002773,D0072,2023-09-29,2023-10-29,2023-10-29,89100.0,CASH,False,0.0,False
T003550,D0094,2025-10-08,2025-11-07,2025-11-08,186500.0,PDC,False,1.0,False
T005522,D0146,2025-12-25,2026-02-08,2026-02-08,250000.0,BANK_TRANSFER,False,0.0,False
T002088,D0053,2025-07-31,2025-08-30,2025-09-09,35700.0,CASH,False,10.0,False
T003718,D0099,2023-11-14,2023-12-29,2024-01-25,177000.0,PDC,False,27.0,False
T000450,D0013,2024-09-04,2024-10-19,2024-10-20,32500.0,PDC,False,1.0,False
T001381,D0036,2024-04-15,2024-05-15,2024-05-19,181400.0,CASH,False,4.0,False
T003304,D0088,2024-09-09,2024-10-24,2024-11-01,57300.0,CASH,False,8.0,False
T002156,D0054,2025-08-21,2025-09-05,2025-09-05,183900.0,CASH,False,0.0,False
T005297,D0140,2023-09-02,2023-10-17,,254200.0,PDC,False,,False
T006711,D0180,2024-01-22,2024-03-07,2024-03-10,148100.0,PDC,False,3.0,True
T005515,D0146,2024-07-07,2024-07-22,2024-07-29,141700.0,PDC,False,7.0,False
T007408,D0198,2024-06-25,2024-07-10,2024-07-24,75200.0,BANK_TRANSFER,False,14.0,False
T001110,D0030,2024-05-18,2024-06-17,2024-07-20,69600.0,BANK_TRANSFER,False,33.0,True
T004665,D0125,2024-01-22,2024-03-07,2024-04-10,72200.0,CASH,False,34.0,True
T007267,D0194,2025-02-01,2025-02-16,2025-02-22,30500.0,PDC,False,6.0,True
T004524,D0121,2023-07-25,2023-09-08,2023-09-12,133200.0,PDC,False,4.0,False
T000164,D0005,2023-10-14,2023-10-29,2023-11-03,184000.0,BANK_TRANSFER,False,5.0,False
T006911,D0185,2024-09-21,2024-11-05,2024-11-06,211800.0,PDC,False,1.0,False
T000445,D0013,2025-04-02,2025-05-17,2025-05-19,167600.0,PDC,False,2.0,False
T000641,D0018,2023-11-12,2023-12-27,,201400.0,PDC,True,,False
T007591,D0202,2023-05-04,2023-06-18,2023-06-21,104800.0,PDC,False,3.0,True
T007946,D0213,2023-02-10,2023-02-25,,120300.0,CASH,False,,False
T007138,D0191,2023-07-23,2023-09-06,2023-09-07,183400.0,PDC,False,1.0,False
T005089,D0136,2025-05-23,2025-06-07,2025-06-11,215900.0,CASH,False,4.0,True
T003053,D0082,2025-02-03,2025-03-05,2025-03-05,227900.0,PDC,False,0.0,True
T001154,D0031,2025-12-10,2026-01-24,2026-02-02,155300.0,PDC,False,9.0,False
T001208,D0032,2025-12-29,2026-01-28,2026-01-28,257700.0,BANK_TRANSFER,False,0.0,False
T005844,D0155,2024-06-18,2024-08-02,2024-08-05,62700.0,BANK_TRANSFER,False,3.0,False
T002636,D0068,2024-12-31,2025-02-14,2025-02-22,60400.0,CASH,False,8.0,False
T005278,D0140,2023-08-04,2023-09-18,2023-09-18,276200.0,PDC,False,0.0,False
T004472,D0120,2024-09-16,2024-10-16,2024-10-16,75900.0,PDC,False,0.0,False
T001182,D0032,2025-04-18,2025-05-03,2025-05-04,135100.0,PDC,False,1.0,False
T007132,D0191,2025-04-04,2025-04-19,,290800.0,PDC,False,,False
T000736,D0020,2023-11-28,2024-01-12,2024-01-23,220300.0,PDC,False,11.0,False
T001138,D0031,2023-10-11,2023-11-25,2023-12-08,249700.0,CASH,False,13.0,False
T003453,D0091,2023-02-03,2023-03-05,2023-03-05,210100.0,BANK_TRANSFER,False,0.0,False
T006161,D0167,2025-12-18,2026-02-01,2026-02-26,105700.0,CASH,False,25.0,False
T005290,D0140,2023-12-28,2024-01-27,2024-01-27,190200.0,CASH,False,0.0,False
T004475,D0120,2025-06-16,2025-07-01,2025-07-02,60900.0,CASH,False,1.0,False
T003648,D0096,2025-07-09,2025-08-23,2025-08-23,149900.0,PDC,False,0.0,False
T004900,D0132,2023-07-16,2023-07-31,2023-08-04,278600.0,BANK_TRANSFER,False,4.0,False
T000637,D0017,2025-06-03,2025-06-18,2025-06-21,250000.0,CASH,False,3.0,True
T004005,D0107,2024-12-16,2024-12-31,2025-01-10,228300.0,PDC,False,10.0,False
T006003,D0161,2024-08-12,2024-09-26,2024-09-28,141600.0,BANK_TRANSFER,False,2.0,False
T000109,D0004,2025-08-01,2025-08-16,2025-08-16,168500.0,CASH,False,0.0,False
T006802,D0182,2025-08-31,2025-09-15,2025-09-16,74600.0,CASH,False,1.0,False
T006100,D0164,2025-01-11,2025-02-25,2025-03-01,216500.0,PDC,False,4.0,True
T006324,D0170,2024-02-02,2024-03-03,2024-03-17,181400.0,BANK_TRANSFER,False,14.0,True
T000280,D0009,2024-11-23,2025-01-07,2025-01-07,185400.0,PDC,False,0.0,False
T005611,D0149,2023-10-30,2023-12-14,2023-12-17,240100.0,CASH,False,3.0,False
T005133,D0137,2025-08-30,2025-10-14,2025-11-04,90600.0,BANK_TRANSFER,False,21.0,False
T002396,D0061,2024-06-24,2024-08-08,2024-08-10,264500.0,PDC,False,2.0,False
T006693,D0180,2023-06-01,2023-07-01,,79100.0,PDC,False,,True
T001821,D0046,2025-08-17,2025-09-01,2025-09-05,142500.0,PDC,False,4.0,False
T007188,D0192,2023-05-06,2023-05-21,2023-05-21,137300.0,CASH,False,0.0,False
T005413,D0144,2024-02-07,2024-03-08,2024-03-09,121900.0,PDC,False,1.0,True
T000139,D0005,2023-04-11,2023-05-26,2023-05-29,253200.0,CASH,False,3.0,False
T003657,D0096,2025-12-07,2026-01-06,2026-01-11,77700.0,CASH,False,5.0,False
T001855,D0046,2025-01-05,2025-01-20,,166500.0,BANK_TRANSFER,False,,False
T004802,D0129,2023-11-24,2023-12-09,2023-12-12,117000.0,PDC,False,3.0,False
T001295,D0034,2025-03-25,2025-04-24,2025-05-25,125600.0,PDC,False,31.0,False
T005719,D0151,2023-04-05,2023-05-20,2023-05-25,121200.0,CASH,False,5.0,False
T005236,D0139,2023-09-28,2023-10-13,2023-10-21,135300.0,BANK_TRANSFER,False,8.0,False
T006700,D0180,2025-05-09,2025-06-08,,296900.0,PDC,False,,True
T007106,D0190,2024-09-16,2024-10-31,2024-11-14,104100.0,PDC,False,14.0,False
T007303,D0194,2024-09-07,2024-10-22,2024-10-24,68000.0,PDC,False,2.0,False
T003169,D0085,2024-01-17,2024-02-16,2024-02-16,217600.0,PDC,False,0.0,False
T002154,D0054,2024-09-30,2024-11-14,2024-11-14,161600.0,CASH,False,0.0,False
T004691,D0126,2025-03-07,2025-04-06,2025-04-06,201600.0,PDC,False,0.0,True
T006847,D0183,2023-05-10,2023-06-09,2023-06-13,116300.0,CASH,False,4.0,False
T004240,D0113,2024-09-17,2024-10-02,2024-11-02,174300.0,CASH,False,31.0,False
T000121,D0004,2025-02-21,2025-03-08,2025-03-10,277300.0,PDC,False,2.0,True
T006452,D0174,2023-10-05,2023-11-19,2023-11-20,174900.0,PDC,False,1.0,False
T001587,D0041,2025-05-24,2025-06-08,,114800.0,PDC,True,,True
T003040,D0081,2023-10-26,2023-12-10,2023-12-11,155600.0,CASH,False,1.0,False
T003728,D0099,2024-10-15,2024-11-14,,69500.0,CASH,False,,False
T000038,D0002,2025-01-26,2025-02-10,2025-02-10,76300.0,PDC,False,0.0,False
T007379,D0197,2024-07-08,2024-08-07,2024-08-09,85900.0,PDC,False,2.0,False
T003312,D0088,2025-05-25,2025-07-09,2025-07-17,299100.0,PDC,False,8.0,False
T003336,D0088,2023-03-03,2023-03-18,2023-03-30,261600.0,PDC,False,12.0,True
T001247,D0033,2023-08-21,2023-09-20,2023-09-22,258400.0,PDC,False,2.0,False
T003038,D0081,2024-08-30,2024-09-14,2024-09-16,231900.0,PDC,False,2.0,False
T006665,D0179,2025-09-03,2025-09-18,2025-09-23,21000.0,PDC,False,5.0,False
T001245,D0033,2024-05-14,2024-05-29,2024-06-02,73700.0,CASH,False,4.0,False
T006169,D0167,2024-08-31,2024-10-15,2024-11-08,238400.0,PDC,False,24.0,False
T003907,D0105,2024-12-27,2025-01-26,2025-01-29,253200.0,BANK_TRANSFER,False,3.0,False
T005302,D0141,2025-12-14,2025-12-29,2025-12-31,273900.0,CASH,False,2.0,False
T003440,D0090,2023-09-02,2023-10-02,2023-10-02,288200.0,CASH,False,0.0,False
T001848,D0046,2025-07-04,2025-07-19,2025-07-29,38400.0,PDC,False,10.0,False
T008098,D0216,2025-08-11,2025-09-10,2025-09-12,248500.0,PDC,False,2.0,False
T007544,D0201,2023-10-06,2023-11-05,2023-11-05,233100.0,PDC,False,0.0,False
T000241,D0007,2025-10-15,2025-11-29,2026-01-02,233700.0,PDC,False,34.0,False
T001123,D0030,2024-10-31,2024-11-30,2024-11-30,217600.0,CASH,False,0.0,False
T006422,D0172,2024-09-29,2024-10-14,2024-10-17,100900.0,PDC,False,3.0,False
T002196,D0055,2023-07-05,2023-07-20,2023-08-04,167600.0,CASH,False,15.0,False
T004079,D0109,2025-05-26,2025-06-25,2025-07-13,248900.0,CASH,False,18.0,False
T004251,D0113,2025-07-30,2025-08-29,,224500.0,PDC,True,,False
T002030,D0051,2023-09-18,2023-10-03,2023-10-25,131400.0,CASH,False,22.0,False
T007456,D0199,2025-07-20,2025-08-19,,117300.0,PDC,False,,False
T003627,D0096,2023-01-20,2023-03-06,2023-03-11,116000.0,PDC,False,5.0,False
T000194,D0006,2025-12-03,2026-01-02,2026-01-05,149400.0,PDC,False,3.0,False
T008164,D0218,2024-09-23,2024-10-08,2024-10-09,286500.0,PDC,False,1.0,False
T005622,D0149,2025-04-09,2025-05-09,2025-05-11,277100.0,PDC,False,2.0,False
T001727,D0044,2024-11-01,2024-11-16,,264000.0,BANK_TRANSFER,False,,False
T004938,D0133,2024-08-01,2024-08-16,2024-08-19,268400.0,CASH,False,3.0,False
T002080,D0052,2024-04-07,2024-04-22,2024-06-07,104900.0,BANK_TRANSFER,False,46.0,True
T004185,D0111,2025-05-21,2025-06-05,2025-06-08,258000.0,PDC,False,3.0,True
T000036,D0002,2024-07-10,2024-07-25,2024-07-27,150300.0,PDC,False,2.0,False
T000632,D0017,2023-04-20,2023-05-05,2023-05-05,270800.0,PDC,False,0.0,True
T001722,D0044,2025-06-07,2025-06-22,,115800.0,PDC,False,,False
T006097,D0164,2024-06-15,2024-06-30,2024-07-04,150000.0,BANK_TRANSFER,False,4.0,True
T006035,D0162,2025-08-17,2025-10-01,2025-10-01,85100.0,BANK_TRANSFER,False,0.0,False
T007550,D0201,2023-10-13,2023-11-27,2023-11-28,257000.0,CASH,False,1.0,False
T005067,D0135,2025-09-06,2025-10-21,2025-10-22,277000.0,CASH,False,1.0,False
T002130,D0054,2024-11-20,2024-12-20,2024-12-23,142400.0,BANK_TRANSFER,False,3.0,False
T000849,D0022,2024-01-03,2024-01-18,2024-01-18,108200.0,CASH,False,0.0,False
T005895,D0156,2023-03-20,2023-05-04,,43900.0,PDC,True,,True
T006049,D0162,2025-03-18,2025-04-02,2025-04-06,281600.0,CASH,False,4.0,True
T001395,D0036,2023-12-14,2024-01-28,,108400.0,PDC,False,,False
T004694,D0126,2023-07-02,2023-08-01,2023-08-04,234200.0,BANK_TRANSFER,False,3.0,False
T002502,D0064,2025-06-08,2025-06-23,,100500.0,CASH,False,,False
T001548,D0040,2023-08-09,2023-09-23,,116500.0,PDC,False,,False
T007948,D0213,2024-01-22,2024-02-06,2024-02-10,125000.0,PDC,False,4.0,False
T001057,D0029,2025-02-05,2025-03-22,2025-03-25,225800.0,CASH,False,3.0,True
T004061,D0108,2023-09-17,2023-11-01,2023-11-04,141800.0,PDC,False,3.0,False
T002428,D0062,2025-04-04,2025-05-04,2025-05-07,65800.0,CASH,False,3.0,False
T002993,D0080,2025-03-27,2025-04-26,2025-05-30,34000.0,CASH,False,34.0,False
T001543,D0040,2024-07-17,2024-08-31,2024-09-01,191100.0,PDC,False,1.0,False
T001153,D0031,2023-01-26,2023-03-12,,262500.0,BANK_TRANSFER,False,,True
T007021,D0188,2025-09-19,2025-10-19,2025-10-21,130400.0,CASH,False,2.0,False
T001728,D0044,2024-12-01,2025-01-15,2025-01-15,86500.0,PDC,False,0.0,False
T001059,D0029,2025-09-13,2025-09-28,2025-09-29,93200.0,PDC,False,1.0,False
T008140,D0217,2023-11-06,2023-11-21,2023-11-21,243400.0,PDC,False,0.0,False
T003518,D0093,2024-07-22,2024-08-06,2024-08-08,143900.0,PDC,False,2.0,False
T007812,D0209,2024-09-04,2024-09-19,,32400.0,CASH,False,,False
T007023,D0188,2023-08-01,2023-09-15,2023-09-17,274700.0,BANK_TRANSFER,False,2.0,False
T006731,D0181,2024-05-17,2024-06-16,2024-08-14,90300.0,BANK_TRANSFER,False,59.0,True
T001285,D0034,2025-11-19,2025-12-19,,291600.0,CASH,False,,False
T005383,D0143,2025-05-04,2025-06-03,2025-06-07,69100.0,BANK_TRANSFER,False,4.0,True
T005523,D0146,2025-09-20,2025-11-04,,142400.0,BANK_TRANSFER,False,,False
T003095,D0083,2023-09-13,2023-10-28,,109500.0,PDC,True,,False
T003218,D0086,2025-01-10,2025-02-24,,149100.0,CASH,False,,True
T004509,D0121,2023-07-17,2023-08-31,2023-09-13,128300.0,BANK_TRANSFER,False,13.0,False
T007088,D0190,2025-12-16,2026-01-15,2026-02-01,243900.0,CASH,False,17.0,False
T004099,D0109,2024-05-01,2024-05-16,2024-05-29,274300.0,PDC,False,13.0,False
T000449,D0013,2024-10-14,2024-10-29,2024-10-29,213200.0,PDC,False,0.0,False
T000208,D0006,2024-06-06,2024-07-06,2024-07-06,181700.0,BANK_TRANSFER,False,0.0,False
T005228,D0139,2024-01-02,2024-02-16,2024-02-20,32800.0,PDC,False,4.0,False
T002605,D0067,2025-08-29,2025-10-13,2025-10-13,67600.0,CASH,False,0.0,False
T005308,D0141,2024-09-07,2024-10-07,2024-10-07,86500.0,PDC,False,0.0,False
T000982,D0027,2024-02-25,2024-03-11,2024-04-02,153700.0,CASH,False,22.0,True
T001577,D0041,2025-05-01,2025-05-31,2025-05-31,50700.0,CASH,False,0.0,True
T006476,D0174,2024-07-03,2024-07-18,2024-07-18,174800.0,CASH,False,0.0,False
T007949,D0213,2024-01-10,2024-01-25,2024-01-29,154700.0,BANK_TRANSFER,False,4.0,False
T003887,D0104,2025-11-01,2025-11-16,2025-12-10,230300.0,BANK_TRANSFER,False,24.0,False
T007129,D0191,2025-09-17,2025-10-17,2025-10-21,21900.0,BANK_TRANSFER,False,4.0,False
T005967,D0160,2025-01-12,2025-01-27,2025-01-28,107900.0,PDC,False,1.0,False
T007722,D0207,2023-04-13,2023-04-28,2023-06-06,177700.0,PDC,False,39.0,True
T004749,D0127,2023-10-27,2023-11-26,2023-11-26,269300.0,PDC,False,0.0,False
T002774,D0072,2025-03-28,2025-04-12,2025-04-12,241200.0,PDC,False,0.0,True
T007493,D0200,2023-03-22,2023-05-06,2023-05-07,46400.0,PDC,False,1.0,False
T005552,D0147,2024-09-05,2024-10-20,2024-10-20,197500.0,PDC,False,0.0,False
T006176,D0167,2024-12-01,2024-12-31,2025-01-20,227100.0,BANK_TRANSFER,False,20.0,False
T007614,D0203,2025-04-09,2025-05-09,2025-05-24,246000.0,PDC,False,15.0,False
T003618,D0095,2024-08-12,2024-09-26,,109100.0,PDC,True,,False
T007060,D0189,2025-04-03,2025-04-18,2025-04-21,183900.0,PDC,False,3.0,False
T004623,D0125,2025-01-16,2025-01-31,2025-02-16,72300.0,PDC,False,16.0,False
T000596,D0017,2023-06-02,2023-07-17,2023-07-20,64700.0,PDC,False,3.0,False
T006780,D0182,2025-10-22,2025-11-06,2025-11-08,31300.0,PDC,False,2.0,False
T006849,D0183,2024-05-29,2024-07-13,2024-07-26,169100.0,PDC,False,13.0,False
T003866,D0103,2024-11-27,2024-12-27,2025-02-06,131800.0,BANK_TRANSFER,False,41.0,False
T002851,D0075,2023-12-25,2024-01-24,2024-01-24,101400.0,PDC,False,0.0,False
T006696,D0180,2023-03-01,2023-03-31,,88500.0,PDC,False,,True
T002555,D0067,2024-02-04,2024-03-05,2024-03-05,82000.0,CASH,False,0.0,True
T004092,D0109,2023-12-30,2024-02-13,2024-02-20,250700.0,CASH,False,7.0,False
T001771,D0045,2024-11-23,2025-01-07,2025-01-11,90700.0,PDC,False,4.0,False
T002336,D0059,2025-02-14,2025-03-31,2025-04-02,81900.0,PDC,False,2.0,True
T005637,D0149,2024-06-13,2024-07-28,2024-07-28,152000.0,PDC,False,0.0,False
T001605,D0041,2025-01-21,2025-03-07,2025-03-09,155900.0,PDC,False,2.0,True
T005333,D0141,2024-11-07,2024-11-22,2024-11-24,27400.0,PDC,False,2.0,False
T004356,D0117,2025-04-13,2025-05-28,2025-06-02,73000.0,PDC,False,5.0,True
T003961,D0106,2025-11-14,2025-12-14,2025-12-15,152600.0,PDC,False,1.0,False
T003115,D0083,2025-11-13,2025-12-28,2025-12-28,175000.0,PDC,False,0.0,False
T001179,D0032,2024-08-20,2024-10-04,2024-10-09,185800.0,PDC,False,5.0,False
T007571,D0202,2023-10-23,2023-11-22,2023-11-22,68700.0,PDC,False,0.0,False
T002974,D0079,2024-08-13,2024-09-27,2024-09-27,282600.0,PDC,False,0.0,False
T007919,D0212,2023-04-06,2023-05-06,2023-06-03,73000.0,BANK_TRANSFER,False,28.0,False
T002558,D0067,2024-11-02,2024-12-02,2024-12-06,148000.0,PDC,False,4.0,False
T004192,D0111,2023-01-26,2023-02-10,2023-02-10,162100.0,PDC,False,0.0,False
T001586,D0041,2025-01-03,2025-02-17,,25500.0,PDC,False,,True
T007887,D0211,2024-08-25,2024-09-24,,268700.0,PDC,False,,False
T000724,D0019,2024-10-20,2024-11-04,2024-11-05,48300.0,PDC,False,1.0,False
T007222,D0192,2025-05-21,2025-06-05,2025-06-09,225800.0,PDC,False,4.0,True
T005405,D0143,2024-08-14,2024-09-13,,278200.0,BANK_TRANSFER,False,,False
T004923,D0132,2023-08-28,2023-10-12,2023-10-13,228900.0,PDC,False,1.0,False
T005494,D0145,2023-09-10,2023-10-10,2023-10-27,108800.0,PDC,False,17.0,False
T001053,D0029,2024-12-15,2025-01-14,2025-01-14,175000.0,PDC,False,0.0,False
T003215,D0086,2025-10-03,2025-11-02,,111600.0,PDC,True,,False
T005388,D0143,2025-12-22,2026-01-06,2026-01-12,227600.0,PDC,False,6.0,False
T004408,D0118,2025-08-01,2025-08-31,2025-09-03,112800.0,PDC,False,3.0,False
T008144,D0217,2023-07-29,2023-09-12,2023-09-15,196100.0,BANK_TRANSFER,False,3.0,False
T006947,D0187,2024-12-29,2025-01-13,2025-01-13,30400.0,PDC,False,0.0,False
T005655,D0150,2024-03-26,2024-04-10,2024-04-12,125700.0,BANK_TRANSFER,False,2.0,True
T006701,D0180,2023-04-25,2023-05-25,2023-05-30,235200.0,PDC,False,5.0,False
T006311,D0170,2024-05-06,2024-06-05,,299200.0,PDC,False,,True
T001936,D0049,2024-05-07,2024-06-06,2024-06-30,78900.0,BANK_TRANSFER,False,24.0,True
T006170,D0167,2024-12-09,2025-01-23,,177800.0,PDC,False,,False
T008062,D0215,2024-10-30,2024-11-14,2024-12-03,49900.0,CASH,False,19.0,False
T003327,D0088,2024-12-16,2025-01-15,2025-01-30,92900.0,CASH,False,15.0,False
T003759,D0100,2025-10-22,2025-11-21,2025-12-09,40400.0,PDC,False,18.0,False
T003177,D0085,2023-08-11,2023-09-10,,178400.0,CASH,False,,False
T003321,D0088,2025-02-26,2025-03-13,,203800.0,PDC,True,,True
T006130,D0165,2025-12-03,2025-12-18,2025-12-29,264800.0,BANK_TRANSFER,False,11.0,False
T005739,D0152,2024-03-10,2024-03-25,2024-03-28,54900.0,CASH,False,3.0,True
T007519,D0200,2025-11-20,2025-12-20,2025-12-20,59500.0,CASH,False,0.0,False
T003195,D0085,2025-11-13,2025-11-28,2025-11-30,172700.0,PDC,False,2.0,False
T000767,D0020,2024-08-05,2024-08-20,2024-09-01,163600.0,CASH,False,12.0,False
T001747,D0045,2024-09-04,2024-10-04,2024-10-06,49700.0,PDC,False,2.0,False
T003200,D0085,2024-01-07,2024-01-22,2024-01-22,185400.0,BANK_TRANSFER,False,0.0,False
T001009,D0028,2024-07-19,2024-09-02,2024-10-01,249500.0,PDC,False,29.0,False
T005460,D0144,2025-01-08,2025-01-23,2025-01-23,265700.0,CASH,False,0.0,False
T000623,D0017,2023-03-09,2023-03-24,2023-03-29,140100.0,BANK_TRANSFER,False,5.0,True
T004316,D0115,2023-09-21,2023-10-06,2023-10-07,34600.0,CASH,False,1.0,False
T002162,D0054,2025-07-05,2025-08-19,2025-08-21,66700.0,BANK_TRANSFER,False,2.0,False
T004007,D0107,2024-08-26,2024-09-10,2024-09-22,274000.0,BANK_TRANSFER,False,12.0,False
T003926,D0105,2024-06-15,2024-07-30,2024-08-05,234300.0,CASH,False,6.0,False
T007989,D0213,2025-02-27,2025-03-14,2025-03-19,140800.0,PDC,False,5.0,True
T004127,D0110,2024-10-08,2024-11-07,2024-11-09,126800.0,PDC,False,2.0,False
T004797,D0129,2023-11-05,2023-11-20,2023-11-20,132500.0,PDC,False,0.0,False
T007367,D0197,2025-04-24,2025-05-09,2025-05-09,136400.0,PDC,False,0.0,False
T004505,D0121,2025-06-19,2025-07-04,2025-07-11,150300.0,CASH,False,7.0,False
T004908,D0132,2024-03-13,2024-04-27,2024-05-01,156100.0,PDC,False,4.0,False
T007244,D0193,2025-10-20,2025-12-04,2025-12-29,137000.0,PDC,False,25.0,False
T006797,D0182,2024-03-24,2024-05-08,2024-05-10,35300.0,CASH,False,2.0,False
T007353,D0196,2024-08-20,2024-09-19,2024-09-23,234800.0,CASH,False,4.0,False
T007136,D0191,2025-11-01,2025-11-16,2025-11-17,192400.0,PDC,False,1.0,False
T001719,D0044,2025-04-28,2025-06-12,2025-06-12,121600.0,CASH,False,0.0,True
T005476,D0145,2023-05-02,2023-06-01,,288300.0,PDC,True,,False
T004218,D0112,2024-05-14,2024-06-28,2024-06-28,261600.0,CASH,False,0.0,True
T002792,D0072,2024-08-02,2024-08-17,2024-08-19,109100.0,PDC,False,2.0,False
T002622,D0068,2024-09-29,2024-11-13,2024-11-15,206700.0,PDC,False,2.0,False
T002171,D0054,2025-05-20,2025-06-19,2025-06-23,277600.0,PDC,False,4.0,True
T000440,D0013,2024-07-26,2024-09-09,2024-09-11,200500.0,CASH,False,2.0,False
T004684,D0126,2024-10-18,2024-12-02,2024-12-04,240400.0,PDC,False,2.0,False
T004513,D0121,2025-07-25,2025-08-09,2025-08-19,277100.0,PDC,False,10.0,False
T004139,D0110,2024-03-07,2024-04-06,2024-04-06,250800.0,PDC,False,0.0,True
T001176,D0032,2025-08-26,2025-10-10,2025-10-11,79400.0,CASH,False,1.0,False
T000542,D0015,2025-03-15,2025-04-29,,209700.0,PDC,True,,False
T007334,D0196,2023-06-13,2023-06-28,2023-06-30,142000.0,PDC,False,2.0,True
T001963,D0050,2024-04-04,2024-04-19,2024-04-21,280000.0,PDC,False,2.0,True
T007786,D0208,2024-03-31,2024-05-15,2024-06-27,111600.0,PDC,False,43.0,False
T006068,D0163,2023-07-02,2023-07-17,2023-07-21,97500.0,PDC,False,4.0,False
T003919,D0105,2024-10-14,2024-10-29,2024-10-29,112500.0,BANK_TRANSFER,False,0.0,False
T002432,D0062,2025-01-05,2025-02-19,2025-02-23,243100.0,PDC,False,4.0,True
T000513,D0015,2023-08-29,2023-10-13,2023-10-20,145700.0,BANK_TRANSFER,False,7.0,False
T006137,D0165,2024-09-04,2024-10-04,2024-10-11,55300.0,PDC,False,7.0,False
T007069,D0189,2023-03-24,2023-04-08,2023-04-08,39100.0,PDC,False,0.0,True
T001086,D0029,2025-07-26,2025-08-10,2025-08-13,209000.0,PDC,False,3.0,False
T007854,D0210,2023-12-07,2024-01-21,2024-01-25,135200.0,PDC,False,4.0,False
T002748,D0071,2023-01-14,2023-02-13,2023-02-23,135100.0,PDC,False,10.0,False
T004082,D0109,2025-01-09,2025-01-24,2025-01-30,35900.0,CASH,False,6.0,False
T000692,D0019,2025-04-09,2025-04-24,2025-04-25,129000.0,PDC,False,1.0,False
T003311,D0088,2025-09-06,2025-09-21,,122400.0,PDC,False,,False
T006044,D0162,2025-09-28,2025-11-12,2025-11-12,149700.0,CASH,False,0.0,False
T006108,D0165,2024-05-07,2024-06-21,2024-07-11,279900.0,CASH,False,20.0,True
T001456,D0038,2023-12-01,2023-12-16,2024-01-11,275300.0,PDC,False,26.0,False
T002910,D0077,2023-05-03,2023-05-18,2023-05-27,150900.0,PDC,False,9.0,False
T003522,D0093,2025-07-23,2025-08-22,2025-08-22,260600.0,PDC,False,0.0,False
T003339,D0088,2025-08-20,2025-10-04,2025-10-07,208000.0,PDC,False,3.0,False
T004959,D0133,2024-04-26,2024-05-11,2024-05-11,110200.0,CASH,False,0.0,False
T000917,D0024,2024-04-21,2024-05-06,2024-05-06,299100.0,PDC,False,0.0,False
T005486,D0145,2024-05-24,2024-06-08,,201800.0,CASH,False,,True
T002027,D0051,2025-07-20,2025-08-04,2025-08-20,231700.0,PDC,False,16.0,False
T008207,D0219,2025-01-07,2025-02-06,2025-02-08,220700.0,BANK_TRANSFER,False,2.0,False
T005951,D0159,2025-04-12,2025-05-27,2025-05-30,116900.0,BANK_TRANSFER,False,3.0,True
T007520,D0200,2024-05-25,2024-06-24,2024-06-28,126100.0,PDC,False,4.0,True
T004279,D0114,2025-08-24,2025-10-08,,264000.0,PDC,True,,False
T005989,D0160,2024-06-03,2024-07-18,2024-07-23,22900.0,PDC,False,5.0,False
T006468,D0174,2024-02-09,2024-02-24,,166000.0,CASH,False,,False
T005036,D0135,2025-10-09,2025-11-23,2025-11-28,140200.0,PDC,False,5.0,False
T005610,D0149,2024-08-21,2024-09-20,2024-09-22,174000.0,PDC,False,2.0,False
T004303,D0115,2024-05-12,2024-06-11,2024-06-11,83500.0,PDC,False,0.0,True
T004413,D0118,2023-05-04,2023-06-18,2023-06-23,59000.0,PDC,False,5.0,True
T007982,D0213,2023-06-28,2023-08-12,2023-08-12,260700.0,PDC,False,0.0,False
T001115,D0030,2025-10-22,2025-11-21,,187400.0,PDC,True,,False
T006868,D0184,2025-07-11,2025-08-10,2025-09-17,173300.0,BANK_TRANSFER,False,38.0,False
T000799,D0021,2024-09-24,2024-10-09,2024-10-14,273200.0,BANK_TRANSFER,False,5.0,False
T006719,D0181,2024-10-18,2024-11-17,2024-12-14,44600.0,CASH,False,27.0,False
T006748,D0181,2024-09-19,2024-11-03,,57200.0,PDC,True,,False
T002957,D0078,2023-02-27,2023-04-13,2023-04-17,189300.0,CASH,False,4.0,True
T006398,D0172,2025-08-19,2025-09-03,2025-09-06,266300.0,CASH,False,3.0,False
T007667,D0205,2025-06-25,2025-08-09,2025-08-13,45700.0,CASH,False,4.0,False
T005394,D0143,2025-10-14,2025-11-28,2025-12-02,34700.0,PDC,False,4.0,False
T002729,D0071,2025-06-11,2025-07-26,2025-08-05,156600.0,BANK_TRANSFER,False,10.0,False
T008185,D0218,2025-04-04,2025-05-19,2025-05-20,127100.0,PDC,False,1.0,False
T007766,D0208,2023-03-08,2023-04-07,2023-05-04,201700.0,PDC,False,27.0,True
T001756,D0045,2024-10-10,2024-11-09,2024-11-11,183300.0,PDC,False,2.0,False
T003493,D0092,2025-01-03,2025-01-18,2025-01-20,186800.0,PDC,False,2.0,False
T006832,D0183,2024-11-22,2024-12-07,2024-12-20,212100.0,PDC,False,13.0,False
T003716,D0098,2025-05-20,2025-06-04,2025-06-05,131400.0,PDC,False,1.0,True
T001413,D0037,2023-02-26,2023-03-28,,120400.0,PDC,True,,True
T005076,D0136,2023-07-08,2023-07-23,2023-07-24,33400.0,PDC,False,1.0,False
T002384,D0061,2023-04-04,2023-04-19,2023-04-21,109900.0,PDC,False,2.0,True
T005711,D0151,2024-07-17,2024-08-16,2024-08-28,89900.0,PDC,False,12.0,False
T004228,D0113,2025-10-26,2025-12-10,2026-01-14,154000.0,PDC,False,35.0,False
T003613,D0095,2024-04-08,2024-05-23,,289200.0,CASH,False,,False
T007502,D0200,2024-03-22,2024-04-06,2024-04-08,162300.0,PDC,False,2.0,True
T006945,D0187,2025-09-14,2025-09-29,2025-10-02,182800.0,PDC,False,3.0,False
T005525,D0146,2024-02-13,2024-02-28,2024-03-02,224700.0,BANK_TRANSFER,False,3.0,True
T001311,D0035,2025-12-29,2026-02-12,2026-03-18,109000.0,BANK_TRANSFER,False,34.0,False
T001675,D0043,2023-11-09,2023-12-09,2023-12-22,282500.0,BANK_TRANSFER,False,13.0,False
T003733,D0099,2025-06-14,2025-07-29,2025-09-22,126200.0,BANK_TRANSFER,False,55.0,False
T007863,D0210,2023-09-17,2023-10-17,2023-10-18,219300.0,CASH,False,1.0,False
T004511,D0121,2025-01-18,2025-02-17,2025-02-25,23800.0,CASH,False,8.0,True
T006046,D0162,2025-06-16,2025-07-16,,157300.0,CASH,False,,False
T005031,D0135,2025-01-30,2025-03-16,2025-03-20,149700.0,PDC,False,4.0,True
T000228,D0007,2024-11-29,2024-12-14,,88400.0,PDC,True,,False
T006436,D0173,2024-11-09,2024-11-24,,121900.0,BANK_TRANSFER,False,,False
T004080,D0109,2024-05-02,2024-05-17,2024-06-03,169400.0,BANK_TRANSFER,False,17.0,False
T005225,D0139,2025-05-16,2025-05-31,2025-06-09,200700.0,PDC,False,9.0,True
T001298,D0034,2024-09-20,2024-11-04,2024-11-16,234600.0,CASH,False,12.0,False
T007818,D0210,2023-03-25,2023-04-09,2023-04-12,274100.0,CASH,False,3.0,True
T004735,D0127,2023-10-03,2023-11-17,2023-11-22,106500.0,BANK_TRANSFER,False,5.0,False
T004640,D0125,2025-07-14,2025-08-13,2025-08-22,113800.0,PDC,False,9.0,False
T002212,D0056,2024-09-16,2024-10-31,2024-11-03,101600.0,CASH,False,3.0,False
T007882,D0211,2024-09-17,2024-10-02,2024-10-02,298200.0,CASH,False,0.0,False
T003893,D0104,2024-08-10,2024-09-09,2024-10-19,211200.0,PDC,False,40.0,False
T004071,D0109,2024-03-01,2024-03-16,2024-04-10,240200.0,PDC,False,25.0,True
T002076,D0052,2025-07-23,2025-08-07,,268600.0,PDC,True,,False
T006354,D0171,2024-01-17,2024-02-01,2024-02-03,92400.0,BANK_TRANSFER,False,2.0,False
T005378,D0143,2023-03-22,2023-04-21,,280500.0,BANK_TRANSFER,False,,True
T007669,D0205,2023-08-31,2023-09-15,2023-09-16,255100.0,PDC,False,1.0,False
T001398,D0036,2025-03-29,2025-04-28,2025-04-28,295300.0,CASH,False,0.0,False
T004371,D0117,2024-03-06,2024-04-20,2024-04-24,249700.0,CASH,False,4.0,True
T004829,D0130,2025-01-28,2025-02-27,2025-03-09,152100.0,CASH,False,10.0,True
T004039,D0108,2025-01-31,2025-03-17,2025-03-20,35500.0,CASH,False,3.0,True
T005653,D0149,2024-04-14,2024-05-29,2024-05-29,84400.0,CASH,False,0.0,False
T006659,D0179,2024-03-18,2024-04-02,2024-04-21,171000.0,PDC,False,19.0,True
T001390,D0036,2025-12-03,2026-01-02,2026-01-03,290700.0,CASH,False,1.0,False
T005115,D0137,2023-06-22,2023-07-22,2023-07-22,160100.0,BANK_TRANSFER,False,0.0,False
T002498,D0064,2025-03-10,2025-04-09,2025-04-09,50900.0,PDC,False,0.0,True
T006187,D0167,2024-02-28,2024-03-29,2024-05-25,258300.0,PDC,False,57.0,True
T002963,D0078,2023-06-14,2023-07-29,2023-07-29,235200.0,BANK_TRANSFER,False,0.0,False
T003977,D0106,2024-09-19,2024-10-19,2024-10-20,99600.0,CASH,False,1.0,False
T002327,D0059,2025-02-26,2025-04-12,2025-04-15,203300.0,BANK_TRANSFER,False,3.0,True
T006185,D0167,2024-04-19,2024-05-04,2024-06-10,92500.0,BANK_TRANSFER,False,37.0,False
T000314,D0009,2024-12-16,2024-12-31,2025-01-01,47700.0,PDC,False,1.0,False
T005834,D0154,2024-01-05,2024-01-20,2024-01-24,282700.0,PDC,False,4.0,False
T008067,D0216,2023-07-02,2023-08-01,2023-08-04,245200.0,PDC,False,3.0,False
T002418,D0061,2024-07-05,2024-08-19,2024-08-19,278000.0,CASH,False,0.0,False
T006781,D0182,2023-07-13,2023-08-27,2023-09-01,136800.0,CASH,False,5.0,False
T003458,D0091,2025-07-28,2025-08-27,2025-08-28,123000.0,PDC,False,1.0,False
T000756,D0020,2023-12-18,2024-01-02,2024-01-06,180500.0,PDC,False,4.0,False
T002713,D0070,2025-06-24,2025-07-09,2025-07-31,255100.0,PDC,False,22.0,False
T002980,D0079,2025-04-17,2025-05-17,2025-05-17,280500.0,CASH,False,0.0,False
T007427,D0198,2024-03-14,2024-03-29,2024-04-22,214500.0,PDC,False,24.0,True
T005728,D0152,2024-12-29,2025-01-13,2025-01-20,179500.0,CASH,False,7.0,False
T004122,D0110,2023-06-16,2023-07-31,2023-07-31,123900.0,BANK_TRANSFER,False,0.0,False
T006290,D0169,2023-09-15,2023-09-30,2023-10-03,254400.0,PDC,False,3.0,False
T004450,D0119,2025-01-03,2025-02-17,2025-03-20,186100.0,BANK_TRANSFER,False,31.0,True
T002719,D0070,2025-05-26,2025-07-10,2025-08-21,280500.0,CASH,False,42.0,False
T007177,D0191,2025-07-27,2025-09-10,2025-09-10,172300.0,BANK_TRANSFER,False,0.0,False
T006608,D0178,2024-05-09,2024-06-08,2024-06-10,202600.0,PDC,False,2.0,True
T007962,D0213,2024-06-29,2024-07-14,2024-07-14,215700.0,CASH,False,0.0,False
T006196,D0167,2025-02-28,2025-04-14,,97700.0,PDC,True,,True
T007906,D0212,2025-05-05,2025-06-04,2025-07-21,86800.0,PDC,False,47.0,True
T000127,D0004,2025-09-12,2025-10-27,2025-10-31,249000.0,PDC,False,4.0,False
T006117,D0165,2024-05-21,2024-06-05,2024-06-09,113000.0,PDC,False,4.0,True
T000100,D0004,2025-03-16,2025-03-31,2025-04-05,103000.0,BANK_TRANSFER,False,5.0,True
T003439,D0090,2025-04-16,2025-05-31,2025-06-03,225700.0,PDC,False,3.0,True
T004675,D0126,2025-10-16,2025-10-31,2025-11-01,150000.0,CASH,False,1.0,False
T005365,D0143,2023-12-03,2024-01-02,2024-01-06,130800.0,PDC,False,4.0,False
T000439,D0013,2025-03-02,2025-04-16,2025-04-22,297300.0,PDC,False,6.0,False
T004580,D0123,2025-11-22,2025-12-22,2025-12-24,286300.0,CASH,False,2.0,False
T002223,D0057,2024-08-27,2024-10-11,2024-11-17,170500.0,PDC,False,37.0,False
T005268,D0140,2024-12-28,2025-01-27,2025-01-30,136900.0,PDC,False,3.0,False
T003565,D0094,2023-07-30,2023-08-14,2023-08-15,201500.0,PDC,False,1.0,False
T006662,D0179,2023-12-20,2024-02-03,2024-02-09,170500.0,PDC,False,6.0,False
T006429,D0173,2023-10-11,2023-10-26,2023-10-26,49000.0,PDC,False,0.0,False
T005495,D0145,2025-04-21,2025-05-21,2025-06-06,58300.0,CASH,False,16.0,False
T001273,D0034,2025-11-15,2025-12-15,2026-01-20,155400.0,BANK_TRANSFER,False,36.0,False
T000286,D0009,2023-06-23,2023-07-23,2023-07-25,180900.0,PDC,False,2.0,False
T002144,D0054,2024-11-16,2024-12-16,2024-12-21,289200.0,PDC,False,5.0,False
T003219,D0086,2025-12-19,2026-02-02,,25700.0,PDC,True,,False
T006760,D0181,2024-09-08,2024-10-08,2024-10-30,164300.0,BANK_TRANSFER,False,22.0,False
T001229,D0033,2025-05-27,2025-06-26,2025-06-26,154500.0,PDC,False,0.0,False
T006929,D0186,2024-11-11,2024-12-26,,195700.0,PDC,True,,False
T004553,D0122,2025-01-12,2025-01-27,2025-02-10,247800.0,BANK_TRANSFER,False,14.0,False
T002032,D0051,2025-08-11,2025-09-10,2025-09-15,155900.0,PDC,False,5.0,False
T006330,D0170,2025-03-06,2025-04-20,2025-04-27,256300.0,PDC,False,7.0,False
T002013,D0051,2023-03-30,2023-04-14,2023-05-01,154000.0,CASH,False,17.0,True
T003340,D0088,2025-12-16,2026-01-30,2026-02-19,167200.0,BANK_TRANSFER,False,20.0,False
T004457,D0119,2024-09-26,2024-10-11,2024-11-04,294900.0,PDC,False,24.0,False
T000172,D0005,2024-03-20,2024-04-19,,152200.0,PDC,True,,True
T006314,D0170,2024-10-20,2024-11-04,2024-11-15,186700.0,BANK_TRANSFER,False,11.0,False
T007401,D0198,2024-04-24,2024-05-09,2024-05-21,155200.0,PDC,False,12.0,False
T006355,D0171,2024-10-03,2024-11-02,2024-11-03,121900.0,CASH,False,1.0,False
T006913,D0185,2025-03-21,2025-05-05,2025-05-08,166800.0,BANK_TRANSFER,False,3.0,False
T007386,D0198,2024-07-23,2024-09-06,2024-09-06,138800.0,PDC,False,0.0,False
T002054,D0051,2023-10-11,2023-11-25,2023-12-10,26300.0,PDC,False,15.0,False
T003402,D0090,2024-01-01,2024-02-15,2024-02-15,213200.0,PDC,False,0.0,False
T005074,D0136,2023-02-25,2023-03-27,2023-03-30,145600.0,PDC,False,3.0,True
T006517,D0175,2024-09-02,2024-10-17,2024-10-18,33200.0,PDC,False,1.0,False
T002504,D0064,2024-08-29,2024-09-13,2024-09-13,263400.0,PDC,False,0.0,False
T000251,D0008,2023-07-05,2023-08-04,2023-08-07,25000.0,CASH,False,3.0,False
T001668,D0043,2025-10-23,2025-11-22,2025-12-20,254200.0,CASH,False,28.0,False
T004438,D0119,2024-04-16,2024-05-31,2024-06-29,29800.0,PDC,False,29.0,False
T007692,D0207,2023-07-05,2023-07-20,,96100.0,PDC,True,,False
T002090,D0053,2024-06-18,2024-07-03,2024-07-22,139000.0,CASH,False,19.0,False
T000049,D0002,2025-03-08,2025-04-22,2025-04-22,282300.0,PDC,False,0.0,False
T000112,D0004,2025-01-17,2025-02-16,2025-02-19,247300.0,CASH,False,3.0,True
T000459,D0013,2024-05-11,2024-05-26,2024-05-28,159500.0,PDC,False,2.0,False
T002999,D0080,2024-05-24,2024-06-23,2024-06-30,285900.0,PDC,False,7.0,True
T006752,D0181,2024-09-10,2024-10-10,2024-11-24,115100.0,PDC,False,45.0,False
T001465,D0038,2025-07-04,2025-07-19,2025-07-30,55100.0,PDC,False,11.0,False
T004955,D0133,2023-03-22,2023-05-06,2023-05-10,106800.0,PDC,False,4.0,False
T000613,D0017,2023-06-15,2023-07-30,2023-08-02,20600.0,BANK_TRANSFER,False,3.0,False
T008035,D0215,2025-02-18,2025-04-04,2025-05-04,25200.0,PDC,False,30.0,True
T002115,D0053,2025-08-22,2025-09-21,2025-09-25,119600.0,CASH,False,4.0,False
T005932,D0158,2025-12-31,2026-01-15,2026-01-15,46200.0,BANK_TRANSFER,False,0.0,False
T007142,D0191,2023-02-10,2023-03-12,2023-03-12,98600.0,BANK_TRANSFER,False,0.0,True
T002752,D0072,2024-01-27,2024-02-11,2024-02-12,78900.0,PDC,False,1.0,False
T000673,D0018,2024-06-01,2024-07-16,2024-07-19,250100.0,PDC,False,3.0,False
T000882,D0023,2024-09-15,2024-10-30,2024-11-02,83300.0,CASH,False,3.0,False
T007318,D0195,2024-03-21,2024-05-05,,217100.0,PDC,True,,False
T007481,D0200,2023-05-01,2023-05-16,2023-05-16,210200.0,PDC,False,0.0,False
T004159,D0111,2025-12-09,2025-12-24,,93900.0,BANK_TRANSFER,False,,False
T001233,D0033,2024-10-22,2024-12-06,2024-12-06,245600.0,PDC,False,0.0,False
T001159,D0031,2025-02-27,2025-03-14,2025-03-24,133000.0,CASH,False,10.0,True
T005193,D0139,2025-02-26,2025-04-12,2025-04-30,125600.0,CASH,False,18.0,True
T002754,D0072,2024-06-19,2024-08-03,2024-08-05,281300.0,PDC,False,2.0,False
T005059,D0135,2024-03-04,2024-04-18,2024-04-23,173900.0,CASH,False,5.0,True
T002085,D0053,2024-10-28,2024-11-12,2024-11-21,247800.0,PDC,False,9.0,False
T001309,D0035,2025-11-08,2025-12-08,2026-01-12,286600.0,CASH,False,35.0,False
T001603,D0041,2023-11-13,2023-11-28,2023-11-29,148700.0,PDC,False,1.0,False
T004758,D0128,2025-09-02,2025-10-17,2025-10-17,224400.0,CASH,False,0.0,False
T007912,D0212,2023-03-22,2023-04-06,2023-05-05,250100.0,CASH,False,29.0,True
T005676,D0150,2025-05-28,2025-07-12,2025-07-15,224800.0,PDC,False,3.0,False
T006019,D0161,2023-07-30,2023-09-13,,99900.0,PDC,False,,False
T003087,D0083,2023-02-10,2023-03-12,,232000.0,PDC,True,,True
T004478,D0120,2024-08-12,2024-08-27,2024-08-27,88400.0,PDC,False,0.0,False
T004222,D0112,2023-06-11,2023-07-11,2023-07-11,178300.0,BANK_TRANSFER,False,0.0,False
T004951,D0133,2025-02-07,2025-03-24,2025-03-24,168300.0,PDC,False,0.0,True
T005644,D0149,2024-09-21,2024-10-21,2024-10-23,42800.0,PDC,False,2.0,False
T002289,D0058,2025-10-30,2025-11-29,2025-12-13,178000.0,PDC,False,14.0,False
T001441,D0038,2024-01-19,2024-03-04,,41100.0,PDC,True,,True
T001338,D0035,2025-04-08,2025-05-23,2025-06-13,120700.0,PDC,False,21.0,False
T007383,D0198,2024-06-16,2024-07-31,2024-08-18,52100.0,CASH,False,18.0,False
T000960,D0026,2024-08-07,2024-09-06,2024-09-09,99000.0,PDC,False,3.0,False
T000201,D0006,2025-12-22,2026-01-21,2026-01-22,77400.0,PDC,False,1.0,False
T007809,D0209,2023-07-31,2023-09-14,2023-09-18,248700.0,BANK_TRANSFER,False,4.0,False
T003655,D0096,2023-01-18,2023-02-17,,259800.0,BANK_TRANSFER,False,,False
T004172,D0111,2025-08-07,2025-09-21,,122300.0,PDC,False,,False
T004962,D0133,2023-05-08,2023-06-22,2023-06-22,294200.0,PDC,False,0.0,True
T000883,D0023,2023-03-24,2023-04-08,2023-04-08,248800.0,CASH,False,0.0,True
T002887,D0076,2023-12-10,2024-01-24,2024-01-24,146300.0,PDC,False,0.0,False
T000568,D0016,2025-05-20,2025-07-04,2025-07-16,255100.0,PDC,False,12.0,False
T005696,D0150,2025-09-19,2025-11-03,2025-11-04,258900.0,PDC,False,1.0,False
T005219,D0139,2024-06-06,2024-07-06,2024-07-17,35700.0,PDC,False,11.0,False
T007462,D0199,2024-03-15,2024-04-29,2024-05-12,184400.0,PDC,False,13.0,False
T007006,D0188,2025-08-18,2025-10-02,2025-10-02,241000.0,PDC,False,0.0,False
T004417,D0118,2023-06-04,2023-07-19,2023-07-20,270700.0,PDC,False,1.0,False
T002583,D0067,2023-10-12,2023-11-26,2023-11-26,161200.0,PDC,False,0.0,False
T000503,D0014,2025-04-10,2025-05-10,2025-05-14,138300.0,PDC,False,4.0,False
T000345,D0010,2025-10-01,2025-10-31,2025-11-20,263600.0,PDC,False,20.0,False
T006741,D0181,2024-05-06,2024-06-05,2024-07-05,25000.0,PDC,False,30.0,True
T005867,D0155,2023-12-23,2024-01-07,2024-01-14,76500.0,BANK_TRANSFER,False,7.0,False
T006629,D0178,2023-08-27,2023-09-11,2023-09-14,99600.0,PDC,False,3.0,False
T000573,D0016,2023-04-08,2023-04-23,2023-05-11,191700.0,PDC,False,18.0,True
T007994,D0213,2025-11-08,2025-11-23,2025-11-27,111100.0,PDC,False,4.0,False
T000288,D0009,2025-12-14,2025-12-29,2025-12-29,280200.0,CASH,False,0.0,False
T006924,D0186,2024-10-10,2024-10-25,2024-10-29,263500.0,PDC,False,4.0,False
T002467,D0063,2024-01-26,2024-02-10,2024-02-13,157600.0,PDC,False,3.0,False
T007645,D0204,2025-08-23,2025-09-07,2025-09-23,132800.0,CASH,False,16.0,False
T001988,D0050,2025-05-22,2025-06-06,2025-06-07,238000.0,PDC,False,1.0,True
T007314,D0195,2024-06-21,2024-07-21,2024-08-03,262600.0,CASH,False,13.0,False
T006634,D0178,2024-01-17,2024-02-01,2024-02-02,194100.0,PDC,False,1.0,False
T003636,D0096,2025-09-23,2025-10-23,2025-10-26,182500.0,PDC,False,3.0,False
T006627,D0178,2025-04-27,2025-06-11,2025-06-11,36800.0,PDC,False,0.0,True
T003641,D0096,2023-10-30,2023-11-29,2023-12-02,25900.0,BANK_TRANSFER,False,3.0,False
T007836,D0210,2023-06-04,2023-07-04,2023-07-04,282600.0,PDC,False,0.0,True
T000374,D0011,2025-01-29,2025-02-28,2025-03-16,87800.0,PDC,False,16.0,True
T006965,D0187,2025-06-14,2025-07-29,2025-07-30,237200.0,BANK_TRANSFER,False,1.0,False
T004298,D0115,2025-11-13,2025-12-28,,247200.0,CASH,False,,False
T005283,D0140,2023-11-17,2023-12-17,2023-12-19,256600.0,PDC,False,2.0,False
T005104,D0136,2024-05-13,2024-05-28,2024-06-01,158300.0,PDC,False,4.0,False
T004081,D0109,2025-02-21,2025-04-07,2025-04-13,221000.0,PDC,False,6.0,True
T005897,D0157,2024-01-17,2024-03-02,2024-03-03,260300.0,CASH,False,1.0,True
T004324,D0115,2025-02-13,2025-03-15,2025-03-18,103500.0,CASH,False,3.0,True
T004073,D0109,2024-10-30,2024-11-29,2024-12-08,191700.0,CASH,False,9.0,False
T000930,D0025,2023-12-30,2024-01-29,2024-03-14,272100.0,PDC,False,45.0,False
T007804,D0209,2025-06-09,2025-07-09,2025-07-09,119900.0,CASH,False,0.0,False
T000749,D0020,2025-03-10,2025-04-09,2025-04-23,132800.0,PDC,False,14.0,True
T003557,D0094,2025-12-16,2025-12-31,2025-12-31,197800.0,PDC,False,0.0,False
T001789,D0045,2023-03-18,2023-04-02,2023-04-02,144200.0,BANK_TRANSFER,False,0.0,True
T002672,D0070,2025-02-09,2025-03-26,,175900.0,PDC,True,,True
T008158,D0218,2025-09-27,2025-10-12,2025-10-16,39900.0,PDC,False,4.0,False
T006690,D0180,2023-07-16,2023-08-30,2023-09-04,38600.0,PDC,False,5.0,False
T008126,D0217,2023-06-23,2023-07-08,2023-07-11,284700.0,BANK_TRANSFER,False,3.0,True
T005276,D0140,2024-05-20,2024-07-04,2024-07-04,126000.0,PDC,False,0.0,False
T004043,D0108,2025-08-24,2025-09-23,2025-09-23,234100.0,PDC,False,0.0,False
T002703,D0070,2023-07-18,2023-08-02,,31600.0,PDC,True,,False
T002216,D0056,2025-08-01,2025-08-16,2025-08-16,193800.0,PDC,False,0.0,False
T005605,D0149,2025-09-11,2025-09-26,2025-10-01,237600.0,PDC,False,5.0,False
T001065,D0029,2023-10-14,2023-11-28,2023-11-30,75000.0,PDC,False,2.0,False
T001382,D0036,2023-11-28,2023-12-13,2023-12-13,86700.0,PDC,False,0.0,False
T006213,D0167,2024-08-16,2024-09-30,,54000.0,PDC,True,,False
T004839,D0131,2024-07-30,2024-08-29,2024-08-29,279700.0,PDC,False,0.0,False
T004328,D0116,2024-11-04,2024-11-19,2024-11-19,94100.0,PDC,False,0.0,False
T000518,D0015,2025-08-22,2025-10-06,2025-10-09,64100.0,CASH,False,3.0,False
T005000,D0134,2024-08-07,2024-09-21,2024-09-22,217500.0,BANK_TRANSFER,False,1.0,False
T004348,D0116,2024-05-29,2024-06-28,2024-06-30,121800.0,CASH,False,2.0,True
T003619,D0095,2024-01-15,2024-02-29,2024-04-12,216900.0,BANK_TRANSFER,False,43.0,True
T000230,D0007,2023-04-18,2023-05-03,2023-05-30,137600.0,PDC,False,27.0,True
T002576,D0067,2024-11-21,2024-12-21,2024-12-21,108400.0,PDC,False,0.0,False
T007526,D0200,2024-09-24,2024-10-09,2024-10-09,38000.0,BANK_TRANSFER,False,0.0,False
T002176,D0054,2025-12-29,2026-01-13,,130400.0,PDC,True,,False
T003837,D0103,2024-10-17,2024-11-16,2025-01-07,69200.0,PDC,False,52.0,False
T006498,D0175,2025-03-06,2025-04-05,2025-04-06,195000.0,BANK_TRANSFER,False,1.0,True
T000802,D0021,2025-01-02,2025-01-17,2025-01-21,132700.0,PDC,False,4.0,False
T008145,D0217,2025-03-31,2025-04-15,2025-04-15,115700.0,BANK_TRANSFER,False,0.0,True
T004579,D0123,2025-01-29,2025-02-28,2025-03-01,237100.0,PDC,False,1.0,True
T002078,D0052,2024-11-25,2024-12-25,2025-02-03,241000.0,CASH,False,40.0,False
T003278,D0087,2024-01-05,2024-02-19,2024-02-21,192100.0,PDC,False,2.0,False
T005730,D0152,2023-08-11,2023-09-10,2023-09-12,179700.0,CASH,False,2.0,False
T004105,D0109,2024-09-21,2024-11-05,2024-11-18,22800.0,PDC,False,13.0,False
T007560,D0201,2023-10-21,2023-11-20,2023-11-21,283600.0,PDC,False,1.0,False
T000313,D0009,2023-07-07,2023-07-22,2023-07-22,232600.0,CASH,False,0.0,False
T002643,D0068,2025-10-04,2025-11-18,2025-11-20,47600.0,CASH,False,2.0,False
T006984,D0188,2023-01-22,2023-02-21,2023-02-21,28000.0,BANK_TRANSFER,False,0.0,False
T005577,D0147,2024-05-02,2024-06-01,2024-06-05,205800.0,PDC,False,4.0,False
T006374,D0171,2024-06-05,2024-06-20,2024-06-22,63500.0,BANK_TRANSFER,False,2.0,True
T008077,D0216,2024-02-09,2024-03-25,2024-03-25,69000.0,PDC,False,0.0,True
T001363,D0036,2024-04-14,2024-05-14,2024-05-14,133400.0,CASH,False,0.0,False
T005593,D0148,2024-07-28,2024-08-12,2024-08-12,94700.0,PDC,False,0.0,False
T001255,D0033,2024-03-12,2024-04-26,2024-04-29,46000.0,PDC,False,3.0,False
T006110,D0165,2024-09-14,2024-09-29,2024-10-09,97600.0,PDC,False,10.0,False
T003471,D0091,2025-03-21,2025-04-05,2025-04-05,77900.0,BANK_TRANSFER,False,0.0,True
T005184,D0138,2024-07-06,2024-08-05,2024-08-07,142900.0,PDC,False,2.0,False
T000007,D0001,2024-10-27,2024-11-11,2024-11-13,70700.0,PDC,False,2.0,False
T005105,D0136,2023-11-28,2023-12-13,2023-12-15,90600.0,PDC,False,2.0,False
T005695,D0150,2024-10-21,2024-11-20,2024-11-23,179500.0,CASH,False,3.0,False
T002858,D0075,2023-09-06,2023-10-06,2023-10-06,72900.0,PDC,False,0.0,False
T001581,D0041,2025-11-29,2025-12-14,2025-12-16,42000.0,PDC,False,2.0,False
T000037,D0002,2025-12-14,2026-01-13,2026-01-16,177400.0,PDC,False,3.0,False
T007045,D0189,2025-07-06,2025-08-05,2025-08-08,275700.0,PDC,False,3.0,False
T006602,D0177,2025-02-12,2025-02-27,2025-03-07,167900.0,PDC,False,8.0,True
T006365,D0171,2024-10-31,2024-11-30,,211000.0,CASH,False,,False
T006236,D0169,2025-05-29,2025-06-13,2025-06-13,271200.0,PDC,False,0.0,True
T002923,D0077,2023-05-24,2023-06-08,2023-06-24,136600.0,PDC,False,16.0,False
T007134,D0191,2024-09-16,2024-10-01,2024-10-01,276500.0,PDC,False,0.0,False
T000281,D0009,2024-11-16,2024-12-01,2024-12-03,259200.0,PDC,False,2.0,False
T003492,D0092,2023-09-25,2023-10-25,2023-10-27,117000.0,CASH,False,2.0,False
T002780,D0072,2024-08-21,2024-10-05,2024-10-07,243300.0,BANK_TRANSFER,False,2.0,False
T004596,D0124,2025-10-15,2025-11-29,2025-11-29,50800.0,PDC,False,0.0,False
T008040,D0215,2025-11-15,2025-12-30,2026-02-19,65300.0,CASH,False,51.0,False
T007517,D0200,2024-06-12,2024-07-12,2024-07-12,134700.0,PDC,False,0.0,False
T005307,D0141,2025-04-08,2025-04-23,,154800.0,BANK_TRANSFER,False,,False
T001130,D0030,2024-09-09,2024-09-24,2024-10-20,293700.0,CASH,False,26.0,False
T005315,D0141,2025-09-12,2025-10-27,2025-10-27,296300.0,PDC,False,0.0,False
T003547,D0093,2025-12-24,2026-01-23,2026-01-24,131600.0,CASH,False,1.0,False
T008127,D0217,2025-04-04,2025-04-19,2025-04-19,299300.0,PDC,False,0.0,False
T005199,D0139,2023-10-23,2023-12-07,2023-12-15,270400.0,PDC,False,8.0,False
T002218,D0056,2023-06-26,2023-07-26,2023-07-28,149300.0,BANK_TRANSFER,False,2.0,False
T002514,D0065,2025-03-31,2025-04-15,2025-04-15,170500.0,CASH,False,0.0,True
T001703,D0043,2025-12-11,2026-01-25,2026-02-04,47300.0,BANK_TRANSFER,False,10.0,False
T001388,D0036,2023-06-13,2023-07-28,2023-07-28,262800.0,PDC,False,0.0,False
T000181,D0006,2024-02-29,2024-04-14,2024-04-16,117300.0,PDC,False,2.0,True
T007564,D0202,2025-05-24,2025-06-08,2025-06-08,250600.0,PDC,False,0.0,True
T005392,D0143,2025-05-03,2025-05-18,2025-05-18,193800.0,PDC,False,0.0,False
T005698,D0150,2025-11-19,2026-01-03,2026-01-05,280800.0,CASH,False,2.0,False
T004516,D0121,2023-06-19,2023-08-03,2023-08-13,122200.0,PDC,False,10.0,False
T004980,D0134,2023-01-16,2023-03-02,2023-03-02,277400.0,CASH,False,0.0,False
T007751,D0208,2024-12-06,2025-01-05,2025-01-16,223600.0,PDC,False,11.0,False
T003376,D0089,2025-08-20,2025-09-04,2025-09-04,164000.0,BANK_TRANSFER,False,0.0,False
T001783,D0045,2024-01-19,2024-03-04,2024-03-09,171200.0,PDC,False,5.0,True
T000432,D0013,2023-04-10,2023-04-25,2023-04-25,179800.0,PDC,False,0.0,True
T005329,D0141,2023-12-30,2024-01-14,,230000.0,PDC,False,,False
T000570,D0016,2024-11-24,2025-01-08,2025-01-17,229500.0,PDC,False,9.0,False
T007964,D0213,2025-10-22,2025-11-21,2025-11-24,38600.0,CASH,False,3.0,False
T000088,D0004,2025-06-20,2025-07-20,2025-07-21,269800.0,BANK_TRANSFER,False,1.0,False
T004427,D0118,2024-08-24,2024-09-08,,136400.0,CASH,False,,False
T003731,D0099,2024-01-11,2024-02-25,,165000.0,PDC,False,,False
T004832,D0130,2024-11-04,2024-11-19,,62500.0,PDC,True,,False
T007840,D0210,2024-02-21,2024-03-22,2024-03-22,197200.0,PDC,False,0.0,True
T007172,D0191,2025-10-16,2025-11-15,2025-11-16,27300.0,PDC,False,1.0,False
T001950,D0049,2024-05-17,2024-07-01,2024-07-18,120800.0,PDC,False,17.0,False
T001826,D0046,2023-03-03,2023-03-18,2023-04-12,235400.0,PDC,False,25.0,True
T006463,D0174,2025-09-07,2025-10-07,2025-10-07,170200.0,PDC,False,0.0,False
T004784,D0129,2025-11-25,2025-12-25,2025-12-25,89700.0,PDC,False,0.0,False
T004381,D0118,2025-03-16,2025-04-15,2025-04-15,235200.0,PDC,False,0.0,True
T004290,D0114,2023-05-24,2023-06-08,2023-06-16,264800.0,CASH,False,8.0,False
T005288,D0140,2023-07-25,2023-08-09,2023-08-13,122100.0,PDC,False,4.0,False
T006433,D0173,2025-04-07,2025-04-22,2025-04-22,297400.0,PDC,False,0.0,False
T007498,D0200,2023-12-07,2023-12-22,2023-12-25,37100.0,CASH,False,3.0,False
T004587,D0123,2023-10-06,2023-10-21,2023-10-23,226000.0,PDC,False,2.0,False
T006846,D0183,2025-08-27,2025-10-11,2025-10-11,216400.0,PDC,False,0.0,False
T001700,D0043,2024-10-27,2024-11-26,2024-12-03,205800.0,BANK_TRANSFER,False,7.0,False
T004572,D0123,2024-06-29,2024-07-29,2024-08-02,221800.0,CASH,False,4.0,False
T005101,D0136,2025-06-12,2025-07-27,2025-07-28,38900.0,CASH,False,1.0,False
T007528,D0200,2023-01-25,2023-02-09,2023-02-12,61000.0,PDC,False,3.0,False
T004583,D0123,2024-04-11,2024-05-11,2024-05-15,157900.0,BANK_TRANSFER,False,4.0,False
T007032,D0189,2025-02-08,2025-02-23,,292000.0,PDC,True,,True
T005359,D0142,2024-05-31,2024-06-30,2024-07-01,91300.0,PDC,False,1.0,True
T005766,D0153,2024-10-29,2024-12-13,2024-12-14,142900.0,CASH,False,1.0,False
T005938,D0159,2023-10-20,2023-11-19,,108200.0,PDC,False,,False
T006840,D0183,2023-09-07,2023-10-22,,279000.0,PDC,True,,False
T007911,D0212,2023-05-17,2023-06-16,2023-07-15,73900.0,CASH,False,29.0,True
T001784,D0045,2024-09-23,2024-11-07,2024-11-07,223700.0,BANK_TRANSFER,False,0.0,False
T004152,D0111,2024-05-13,2024-06-12,2024-06-15,152300.0,CASH,False,3.0,True
T000856,D0022,2025-10-07,2025-10-22,2025-10-25,215100.0,CASH,False,3.0,False
T000265,D0008,2024-09-17,2024-10-17,2024-10-20,187700.0,PDC,False,3.0,False
T008006,D0214,2024-12-10,2025-01-24,2025-01-24,257500.0,PDC,False,0.0,False
T006369,D0171,2024-03-20,2024-04-19,2024-04-21,290600.0,CASH,False,2.0,True
T004952,D0133,2025-06-08,2025-07-23,2025-07-25,256500.0,PDC,False,2.0,False
T007008,D0188,2024-10-10,2024-11-24,2024-11-28,107400.0,PDC,False,4.0,False
T000487,D0014,2025-09-01,2025-10-01,2025-10-05,269900.0,CASH,False,4.0,False
T004870,D0131,2024-12-05,2025-01-19,2025-01-20,245400.0,PDC,False,1.0,False
T008208,D0219,2025-02-07,2025-03-24,2025-03-25,51600.0,PDC,False,1.0,True
T007455,D0199,2023-05-21,2023-06-20,2023-07-11,266200.0,CASH,False,21.0,True
T001585,D0041,2025-04-30,2025-06-14,2025-06-14,135100.0,PDC,False,0.0,True
T007265,D0194,2023-08-21,2023-09-05,,200500.0,CASH,False,,False
T001375,D0036,2025-01-18,2025-03-04,2025-03-11,293700.0,PDC,False,7.0,True
T004592,D0123,2025-01-15,2025-03-01,2025-03-05,200800.0,CASH,False,4.0,True
T002475,D0063,2023-07-30,2023-09-13,2023-09-13,294600.0,CASH,False,0.0,False
T003803,D0101,2025-01-01,2025-01-16,2025-01-20,48200.0,PDC,False,4.0,False
T002429,D0062,2023-11-12,2023-11-27,2023-11-27,29400.0,PDC,False,0.0,False
T005177,D0138,2024-07-21,2024-08-20,2024-08-22,118400.0,PDC,False,2.0,False
T004991,D0134,2024-09-03,2024-10-18,2024-10-21,167800.0,CASH,False,3.0,False
T004574,D0123,2024-07-18,2024-08-17,2024-08-17,236000.0,PDC,False,0.0,False
T000638,D0017,2025-02-17,2025-03-04,2025-03-04,256100.0,CASH,False,0.0,True
T005787,D0154,2024-05-08,2024-06-07,2024-06-12,69500.0,CASH,False,5.0,True
T007828,D0210,2023-09-28,2023-10-13,2023-10-13,39100.0,CASH,False,0.0,False
T002355,D0060,2023-10-01,2023-10-31,2023-11-14,131100.0,PDC,False,14.0,False
T002865,D0075,2023-01-22,2023-02-21,2023-02-22,51400.0,PDC,False,1.0,False
T006018,D0161,2024-12-26,2025-02-09,,291500.0,BANK_TRANSFER,False,,False
T000842,D0022,2023-01-26,2023-02-10,2023-02-10,100600.0,PDC,False,0.0,False
T001904,D0047,2024-12-07,2024-12-22,2024-12-24,281100.0,CASH,False,2.0,False
T004233,D0113,2024-03-21,2024-05-05,2024-06-08,85100.0,PDC,False,34.0,False
T002841,D0075,2025-08-30,2025-09-14,2025-09-14,75700.0,CASH,False,0.0,False
T004147,D0111,2023-07-25,2023-08-09,2023-08-12,67800.0,BANK_TRANSFER,False,3.0,False
T002180,D0055,2025-06-24,2025-08-08,,284300.0,PDC,True,,False
T005785,D0154,2024-10-05,2024-11-19,2024-11-21,209500.0,PDC,False,2.0,False
T005554,D0147,2024-05-04,2024-06-03,2024-06-06,139700.0,BANK_TRANSFER,False,3.0,False
T003693,D0097,2024-08-18,2024-10-02,,179700.0,PDC,False,,False
T001638,D0042,2024-10-29,2024-12-13,2024-12-16,159300.0,CASH,False,3.0,False
T002294,D0058,2024-03-12,2024-04-26,2024-05-01,295200.0,BANK_TRANSFER,False,5.0,False
T007627,D0203,2023-04-12,2023-04-27,2023-05-09,64600.0,PDC,False,12.0,True
T002225,D0057,2024-01-02,2024-01-17,,145200.0,PDC,True,,False
T005081,D0136,2023-07-14,2023-07-29,2023-07-29,130100.0,CASH,False,0.0,False
T002895,D0076,2025-07-28,2025-08-12,2025-08-13,63600.0,PDC,False,1.0,False
T005922,D0158,2024-04-16,2024-05-31,,150000.0,PDC,False,,False
T003674,D0096,2024-02-13,2024-03-14,2024-03-17,162600.0,PDC,False,3.0,True
T002361,D0060,2024-02-11,2024-03-12,2024-03-30,121200.0,CASH,False,18.0,True
T006388,D0172,2025-06-18,2025-08-02,2025-08-06,101600.0,CASH,False,4.0,False
T001768,D0045,2024-10-25,2024-11-09,2024-11-11,90600.0,PDC,False,2.0,False
T001292,D0034,2025-08-10,2025-09-09,2025-10-11,116100.0,CASH,False,32.0,False
T007924,D0212,2025-06-11,2025-06-26,2025-07-13,236900.0,PDC,False,17.0,False
T006166,D0167,2024-12-18,2025-01-02,2025-01-02,278100.0,CASH,False,0.0,False
T001991,D0050,2025-04-11,2025-04-26,2025-04-26,194500.0,PDC,False,0.0,False
T000566,D0016,2024-09-24,2024-11-08,2024-11-28,24300.0,PDC,False,20.0,False
T003216,D0086,2023-08-17,2023-09-01,2023-09-23,95500.0,CASH,False,22.0,False
T006539,D0175,2025-12-08,2026-01-22,2026-01-22,70800.0,PDC,False,0.0,False
T003136,D0084,2023-04-19,2023-06-03,2023-06-03,269400.0,CASH,False,0.0,False
T005271,D0140,2024-11-12,2024-11-27,2024-11-28,242100.0,PDC,False,1.0,False
T005524,D0146,2025-11-13,2025-12-13,,38400.0,BANK_TRANSFER,False,,False
T001678,D0043,2024-02-19,2024-03-05,2024-03-16,216900.0,PDC,False,11.0,True
T003637,D0096,2023-01-28,2023-02-27,,299700.0,PDC,False,,False
T001459,D0038,2024-06-16,2024-07-16,2024-08-12,139500.0,PDC,False,27.0,False
T000119,D0004,2025-07-09,2025-07-24,2025-07-27,200800.0,CASH,False,3.0,False
T001063,D0029,2024-05-07,2024-05-22,2024-05-23,195200.0,CASH,False,1.0,False
T004543,D0122,2023-07-30,2023-09-13,2023-09-23,252200.0,PDC,False,10.0,False
T007155,D0191,2023-11-05,2023-12-20,2023-12-21,234800.0,PDC,False,1.0,False
T006740,D0181,2024-11-18,2024-12-03,2024-12-18,39900.0,PDC,False,15.0,False
T005812,D0154,2024-12-19,2025-01-03,2025-01-03,49400.0,BANK_TRANSFER,False,0.0,False
T005300,D0140,2024-03-03,2024-04-17,2024-04-19,160000.0,PDC,False,2.0,True
T005203,D0139,2024-08-18,2024-09-02,2024-09-22,103300.0,PDC,False,20.0,False
T005201,D0139,2024-02-29,2024-03-15,2024-03-27,215200.0,PDC,False,12.0,True
T004843,D0131,2023-08-08,2023-08-23,2023-08-25,156800.0,PDC,False,2.0,False
T001852,D0046,2025-11-11,2025-12-11,2025-12-28,281100.0,CASH,False,17.0,False
T002932,D0078,2025-09-12,2025-09-27,2025-09-28,131500.0,BANK_TRANSFER,False,1.0,False
T000589,D0017,2024-05-18,2024-06-17,2024-06-20,139700.0,PDC,False,3.0,True
T000204,D0006,2024-03-16,2024-04-15,2024-04-17,170800.0,PDC,False,2.0,True
T007826,D0210,2023-11-29,2023-12-29,2024-01-01,188500.0,CASH,False,3.0,False
T002531,D0066,2024-03-01,2024-03-31,2024-04-19,42200.0,BANK_TRANSFER,False,19.0,True
T001611,D0041,2023-03-18,2023-05-02,2023-05-05,147400.0,CASH,False,3.0,True
T001630,D0042,2024-05-24,2024-07-08,2024-07-11,223300.0,CASH,False,3.0,False
T004473,D0120,2025-03-09,2025-04-08,2025-04-14,177400.0,CASH,False,6.0,True
T000682,D0018,2025-05-31,2025-06-15,2025-06-18,217900.0,PDC,False,3.0,True
T000709,D0019,2024-07-18,2024-08-17,2024-08-19,63000.0,PDC,False,2.0,False
T004283,D0114,2024-05-05,2024-05-20,2024-05-28,175200.0,PDC,False,8.0,False
T006783,D0182,2023-07-15,2023-07-30,2023-08-02,148700.0,BANK_TRANSFER,False,3.0,False
T006941,D0186,2025-04-24,2025-05-24,2025-05-27,177000.0,BANK_TRANSFER,False,3.0,False
T002461,D0063,2025-01-08,2025-02-22,2025-02-24,51700.0,CASH,False,2.0,True
T002503,D0064,2024-12-20,2025-01-19,,59000.0,PDC,True,,False
T003672,D0096,2024-09-28,2024-10-13,2024-10-17,80400.0,PDC,False,4.0,False
T001707,D0043,2023-03-22,2023-05-06,2023-05-20,122100.0,PDC,False,14.0,False
T001400,D0036,2023-02-01,2023-03-18,2023-03-23,44800.0,CASH,False,5.0,True
T003338,D0088,2025-05-02,2025-05-17,2025-06-03,74900.0,CASH,False,17.0,False
T002989,D0080,2024-06-28,2024-07-28,2024-08-03,181000.0,PDC,False,6.0,False
T000978,D0026,2024-10-04,2024-11-03,2024-11-08,264300.0,PDC,False,5.0,False
T003791,D0101,2025-01-23,2025-02-22,2025-02-23,142500.0,PDC,False,1.0,True
T001547,D0040,2025-10-20,2025-11-19,2025-11-20,260500.0,CASH,False,1.0,False
T005824,D0154,2024-03-16,2024-03-31,2024-04-06,180200.0,CASH,False,6.0,True
T007858,D0210,2023-10-13,2023-10-28,2023-10-31,261900.0,PDC,False,3.0,False
T004895,D0132,2025-08-20,2025-10-04,2025-10-07,298300.0,PDC,False,3.0,False
T004065,D0108,2024-04-19,2024-05-04,2024-05-06,115100.0,PDC,False,2.0,False
T003074,D0082,2024-08-07,2024-09-21,2024-09-22,200000.0,CASH,False,1.0,False
T005684,D0150,2023-08-24,2023-10-08,,209300.0,CASH,False,,False
T006154,D0166,2023-02-21,2023-03-08,2023-03-14,156900.0,CASH,False,6.0,False
T005284,D0140,2025-06-13,2025-07-13,2025-07-15,65500.0,CASH,False,2.0,False
T004755,D0128,2023-09-03,2023-09-18,2023-09-22,182200.0,CASH,False,4.0,False
T008214,D0220,2025-02-21,2025-03-23,2025-03-24,64500.0,CASH,False,1.0,True
T005189,D0138,2025-06-10,2025-07-25,,176900.0,BANK_TRANSFER,False,,False
T000773,D0020,2025-09-23,2025-10-08,2025-10-13,195400.0,PDC,False,5.0,False
T001144,D0031,2025-05-13,2025-06-27,2025-07-02,137200.0,BANK_TRANSFER,False,5.0,False
T003642,D0096,2023-10-18,2023-11-17,2023-11-19,114300.0,PDC,False,2.0,False
T003466,D0091,2023-03-08,2023-04-22,2023-04-25,175300.0,PDC,False,3.0,True
T002537,D0066,2024-02-10,2024-03-11,,49700.0,PDC,True,,True
T002470,D0063,2023-11-09,2023-12-24,2023-12-27,217100.0,CASH,False,3.0,False
T002666,D0069,2023-10-01,2023-11-15,2023-12-05,68000.0,BANK_TRANSFER,False,20.0,False
T000874,D0022,2024-10-30,2024-11-29,2024-11-30,260200.0,PDC,False,1.0,False
T000357,D0010,2025-10-23,2025-12-07,2025-12-16,259100.0,PDC,False,9.0,False
T001324,D0035,2025-08-13,2025-08-28,2025-10-25,258100.0,PDC,False,58.0,False
T006942,D0186,2025-01-06,2025-02-20,2025-02-24,183600.0,CASH,False,4.0,True
T004770,D0128,2024-12-23,2025-01-07,2025-01-07,76100.0,BANK_TRANSFER,False,0.0,False
T001833,D0046,2024-05-14,2024-06-28,2024-07-22,76200.0,PDC,False,24.0,True
T007635,D0203,2024-12-27,2025-02-10,2025-02-22,230000.0,CASH,False,12.0,False
T001460,D0038,2024-06-11,2024-07-11,2024-08-11,280000.0,PDC,False,31.0,False
T007483,D0200,2023-02-18,2023-04-04,2023-04-09,70900.0,CASH,False,5.0,True
T002535,D0066,2023-06-12,2023-07-27,2023-07-29,102300.0,BANK_TRANSFER,False,2.0,False
T001470,D0038,2024-12-04,2024-12-19,2025-01-20,88500.0,PDC,False,32.0,False
T001816,D0046,2023-06-26,2023-07-26,2023-08-17,67400.0,PDC,False,22.0,False
T006483,D0174,2024-06-18,2024-07-03,2024-07-04,115900.0,PDC,False,1.0,False
T005008,D0134,2023-06-05,2023-07-05,2023-07-09,53900.0,PDC,False,4.0,True
T005556,D0147,2024-05-30,2024-07-14,,72700.0,PDC,True,,False
T005154,D0138,2025-01-10,2025-02-24,2025-02-28,290300.0,PDC,False,4.0,True
T003992,D0107,2025-11-13,2025-11-28,2025-12-09,78900.0,PDC,False,11.0,False
T006444,D0173,2025-03-27,2025-05-11,2025-05-13,116600.0,CASH,False,2.0,False
T004888,D0132,2024-04-07,2024-04-22,,288600.0,PDC,True,,True
T000400,D0011,2024-01-08,2024-01-23,2024-01-29,280400.0,PDC,False,6.0,False
T000639,D0017,2024-08-27,2024-09-11,2024-09-12,241600.0,CASH,False,1.0,False
T002119,D0053,2025-08-26,2025-09-25,2025-10-17,72600.0,PDC,False,22.0,False
T008009,D0214,2025-10-11,2025-11-10,2025-11-15,95400.0,BANK_TRANSFER,False,5.0,False
T005415,D0144,2025-11-16,2025-12-01,2025-12-03,188400.0,BANK_TRANSFER,False,2.0,False
T001262,D0033,2024-04-11,2024-05-11,2024-05-11,26900.0,PDC,False,0.0,False
T007864,D0210,2024-05-29,2024-06-13,2024-06-15,242000.0,PDC,False,2.0,True
T000581,D0016,2025-01-22,2025-02-21,2025-03-07,245400.0,PDC,False,14.0,True
T002633,D0068,2024-07-11,2024-08-10,2024-08-11,103700.0,PDC,False,1.0,False
T002646,D0069,2025-10-21,2025-11-05,2025-11-12,144000.0,CASH,False,7.0,False
T000918,D0024,2024-05-08,2024-06-07,2024-06-13,55400.0,PDC,False,6.0,True
T004985,D0134,2025-03-15,2025-03-30,2025-04-02,85800.0,CASH,False,3.0,True
T007662,D0205,2023-09-06,2023-10-06,2023-10-09,120500.0,PDC,False,3.0,False
T004950,D0133,2025-09-04,2025-10-04,2025-10-07,122200.0,PDC,False,3.0,False
T004206,D0112,2024-07-30,2024-08-14,2024-08-18,46000.0,PDC,False,4.0,False
T006018,D0161,2024-12-26,2025-02-09,,291500.0,BANK_TRANSFER,False,,False
T000888,D0023,2025-07-15,2025-08-29,2025-08-31,180200.0,CASH,False,2.0,False
T003140,D0084,2025-10-25,2025-11-24,2025-11-28,196700.0,PDC,False,4.0,False
T002055,D0051,2025-01-28,2025-03-14,2025-03-31,35700.0,PDC,False,17.0,True
T006322,D0170,2023-11-28,2023-12-13,2023-12-23,260700.0,PDC,False,10.0,False
T008065,D0216,2024-12-23,2025-02-06,2025-02-06,48000.0,PDC,False,0.0,False
T000268,D0008,2025-01-30,2025-03-01,2025-03-01,236700.0,PDC,False,0.0,True
T002882,D0076,2024-05-26,2024-06-25,2024-07-01,25900.0,BANK_TRANSFER,False,6.0,True
T001500,D0039,2023-01-15,2023-03-01,2023-04-20,63900.0,PDC,False,50.0,False
T001314,D0035,2024-05-15,2024-06-29,2024-08-03,53800.0,PDC,False,35.0,True
T002372,D0061,2024-08-02,2024-09-16,2024-09-19,159900.0,CASH,False,3.0,False
T003424,D0090,2025-03-07,2025-04-06,2025-04-11,149100.0,PDC,False,5.0,True
T000301,D0009,2025-07-08,2025-07-23,2025-07-25,187600.0,PDC,False,2.0,False
T004604,D0124,2025-03-26,2025-05-10,2025-05-10,67900.0,CASH,False,0.0,False
T004716,D0126,2024-01-24,2024-02-23,,171600.0,PDC,True,,False
T004989,D0134,2023-08-07,2023-09-21,2023-09-22,119800.0,BANK_TRANSFER,False,1.0,False
T006658,D0179,2024-11-26,2024-12-11,2024-12-24,63900.0,PDC,False,13.0,False
T005015,D0135,2024-07-13,2024-08-12,2024-08-12,100900.0,PDC,False,0.0,False
T001748,D0045,2025-02-15,2025-03-02,2025-03-06,213200.0,CASH,False,4.0,True
T002701,D0070,2023-06-02,2023-06-17,2023-08-16,48400.0,PDC,False,60.0,True
T002567,D0067,2025-06-03,2025-07-18,2025-07-22,135400.0,CASH,False,4.0,False
T004557,D0123,2025-05-14,2025-06-13,2025-06-13,159500.0,BANK_TRANSFER,False,0.0,True
T001686,D0043,2024-07-14,2024-07-29,2024-08-13,73300.0,CASH,False,15.0,False
T003446,D0091,2023-01-08,2023-02-07,2023-02-07,265400.0,BANK_TRANSFER,False,0.0,False
T000793,D0021,2024-06-30,2024-08-14,2024-08-15,37300.0,BANK_TRANSFER,False,1.0,False
T006190,D0167,2025-12-01,2025-12-16,2026-01-21,26200.0,CASH,False,36.0,False
T002566,D0067,2024-03-19,2024-05-03,2024-05-04,63600.0,CASH,False,1.0,False
T007558,D0201,2025-04-16,2025-05-01,2025-05-04,60200.0,PDC,False,3.0,False
T004375,D0117,2025-08-28,2025-10-12,2025-10-16,44200.0,PDC,False,4.0,False
T001374,D0036,2024-06-19,2024-08-03,2024-08-09,133600.0,PDC,False,6.0,False
T005712,D0151,2023-06-07,2023-06-22,2023-07-11,279700.0,PDC,False,19.0,True
T007296,D0194,2025-04-27,2025-06-11,2025-06-13,163300.0,PDC,False,2.0,True
T002863,D0075,2025-08-03,2025-09-02,2025-09-04,150200.0,PDC,False,2.0,False
T000645,D0018,2024-01-19,2024-02-18,2024-02-20,294900.0,PDC,False,2.0,False
T006377,D0171,2025-07-30,2025-08-14,2025-08-16,141200.0,PDC,False,2.0,False
T007524,D0200,2025-01-26,2025-03-12,,160700.0,PDC,False,,True
T002282,D0058,2024-06-27,2024-07-12,2024-08-04,132600.0,PDC,False,23.0,False
T001696,D0043,2023-01-31,2023-03-02,2023-03-09,243300.0,BANK_TRANSFER,False,7.0,False
T000052,D0003,2024-08-11,2024-09-10,2024-09-28,178600.0,PDC,False,18.0,False
T008151,D0217,2025-04-17,2025-05-02,2025-05-05,161400.0,BANK_TRANSFER,False,3.0,False
T002411,D0061,2024-01-05,2024-02-04,2024-02-08,47100.0,BANK_TRANSFER,False,4.0,False
T004398,D0118,2023-10-03,2023-11-17,2023-11-18,48800.0,PDC,False,1.0,False
T001896,D0047,2025-07-03,2025-08-02,2025-08-03,100000.0,CASH,False,1.0,False
T002560,D0067,2024-09-03,2024-10-03,2024-10-03,97100.0,PDC,False,0.0,False
T005026,D0135,2025-06-10,2025-07-25,2025-07-25,264100.0,BANK_TRANSFER,False,0.0,False
T007228,D0192,2024-10-28,2024-11-27,2024-11-27,35300.0,PDC,False,0.0,False
T001779,D0045,2024-12-25,2025-01-09,2025-01-12,93200.0,BANK_TRANSFER,False,3.0,False
T002056,D0052,2025-11-09,2025-11-24,2025-12-27,65600.0,BANK_TRANSFER,False,33.0,False
T000675,D0018,2025-09-08,2025-10-23,2025-10-26,149900.0,PDC,False,3.0,False
T005978,D0160,2024-10-18,2024-12-02,2024-12-03,285300.0,CASH,False,1.0,False
T006545,D0176,2025-07-06,2025-07-21,2025-08-11,269200.0,PDC,False,21.0,False
T002699,D0070,2023-06-17,2023-08-01,2023-09-13,101900.0,CASH,False,43.0,False
T002197,D0055,2024-07-22,2024-09-05,,292800.0,PDC,True,,False
T000213,D0007,2024-12-25,2025-02-08,2025-03-10,29300.0,BANK_TRANSFER,False,30.0,False
T003783,D0101,2025-09-05,2025-10-05,2025-10-05,35100.0,CASH,False,0.0,False
T003188,D0085,2023-08-09,2023-08-24,2023-08-26,299300.0,PDC,False,2.0,False
T001628,D0042,2024-03-23,2024-04-22,2024-04-29,114800.0,PDC,False,7.0,True
T001332,D0035,2025-04-23,2025-05-23,2025-07-06,181600.0,CASH,False,44.0,False
T002227,D0057,2025-11-24,2025-12-24,2026-01-11,278200.0,PDC,False,18.0,False
T002109,D0053,2024-06-21,2024-07-21,2024-08-03,213100.0,BANK_TRANSFER,False,13.0,False
T005385,D0143,2024-04-01,2024-05-01,2024-05-06,154800.0,PDC,False,5.0,False
T007348,D0196,2025-11-09,2025-12-24,2025-12-24,23900.0,PDC,False,0.0,False
T007223,D0192,2024-01-06,2024-01-21,2024-01-21,31600.0,CASH,False,0.0,False
T006792,D0182,2023-09-02,2023-10-02,2023-10-02,88100.0,BANK_TRANSFER,False,0.0,False
T000397,D0011,2024-10-11,2024-11-25,2024-11-25,274000.0,PDC,False,0.0,False
T003450,D0091,2023-12-07,2024-01-21,2024-01-24,131800.0,PDC,False,3.0,False
T000279,D0009,2024-08-02,2024-09-01,2024-09-01,194300.0,PDC,False,0.0,False
T006988,D0188,2025-01-28,2025-02-12,2025-02-14,150500.0,PDC,False,2.0,False
T005560,D0147,2023-03-31,2023-05-15,2023-05-16,82200.0,PDC,False,1.0,False
T004360,D0117,2024-05-24,2024-06-23,2024-06-24,285200.0,PDC,False,1.0,True
T008109,D0216,2025-03-31,2025-04-15,2025-04-19,96300.0,PDC,False,4.0,True
T006128,D0165,2025-10-13,2025-11-12,2025-11-24,226200.0,PDC,False,12.0,False
T006890,D0184,2024-04-06,2024-05-06,2024-05-30,162100.0,BANK_TRANSFER,False,24.0,False
T000423,D0012,2024-07-11,2024-08-10,2024-08-10,133200.0,PDC,False,0.0,False
T001061,D0029,2024-07-21,2024-08-20,2024-08-21,225700.0,CASH,False,1.0,False
T001729,D0044,2025-04-12,2025-05-12,2025-05-12,138000.0,CASH,False,0.0,False
T000662,D0018,2024-02-16,2024-03-17,2024-03-22,184800.0,PDC,False,5.0,True
T002967,D0079,2024-09-22,2024-11-06,2024-11-09,285300.0,PDC,False,3.0,False
T006919,D0185,2023-12-17,2024-01-01,2024-01-04,233700.0,PDC,False,3.0,False
T006364,D0171,2025-06-03,2025-06-18,2025-06-20,114200.0,CASH,False,2.0,True
T005513,D0146,2024-10-07,2024-11-21,2024-11-22,99800.0,PDC,False,1.0,False
T000063,D0003,2025-09-02,2025-10-17,2025-10-20,161700.0,BANK_TRANSFER,False,3.0,False
T008121,D0217,2024-05-20,2024-06-19,2024-06-23,238200.0,PDC,False,4.0,True
T002658,D0069,2023-07-03,2023-08-02,2023-08-25,237500.0,CASH,False,23.0,False
T001272,D0034,2024-12-17,2025-01-01,2025-01-08,165000.0,CASH,False,7.0,False
T005699,D0150,2024-07-05,2024-08-04,2024-08-05,285200.0,CASH,False,1.0,False
T000078,D0003,2025-06-15,2025-07-30,2025-08-17,167100.0,PDC,False,18.0,False
T000540,D0015,2023-09-30,2023-11-14,2023-11-19,89200.0,BANK_TRANSFER,False,5.0,False
T007701,D0207,2025-02-01,2025-03-18,2025-04-26,199400.0,PDC,False,39.0,True
T001257,D0033,2025-06-10,2025-07-25,2025-07-28,155000.0,CASH,False,3.0,False
T001047,D0029,2025-11-17,2025-12-02,2025-12-07,57200.0,BANK_TRANSFER,False,5.0,False
T000824,D0022,2023-11-15,2023-12-30,2023-12-30,270800.0,PDC,False,0.0,False
T003039,D0081,2025-07-22,2025-08-06,2025-08-06,179800.0,CASH,False,0.0,False
T002939,D0078,2023-12-26,2024-01-25,2024-01-29,290800.0,PDC,False,4.0,False
T002744,D0071,2024-04-16,2024-05-16,2024-05-26,237400.0,CASH,False,10.0,False
T004817,D0129,2023-11-03,2023-11-18,,123900.0,BANK_TRANSFER,False,,False
T003785,D0101,2023-02-23,2023-03-10,,228700.0,PDC,False,,True
T000805,D0021,2024-12-02,2025-01-16,2025-01-16,252700.0,PDC,False,0.0,False
T007467,D0199,2024-01-10,2024-02-09,2024-02-18,269700.0,CASH,False,9.0,False
T002235,D0057,2024-03-26,2024-04-25,,189100.0,PDC,True,,True
T004175,D0111,2024-08-02,2024-09-16,2024-09-16,84900.0,CASH,False,0.0,False
T001528,D0040,2024-02-17,2024-03-18,2024-03-18,210600.0,PDC,False,0.0,True
T007878,D0211,2024-09-29,2024-11-13,2024-11-15,77300.0,PDC,False,2.0,False
T000547,D0016,2023-12-01,2023-12-31,2024-01-02,97400.0,PDC,False,2.0,False
T005937,D0159,2024-07-28,2024-08-12,2024-08-13,66600.0,PDC,False,1.0,False
T008128,D0217,2023-05-17,2023-06-16,2023-06-17,232400.0,PDC,False,1.0,True
T004693,D0126,2025-12-16,2025-12-31,2026-01-02,30300.0,PDC,False,2.0,False
T004757,D0128,2023-02-10,2023-03-27,2023-04-01,254000.0,CASH,False,5.0,True
T006345,D0170,2024-07-28,2024-09-11,2024-10-07,124100.0,PDC,False,26.0,False
T002736,D0071,2024-02-15,2024-03-31,2024-04-24,149100.0,BANK_TRANSFER,False,24.0,True
T004130,D0110,2025-06-19,2025-07-19,2025-07-22,96100.0,PDC,False,3.0,False
T006138,D0165,2025-01-10,2025-01-25,2025-01-25,271600.0,PDC,False,0.0,False
T002929,D0078,2025-05-18,2025-06-02,2025-06-06,33300.0,CASH,False,4.0,True
T005192,D0139,2025-06-28,2025-07-28,2025-07-31,85500.0,PDC,False,3.0,False
T000768,D0020,2024-09-15,2024-09-30,2024-10-11,125200.0,BANK_TRANSFER,False,11.0,False
T007900,D0211,2025-05-10,2025-06-09,2025-06-10,212300.0,BANK_TRANSFER,False,1.0,True
T007020,D0188,2023-06-01,2023-07-01,2023-07-02,248400.0,BANK_TRANSFER,False,1.0,True
T003388,D0090,2025-12-24,2026-01-08,2026-01-09,35700.0,PDC,False,1.0,False
T003869,D0103,2024-12-31,2025-01-15,2025-02-07,181900.0,PDC,False,23.0,False
T007760,D0208,2023-06-03,2023-07-03,2023-07-18,257400.0,CASH,False,15.0,True
T000263,D0008,2024-10-28,2024-12-12,2024-12-14,183200.0,PDC,False,2.0,False
T007777,D0208,2023-06-14,2023-07-14,2023-08-08,292400.0,BANK_TRANSFER,False,25.0,False
T008171,D0218,2024-04-12,2024-05-12,2024-05-15,152600.0,CASH,False,3.0,False
T000952,D0026,2023-09-09,2023-10-24,2023-10-27,122100.0,BANK_TRANSFER,False,3.0,False
T003542,D0093,2025-06-22,2025-08-06,2025-08-09,233800.0,CASH,False,3.0,False
T002766,D0072,2025-04-19,2025-05-04,2025-05-07,161600.0,BANK_TRANSFER,False,3.0,False
T006368,D0171,2024-08-02,2024-08-17,2024-08-17,194100.0,CASH,False,0.0,False
T001013,D0028,2023-07-25,2023-08-09,2023-09-14,60000.0,PDC,False,36.0,False
T004179,D0111,2023-12-31,2024-01-15,2024-01-17,156200.0,PDC,False,2.0,False
T007832,D0210,2023-04-28,2023-05-28,2023-05-29,123700.0,CASH,False,1.0,False
T000737,D0020,2025-10-06,2025-11-20,2025-11-26,121900.0,CASH,False,6.0,False
T007434,D0198,2023-04-25,2023-05-10,2023-05-14,45300.0,CASH,False,4.0,False
T004116,D0110,2023-06-26,2023-08-10,,147700.0,BANK_TRANSFER,False,,False
T003461,D0091,2025-06-14,2025-07-29,2025-07-29,110900.0,PDC,False,0.0,False
T000361,D0011,2023-07-30,2023-08-14,2023-08-26,200500.0,PDC,False,12.0,False
T007753,D0208,2023-02-26,2023-03-13,2023-04-28,39900.0,CASH,False,46.0,True
T001558,D0040,2024-10-25,2024-11-09,2024-11-09,229000.0,CASH,False,0.0,False
T008194,D0219,2024-08-08,2024-08-23,,164300.0,CASH,False,,False
T003007,D0080,2025-09-02,2025-10-17,2025-10-31,93300.0,BANK_TRANSFER,False,14.0,False
T000585,D0016,2024-04-15,2024-05-30,2024-05-30,277800.0,PDC,False,0.0,False
T001906,D0047,2025-03-27,2025-04-26,2025-04-29,293100.0,PDC,False,3.0,False
T002911,D0077,2024-08-30,2024-09-14,2024-09-26,145900.0,PDC,False,12.0,False
T005032,D0135,2023-10-26,2023-11-25,2023-11-27,267500.0,CASH,False,2.0,False
T007941,D0213,2024-03-02,2024-04-01,2024-04-02,102800.0,CASH,False,1.0,True
T007313,D0195,2024-11-03,2024-12-18,2025-01-08,118200.0,PDC,False,21.0,False
T006336,D0170,2024-04-16,2024-05-31,2024-06-16,169700.0,CASH,False,16.0,False
T006611,D0178,2024-08-14,2024-09-13,2024-09-13,35600.0,PDC,False,0.0,False
T000668,D0018,2024-01-04,2024-02-18,2024-02-24,198300.0,CASH,False,6.0,False
T002928,D0078,2023-12-03,2024-01-17,2024-01-20,105500.0,PDC,False,3.0,False
T006908,D0185,2024-07-30,2024-08-29,2024-09-03,251200.0,CASH,False,5.0,False
T006115,D0165,2025-02-22,2025-04-08,,82600.0,CASH,False,,True
T005358,D0142,2023-05-16,2023-05-31,2023-05-31,215300.0,PDC,False,0.0,False
T004745,D0127,2024-11-15,2024-11-30,2024-12-01,102200.0,CASH,False,1.0,False
T007862,D0210,2023-10-14,2023-11-13,2023-11-13,215200.0,PDC,False,0.0,False
T001506,D0039,2024-07-10,2024-08-09,2024-09-09,67200.0,CASH,False,31.0,False
T003985,D0106,2025-08-27,2025-09-11,,280900.0,CASH,False,,False
T006795,D0182,2024-01-18,2024-03-03,2024-03-07,66400.0,CASH,False,4.0,True
T004681,D0126,2023-03-27,2023-04-26,2023-04-27,134500.0,PDC,False,1.0,True
T007478,D0199,2025-04-27,2025-05-27,2025-06-25,215600.0,PDC,False,29.0,True
T006262,D0169,2024-01-31,2024-03-16,2024-03-17,81600.0,PDC,False,1.0,True
T007584,D0202,2025-05-06,2025-06-20,2025-06-23,50600.0,CASH,False,3.0,True
T003241,D0087,2025-07-31,2025-08-15,2025-08-17,264600.0,PDC,False,2.0,False
T006416,D0172,2024-04-22,2024-05-07,2024-05-07,223300.0,BANK_TRANSFER,False,0.0,False
T000424,D0012,2023-07-28,2023-08-12,,186600.0,PDC,True,,False
T008187,D0219,2024-04-17,2024-05-02,2024-05-03,217700.0,CASH,False,1.0,False
T000140,D0005,2024-08-09,2024-08-24,2024-08-28,231800.0,CASH,False,4.0,False
T004008,D0107,2025-12-18,2026-01-17,2026-01-28,247200.0,PDC,False,11.0,False
T000415,D0012,2025-04-21,2025-05-21,2025-06-06,202500.0,PDC,False,16.0,False
T004818,D0129,2024-02-08,2024-03-24,2024-03-27,70800.0,PDC,False,3.0,True
T004937,D0132,2023-10-15,2023-11-29,2023-11-30,187400.0,CASH,False,1.0,False
T001424,D0037,2024-04-25,2024-06-09,,222200.0,PDC,True,,True
T008141,D0217,2024-04-23,2024-05-23,2024-05-27,64800.0,CASH,False,4.0,False
T004597,D0124,2025-02-22,2025-03-09,2025-03-11,172500.0,PDC,False,2.0,True
T006029,D0161,2024-07-29,2024-09-12,2024-09-13,228400.0,CASH,False,1.0,False
T007797,D0209,2025-05-31,2025-07-15,2025-07-18,90600.0,PDC,False,3.0,False
T004767,D0128,2025-06-03,2025-07-03,2025-07-03,236800.0,PDC,False,0.0,False
T005916,D0157,2025-09-16,2025-10-01,2025-10-04,141200.0,BANK_TRANSFER,False,3.0,False
T005592,D0148,2024-12-01,2024-12-31,2025-01-03,142100.0,PDC,False,3.0,False
T002300,D0058,2024-09-06,2024-10-06,2024-11-30,207400.0,PDC,False,55.0,False
T006188,D0167,2024-11-06,2024-12-21,2025-01-01,59500.0,CASH,False,11.0,False
T007759,D0208,2023-10-29,2023-11-28,,255900.0,PDC,True,,False
T006421,D0172,2025-03-24,2025-05-08,2025-05-08,68400.0,PDC,False,0.0,False
T004706,D0126,2024-02-26,2024-04-11,2024-04-15,172200.0,PDC,False,4.0,True
T003121,D0083,2023-07-02,2023-08-01,2023-08-30,233500.0,BANK_TRANSFER,False,29.0,False
T007735,D0207,2025-10-29,2025-11-28,2026-01-22,296700.0,CASH,False,55.0,False
T002509,D0065,2024-05-16,2024-06-15,2024-06-20,71900.0,CASH,False,5.0,True
T000157,D0005,2023-09-11,2023-10-11,2023-10-11,37500.0,PDC,False,0.0,False
T005461,D0144,2024-08-06,2024-09-20,2024-09-21,42400.0,PDC,False,1.0,False
T005716,D0151,2025-01-21,2025-03-07,2025-03-15,162900.0,PDC,False,8.0,True
T003767,D0100,2023-11-20,2023-12-20,2023-12-22,120200.0,PDC,False,2.0,False
T004668,D0125,2023-11-13,2023-12-28,2024-02-04,138700.0,PDC,False,38.0,False
T002541,D0066,2024-01-25,2024-03-10,2024-04-03,226300.0,CASH,False,24.0,True
T000670,D0018,2024-03-05,2024-04-04,2024-04-07,149700.0,CASH,False,3.0,True
T001023,D0028,2024-09-12,2024-10-12,2024-11-29,112500.0,PDC,False,48.0,False
T006373,D0171,2024-04-01,2024-05-16,2024-05-17,299400.0,BANK_TRANSFER,False,1.0,False
T002770,D0072,2025-04-12,2025-05-12,2025-05-16,87600.0,BANK_TRANSFER,False,4.0,False
T006920,D0185,2024-11-03,2024-12-18,,296100.0,PDC,False,,False
T001125,D0030,2025-02-06,2025-02-21,2025-03-20,59000.0,PDC,False,27.0,True
T007411,D0198,2023-03-13,2023-04-27,2023-05-17,78400.0,CASH,False,20.0,True
T002321,D0059,2024-12-25,2025-01-24,2025-01-27,63000.0,CASH,False,3.0,False
T002117,D0053,2025-12-12,2025-12-27,2026-01-08,103700.0,PDC,False,12.0,False
T000941,D0026,2023-11-05,2023-12-20,2023-12-22,45800.0,PDC,False,2.0,False
T001653,D0042,2024-01-06,2024-02-05,2024-02-07,188800.0,PDC,False,2.0,False
T000884,D0023,2024-11-02,2024-11-17,2024-11-17,263800.0,PDC,False,0.0,False
T006111,D0165,2024-04-02,2024-04-17,2024-04-17,112100.0,CASH,False,0.0,True
T003692,D0097,2023-08-08,2023-09-07,2023-09-11,248600.0,PDC,False,4.0,False
T006313,D0170,2025-08-08,2025-09-07,2025-09-14,270800.0,CASH,False,7.0,False
T002562,D0067,2024-01-29,2024-03-14,2024-03-15,221200.0,BANK_TRANSFER,False,1.0,True
T005823,D0154,2025-07-31,2025-08-15,2025-08-17,130700.0,PDC,False,2.0,False
T004783,D0129,2023-11-17,2024-01-01,2024-01-06,181400.0,PDC,False,5.0,False
T000669,D0018,2023-02-25,2023-04-11,2023-04-16,229500.0,PDC,False,5.0,True
T007676,D0206,2025-11-20,2026-01-04,2026-01-09,109500.0,PDC,False,5.0,False
T002609,D0067,2025-03-24,2025-04-08,2025-04-09,114900.0,BANK_TRANSFER,False,1.0,True
T004869,D0131,2023-05-13,2023-05-28,2023-06-01,118000.0,PDC,False,4.0,False
T001910,D0048,2025-07-08,2025-08-07,2025-08-07,193400.0,CASH,False,0.0,False
T001112,D0030,2025-12-09,2025-12-24,2026-01-19,211100.0,CASH,False,26.0,False
T007782,D0208,2024-07-26,2024-08-25,,149500.0,PDC,True,,False
T001877,D0047,2023-06-10,2023-07-25,2023-07-27,153600.0,BANK_TRANSFER,False,2.0,False
T003346,D0089,2025-07-10,2025-08-24,2025-08-29,269100.0,BANK_TRANSFER,False,5.0,False
T005767,D0153,2025-01-10,2025-02-24,2025-03-01,192200.0,PDC,False,5.0,True
T007150,D0191,2025-10-27,2025-12-11,2025-12-12,162900.0,PDC,False,1.0,False
T004801,D0129,2023-12-25,2024-01-24,2024-01-25,231600.0,PDC,False,1.0,False
T002452,D0062,2024-09-01,2024-10-01,2024-10-01,181200.0,PDC,False,0.0,False
T007297,D0194,2023-09-02,2023-10-17,2023-10-21,95400.0,PDC,False,4.0,False
T003407,D0090,2024-05-19,2024-06-03,2024-06-06,231400.0,PDC,False,3.0,False
T004715,D0126,2025-05-01,2025-05-31,2025-06-03,182400.0,PDC,False,3.0,True
T000076,D0003,2025-05-09,2025-06-08,2025-06-24,222800.0,PDC,False,16.0,True
T002450,D0062,2025-08-05,2025-08-20,2025-08-20,131600.0,CASH,False,0.0,False
T003055,D0082,2024-08-30,2024-10-14,2024-10-16,283000.0,BANK_TRANSFER,False,2.0,False
T005621,D0149,2025-11-22,2025-12-22,2025-12-22,245500.0,PDC,False,0.0,False
T007454,D0199,2023-12-09,2024-01-23,2024-02-01,145500.0,CASH,False,9.0,False
T001494,D0039,2025-04-24,2025-05-24,,182300.0,PDC,True,,False
T006050,D0162,2023-03-24,2023-04-08,2023-04-13,52700.0,PDC,False,5.0,True
T004221,D0112,2023-07-27,2023-08-26,2023-08-30,253200.0,PDC,False,4.0,False
T004432,D0118,2024-02-15,2024-03-31,2024-03-31,228000.0,BANK_TRANSFER,False,0.0,True
T001646,D0042,2023-11-29,2023-12-29,2023-12-30,94900.0,PDC,False,1.0,False
T003855,D0103,2025-07-08,2025-08-22,2025-08-29,238400.0,PDC,False,7.0,False
T001737,D0044,2024-08-21,2024-10-05,2024-10-05,145100.0,CASH,False,0.0,False
T001880,D0047,2024-10-01,2024-11-15,2024-11-17,105200.0,PDC,False,2.0,False
T000599,D0017,2023-01-19,2023-02-03,2023-02-03,211800.0,PDC,False,0.0,False
T004341,D0116,2025-07-18,2025-08-02,2025-08-05,299400.0,PDC,False,3.0,False
T001259,D0033,2023-02-18,2023-03-20,2023-03-21,219300.0,CASH,False,1.0,True
T003962,D0106,2025-08-17,2025-09-16,2025-09-22,244500.0,PDC,False,6.0,False
T006614,D0178,2023-11-18,2023-12-18,2023-12-18,284800.0,PDC,False,0.0,False
T003316,D0088,2025-04-27,2025-06-11,2025-06-27,189100.0,CASH,False,16.0,True
T004971,D0134,2025-03-04,2025-04-18,,235200.0,CASH,False,,False
T005754,D0152,2023-07-30,2023-08-29,2023-08-29,105000.0,PDC,False,0.0,False
T003306,D0088,2025-10-19,2025-12-03,,223800.0,PDC,True,,False
T003530,D0093,2025-11-14,2025-12-14,2025-12-18,235400.0,PDC,False,4.0,False
T002020,D0051,2024-10-29,2024-11-28,2024-12-12,203600.0,PDC,False,14.0,False
T005265,D0140,2024-10-01,2024-10-31,2024-11-05,108100.0,BANK_TRANSFER,False,5.0,False
T000790,D0021,2024-05-16,2024-06-30,2024-07-01,107300.0,CASH,False,1.0,True
T007595,D0202,2023-09-15,2023-09-30,2023-10-03,192200.0,PDC,False,3.0,False
T002881,D0076,2023-04-10,2023-05-10,2023-05-10,83200.0,CASH,False,0.0,False
T007689,D0206,2024-09-11,2024-10-26,2024-11-09,294600.0,PDC,False,14.0,False
T005965,D0160,2025-11-16,2025-12-16,2025-12-16,226400.0,BANK_TRANSFER,False,0.0,False
T000295,D0009,2025-12-14,2025-12-29,2026-01-01,206300.0,CASH,False,3.0,False
T002958,D0078,2023-10-30,2023-11-29,2023-11-29,22600.0,CASH,False,0.0,False
T006319,D0170,2025-03-03,2025-04-17,2025-04-26,130800.0,CASH,False,9.0,False
T001633,D0042,2024-10-02,2024-11-16,2024-11-17,67800.0,BANK_TRANSFER,False,1.0,False
T002676,D0070,2023-02-10,2023-03-12,2023-04-03,239800.0,CASH,False,22.0,True
T005669,D0150,2024-03-24,2024-04-08,2024-04-13,247400.0,PDC,False,5.0,True
T002474,D0063,2025-03-13,2025-03-28,2025-03-28,126400.0,PDC,False,0.0,True
T005181,D0138,2024-10-10,2024-10-25,2024-10-25,218700.0,PDC,False,0.0,False
T006754,D0181,2024-07-19,2024-08-03,2024-08-16,186900.0,PDC,False,13.0,False
T000937,D0026,2025-06-09,2025-07-24,2025-07-27,159700.0,BANK_TRANSFER,False,3.0,False
T005148,D0138,2024-10-25,2024-11-09,2024-11-09,228600.0,PDC,False,0.0,False
T001352,D0036,2024-12-02,2025-01-01,2025-01-03,295400.0,PDC,False,2.0,False
T003174,D0085,2024-05-27,2024-06-11,2024-06-12,66600.0,PDC,False,1.0,True
T006557,D0176,2023-03-11,2023-04-25,2023-05-28,29200.0,BANK_TRANSFER,False,33.0,True
T006085,D0163,2024-08-10,2024-09-09,2024-09-11,166900.0,PDC,False,2.0,False
T004354,D0117,2025-06-25,2025-08-09,2025-08-09,293600.0,PDC,False,0.0,False
T004231,D0113,2025-04-26,2025-05-26,,184800.0,CASH,False,,True
T005194,D0139,2023-02-17,2023-04-03,2023-04-22,161900.0,CASH,False,19.0,True
T003085,D0083,2024-10-28,2024-11-12,2025-01-01,29000.0,CASH,False,50.0,False
T003829,D0103,2025-12-27,2026-02-10,,55800.0,PDC,True,,False
T008074,D0216,2024-01-22,2024-02-21,2024-02-23,93200.0,PDC,False,2.0,False
T002121,D0053,2025-11-17,2025-12-02,2025-12-27,225600.0,CASH,False,25.0,False
T002921,D0077,2025-12-03,2026-01-02,2026-01-12,74100.0,PDC,False,10.0,False
T007981,D0213,2023-05-18,2023-06-17,2023-06-18,271700.0,CASH,False,1.0,True
T003578,D0094,2025-09-05,2025-10-20,2025-10-24,291100.0,PDC,False,4.0,False
T005874,D0155,2023-03-19,2023-04-18,2023-04-28,88600.0,CASH,False,10.0,True
T001146,D0031,2023-05-01,2023-05-16,2023-05-29,222700.0,PDC,False,13.0,False
T001961,D0050,2025-06-29,2025-08-13,2025-08-16,140200.0,PDC,False,3.0,False
T007533,D0200,2024-07-13,2024-08-12,2024-08-16,114400.0,PDC,False,4.0,False
T003953,D0106,2024-09-14,2024-09-29,2024-09-29,65300.0,PDC,False,0.0,False
T000003,D0001,2024-07-03,2024-08-02,2024-08-05,99800.0,BANK_TRANSFER,False,3.0,False
T004351,D0116,2024-07-18,2024-09-01,2024-09-01,40400.0,PDC,False,0.0,False
T006327,D0170,2023-12-31,2024-01-15,2024-01-27,202000.0,CASH,False,12.0,False
T007187,D0192,2024-08-16,2024-09-30,2024-10-06,218000.0,CASH,False,6.0,False
T000965,D0026,2024-02-11,2024-03-12,2024-03-15,131800.0,BANK_TRANSFER,False,3.0,True
T007815,D0209,2023-11-18,2023-12-18,2023-12-21,87200.0,BANK_TRANSFER,False,3.0,False
T004064,D0108,2025-08-27,2025-09-11,2025-09-18,51900.0,PDC,False,7.0,False
T000654,D0018,2025-05-12,2025-06-11,2025-06-17,173400.0,PDC,False,6.0,True
T004595,D0123,2023-07-26,2023-09-09,2023-09-10,42000.0,PDC,False,1.0,False
T003351,D0089,2024-09-08,2024-10-23,2024-10-23,278900.0,PDC,False,0.0,False
T005641,D0149,2025-03-29,2025-04-28,2025-04-28,195900.0,PDC,False,0.0,False
T003303,D0088,2024-01-07,2024-02-21,2024-02-27,29100.0,PDC,False,6.0,False
T002380,D0061,2025-02-24,2025-04-10,2025-04-10,37800.0,PDC,False,0.0,True
T008117,D0217,2025-09-04,2025-10-04,2025-10-04,280300.0,PDC,False,0.0,False
T005578,D0147,2025-08-15,2025-09-14,2025-09-15,287000.0,PDC,False,1.0,False
T006873,D0184,2025-10-19,2025-12-03,2025-12-29,213100.0,PDC,False,26.0,False
T002888,D0076,2025-05-01,2025-06-15,2025-06-15,47400.0,PDC,False,0.0,True
T006963,D0187,2025-04-06,2025-05-21,2025-05-21,60100.0,CASH,False,0.0,False
T005298,D0140,2025-12-19,2026-01-18,2026-01-24,283000.0,CASH,False,6.0,False
T007960,D0213,2023-03-26,2023-04-25,2023-04-26,34900.0,CASH,False,1.0,True
T004512,D0121,2023-09-16,2023-10-01,2023-10-08,55500.0,PDC,False,7.0,False
T000745,D0020,2025-08-29,2025-10-13,2025-10-28,136500.0,CASH,False,15.0,False
T005764,D0152,2023-12-23,2024-02-06,2024-02-06,67800.0,PDC,False,0.0,False
T000260,D0008,2023-11-15,2023-12-30,2024-01-04,269800.0,PDC,False,5.0,False
T007234,D0192,2023-04-26,2023-05-11,2023-05-12,220600.0,CASH,False,1.0,False
T002590,D0067,2023-09-30,2023-10-30,2023-10-30,222800.0,PDC,False,0.0,False
T001966,D0050,2025-12-12,2026-01-26,2026-01-29,72300.0,CASH,False,3.0,False
T002937,D0078,2025-05-25,2025-06-09,2025-06-09,146200.0,CASH,False,0.0,True
T000534,D0015,2023-05-11,2023-06-25,2023-07-09,258200.0,BANK_TRANSFER,False,14.0,True
T004349,D0116,2024-06-20,2024-07-05,2024-07-07,152300.0,PDC,False,2.0,False
T002617,D0068,2023-12-16,2024-01-30,2024-01-30,160100.0,BANK_TRANSFER,False,0.0,False
T000634,D0017,2025-03-23,2025-04-22,2025-04-29,242000.0,PDC,False,7.0,False
T004024,D0108,2025-04-12,2025-04-27,2025-05-02,70000.0,PDC,False,5.0,False
T000557,D0016,2024-11-04,2024-11-19,2024-11-24,194600.0,PDC,False,5.0,False
T002969,D0079,2024-12-06,2024-12-21,2024-12-21,296100.0,PDC,False,0.0,False
T003505,D0093,2025-12-03,2025-12-18,2025-12-18,75900.0,PDC,False,0.0,False
T006525,D0175,2025-02-16,2025-04-02,2025-04-03,162300.0,PDC,False,1.0,True
T005781,D0153,2024-10-04,2024-11-18,2024-11-18,65200.0,PDC,False,0.0,False
T000591,D0017,2025-09-27,2025-11-11,2025-11-12,250900.0,CASH,False,1.0,False
T007271,D0194,2023-11-22,2023-12-22,,102900.0,PDC,False,,False
T005239,D0139,2023-08-14,2023-09-28,2023-10-18,240300.0,PDC,False,20.0,False
T000887,D0023,2023-12-23,2024-01-07,2024-01-07,130500.0,BANK_TRANSFER,False,0.0,False
T003691,D0097,2023-06-23,2023-07-08,2023-07-09,141500.0,PDC,False,1.0,True
T005829,D0154,2025-02-22,2025-03-09,,181100.0,BANK_TRANSFER,False,,True
T003220,D0086,2024-07-19,2024-08-03,2024-09-30,165700.0,PDC,False,58.0,False
T006283,D0169,2025-09-05,2025-10-05,2025-10-06,271300.0,PDC,False,1.0,False
T003999,D0107,2025-07-22,2025-08-06,2025-08-11,222100.0,PDC,False,5.0,False
T000496,D0014,2025-12-09,2026-01-08,2026-01-10,139100.0,BANK_TRANSFER,False,2.0,False
T003049,D0081,2024-01-02,2024-02-01,2024-02-05,111000.0,CASH,False,4.0,False
T007064,D0189,2024-01-04,2024-01-19,2024-01-19,84800.0,PDC,False,0.0,False
T000363,D0011,2025-05-22,2025-06-06,2025-06-20,297400.0,CASH,False,14.0,True
T002028,D0051,2023-10-07,2023-11-06,2023-11-12,119800.0,CASH,False,6.0,False
T006043,D0162,2023-03-19,2023-04-03,,159600.0,PDC,False,,True
T001151,D0031,2023-08-20,2023-09-19,2023-09-29,115500.0,PDC,False,10.0,False
T000829,D0022,2023-12-26,2024-01-10,,77200.0,PDC,True,,False
T004001,D0107,2024-08-28,2024-10-12,2024-10-18,148000.0,PDC,False,6.0,False
T003086,D0083,2024-01-14,2024-02-13,2024-03-23,136700.0,CASH,False,39.0,False
T000644,D0018,2024-07-06,2024-07-21,2024-07-21,257400.0,PDC,False,0.0,False
T007326,D0195,2023-04-07,2023-05-07,2023-05-18,52700.0,PDC,False,11.0,False
T007968,D0213,2023-02-02,2023-02-17,2023-02-19,197400.0,PDC,False,2.0,False
T007744,D0207,2025-05-06,2025-06-20,2025-07-24,249000.0,PDC,False,34.0,True
T000318,D0009,2024-11-17,2024-12-02,,126100.0,PDC,True,,False
T006523,D0175,2025-09-27,2025-11-11,2025-11-12,70600.0,PDC,False,1.0,False
T001017,D0028,2023-03-18,2023-04-02,,152800.0,PDC,True,,True
T000663,D0018,2025-03-26,2025-04-25,2025-04-27,187900.0,PDC,False,2.0,False
T000994,D0027,2023-09-29,2023-10-29,2023-11-10,196400.0,CASH,False,12.0,False
T000649,D0018,2025-04-27,2025-05-27,2025-05-28,124900.0,CASH,False,1.0,True
T002083,D0052,2024-04-18,2024-05-03,2024-05-26,144000.0,PDC,False,23.0,False
T002168,D0054,2025-01-15,2025-01-30,2025-01-30,168000.0,PDC,False,0.0,False
T001713,D0044,2025-09-06,2025-09-21,2025-09-22,215500.0,CASH,False,1.0,False
T000071,D0003,2025-06-12,2025-07-12,2025-07-17,140500.0,CASH,False,5.0,False
T006899,D0185,2025-02-17,2025-03-04,2025-03-07,275600.0,PDC,False,3.0,True
T005354,D0142,2025-09-13,2025-10-13,2025-10-14,196700.0,PDC,False,1.0,False
T007546,D0201,2025-04-22,2025-05-22,2025-05-25,56700.0,PDC,False,3.0,False
T005977,D0160,2025-03-07,2025-04-06,2025-04-06,212400.0,PDC,False,0.0,True
T004096,D0109,2025-12-09,2026-01-23,2026-02-05,110500.0,CASH,False,13.0,False
T003409,D0090,2024-03-29,2024-04-28,2024-04-28,276900.0,PDC,False,0.0,False
T002627,D0068,2024-06-02,2024-06-17,2024-06-19,291000.0,PDC,False,2.0,True
T001597,D0041,2023-03-12,2023-04-11,2023-04-14,258000.0,PDC,False,3.0,True
T007628,D0203,2024-07-19,2024-08-03,2024-08-21,76400.0,BANK_TRANSFER,False,18.0,False
T001687,D0043,2023-08-07,2023-08-22,2023-08-26,122700.0,PDC,False,4.0,False
T004878,D0131,2025-09-28,2025-10-28,2025-10-28,239800.0,PDC,False,0.0,False
T003307,D0088,2024-06-27,2024-08-11,2024-08-27,204600.0,CASH,False,16.0,False
T003154,D0084,2025-12-30,2026-02-13,2026-02-13,191200.0,PDC,False,0.0,False
T003197,D0085,2024-05-21,2024-07-05,2024-07-05,160700.0,CASH,False,0.0,False
T001313,D0035,2024-08-05,2024-09-04,2024-10-04,197700.0,PDC,False,30.0,False
T007825,D0210,2024-02-01,2024-02-16,,295000.0,PDC,False,,False
T007425,D0198,2025-10-12,2025-11-11,2025-11-14,153300.0,CASH,False,3.0,False
T007309,D0195,2025-06-22,2025-08-06,,176600.0,PDC,True,,False
T002222,D0056,2023-07-28,2023-08-12,,115300.0,PDC,True,,False
T004582,D0123,2024-01-09,2024-02-08,2024-02-09,46700.0,CASH,False,1.0,False
T000907,D0024,2025-05-08,2025-05-23,2025-05-26,157800.0,CASH,False,3.0,False
T004883,D0132,2025-10-05,2025-11-04,2025-11-06,44800.0,PDC,False,2.0,False
T007157,D0191,2025-03-28,2025-05-12,2025-05-14,188300.0,PDC,False,2.0,False
T005113,D0137,2025-08-28,2025-09-12,2025-10-12,77200.0,PDC,False,30.0,False
T005022,D0135,2025-09-08,2025-09-23,2025-09-25,94100.0,CASH,False,2.0,False
T002896,D0076,2024-07-24,2024-09-07,2024-09-11,212500.0,CASH,False,4.0,False
T004059,D0108,2023-07-30,2023-09-13,2023-09-14,206300.0,PDC,False,1.0,False
T005929,D0158,2024-03-17,2024-04-16,2024-04-19,243900.0,CASH,False,3.0,True
T006425,D0173,2024-04-26,2024-06-10,2024-06-12,278100.0,PDC,False,2.0,True
T003413,D0090,2023-10-28,2023-11-27,2023-11-27,150600.0,PDC,False,0.0,False
T006591,D0177,2025-08-26,2025-09-10,2025-10-16,53000.0,PDC,False,36.0,False
T000010,D0001,2024-01-27,2024-02-11,2024-02-14,245700.0,PDC,False,3.0,False
T007016,D0188,2023-09-02,2023-10-17,2023-10-18,217800.0,PDC,False,1.0,False
T004905,D0132,2024-03-10,2024-04-24,2024-04-26,71100.0,PDC,False,2.0,True
T002454,D0062,2024-06-26,2024-07-26,2024-07-27,253600.0,BANK_TRANSFER,False,1.0,False
T003066,D0082,2025-04-25,2025-06-09,2025-06-12,95700.0,CASH,False,3.0,True
T006136,D0165,2024-09-16,2024-10-16,2024-10-25,93300.0,BANK_TRANSFER,False,9.0,False
T006391,D0172,2024-01-28,2024-03-13,,264900.0,PDC,False,,True
T006140,D0166,2025-06-10,2025-06-25,2025-07-06,222600.0,PDC,False,11.0,False
T005068,D0136,2023-03-27,2023-05-11,2023-05-17,60900.0,PDC,False,6.0,False
T005221,D0139,2024-01-16,2024-01-31,2024-02-14,293100.0,PDC,False,14.0,False
T008155,D0218,2025-11-28,2025-12-28,2025-12-30,255700.0,CASH,False,2.0,False
T007811,D0209,2024-01-17,2024-02-01,2024-02-01,237300.0,BANK_TRANSFER,False,0.0,False
T007641,D0204,2024-11-28,2024-12-13,2024-12-18,33500.0,PDC,False,5.0,False
T005926,D0158,2025-03-26,2025-04-25,2025-04-26,119400.0,PDC,False,1.0,False
T002731,D0071,2023-10-26,2023-11-10,2023-11-27,44100.0,PDC,False,17.0,False
T007120,D0190,2024-12-29,2025-01-13,2025-01-31,127900.0,CASH,False,18.0,False
T006759,D0181,2023-11-19,2023-12-19,2024-01-30,116700.0,CASH,False,42.0,False
T004987,D0134,2025-11-14,2025-12-14,2025-12-18,201400.0,PDC,False,4.0,False
T000285,D0009,2025-03-13,2025-03-28,2025-04-01,99700.0,PDC,False,4.0,True
T003418,D0090,2024-07-31,2024-08-15,2024-08-15,157000.0,CASH,False,0.0,False
T002037,D0051,2025-12-04,2026-01-03,2026-01-07,268300.0,BANK_TRANSFER,False,4.0,False
T000821,D0022,2023-06-18,2023-08-02,2023-08-07,297000.0,PDC,False,5.0,False
T007920,D0212,2025-12-19,2026-01-03,2026-02-15,285000.0,PDC,False,43.0,False
T007238,D0193,2025-12-16,2025-12-31,2026-01-04,192300.0,CASH,False,4.0,False
T004756,D0128,2023-03-14,2023-04-28,2023-04-28,243500.0,PDC,False,0.0,True
T000525,D0015,2025-12-01,2025-12-31,,256100.0,PDC,True,,False
T000892,D0023,2025-03-31,2025-04-30,2025-04-30,74200.0,CASH,False,0.0,False
T006096,D0164,2023-09-24,2023-10-09,2023-10-13,164300.0,CASH,False,4.0,False
T006906,D0185,2025-12-10,2026-01-24,2026-01-26,40900.0,CASH,False,2.0,False
T005510,D0146,2024-11-18,2024-12-18,2024-12-18,199500.0,BANK_TRANSFER,False,0.0,False
T006595,D0177,2024-10-29,2024-11-13,2024-11-30,250900.0,PDC,False,17.0,False
T002943,D0078,2024-01-24,2024-02-08,2024-02-08,220400.0,PDC,False,0.0,False
T000499,D0014,2025-07-28,2025-09-11,2025-09-11,83300.0,PDC,False,0.0,False
T002547,D0066,2023-11-02,2023-12-02,,196600.0,PDC,True,,False
T002783,D0072,2024-03-04,2024-04-03,2024-04-05,255500.0,PDC,False,2.0,True
T004876,D0131,2024-10-15,2024-11-14,2024-11-14,221300.0,PDC,False,0.0,False
T000380,D0011,2023-08-30,2023-09-29,2023-10-06,29400.0,CASH,False,7.0,False
T007624,D0203,2025-10-31,2025-11-30,2025-11-30,103100.0,PDC,False,0.0,False
T006243,D0169,2024-03-30,2024-04-29,2024-04-30,173100.0,PDC,False,1.0,False
T000191,D0006,2025-01-11,2025-02-25,2025-02-28,222400.0,PDC,False,3.0,True
T001721,D0044,2024-09-02,2024-09-17,2024-09-18,108600.0,CASH,False,1.0,False
T000021,D0001,2023-09-02,2023-10-17,2023-10-19,80700.0,PDC,False,2.0,False
T007103,D0190,2024-05-29,2024-07-13,2024-07-18,238300.0,CASH,False,5.0,False
T003889,D0104,2025-05-07,2025-05-22,2025-06-19,107600.0,PDC,False,28.0,False
T002867,D0075,2025-08-08,2025-09-07,2025-09-07,32200.0,PDC,False,0.0,False
T002047,D0051,2023-07-20,2023-08-19,2023-08-31,171400.0,PDC,False,12.0,False
T005471,D0145,2023-09-17,2023-10-02,2023-10-12,92500.0,CASH,False,10.0,False
T007019,D0188,2023-04-13,2023-05-28,2023-06-03,183300.0,BANK_TRANSFER,False,6.0,False
T006796,D0182,2024-03-03,2024-04-17,2024-04-21,108100.0,PDC,False,4.0,True
T005973,D0160,2025-11-14,2025-12-29,2025-12-30,53500.0,BANK_TRANSFER,False,1.0,False
T006401,D0172,2024-04-25,2024-05-10,2024-05-14,118400.0,CASH,False,4.0,False
T000190,D0006,2023-05-11,2023-06-10,2023-06-17,52100.0,PDC,False,7.0,False
T006008,D0161,2024-07-03,2024-08-17,2024-08-17,256000.0,PDC,False,0.0,False
T000151,D0005,2025-09-13,2025-10-13,2025-10-18,26400.0,CASH,False,5.0,False
T007377,D0197,2023-10-03,2023-11-17,2023-11-19,141100.0,BANK_TRANSFER,False,2.0,False
T000023,D0001,2025-09-18,2025-10-18,2025-10-22,84900.0,CASH,False,4.0,False
T007226,D0192,2024-06-13,2024-07-13,2024-07-17,88100.0,PDC,False,4.0,False
T004554,D0122,2025-10-09,2025-11-23,2025-12-14,21300.0,BANK_TRANSFER,False,21.0,False
T002356,D0060,2024-11-01,2024-12-01,2024-12-07,78600.0,PDC,False,6.0,False
T005102,D0136,2023-05-18,2023-06-02,2023-06-02,189200.0,PDC,False,0.0,False
T006260,D0169,2024-06-20,2024-07-05,2024-07-07,48600.0,CASH,False,2.0,False
T001383,D0036,2025-03-31,2025-04-30,2025-05-02,161300.0,CASH,False,2.0,False
T001808,D0046,2023-02-01,2023-03-18,2023-03-27,87400.0,PDC,False,9.0,True
T002799,D0072,2024-01-25,2024-03-10,2024-03-12,195400.0,PDC,False,2.0,True
T000551,D0016,2023-08-12,2023-09-26,2023-10-01,117000.0,PDC,False,5.0,False
T008090,D0216,2025-01-18,2025-02-17,2025-02-17,178000.0,PDC,False,0.0,True
T002707,D0070,2023-04-22,2023-05-22,2023-05-22,216700.0,PDC,False,0.0,False
T004248,D0113,2025-03-22,2025-04-06,2025-06-12,223400.0,CASH,False,67.0,True
T006475,D0174,2025-12-14,2026-01-28,,97100.0,PDC,True,,False
T007787,D0208,2025-03-25,2025-04-24,2025-04-28,248900.0,PDC,False,4.0,False
T005179,D0138,2024-06-30,2024-08-14,2024-08-15,121600.0,PDC,False,1.0,False
T002818,D0073,2024-12-27,2025-01-26,2025-03-13,149100.0,PDC,False,46.0,False
T005931,D0158,2025-12-23,2026-02-06,2026-02-07,182400.0,PDC,False,1.0,False
T005238,D0139,2025-08-05,2025-08-20,2025-08-27,298900.0,PDC,False,7.0,False
T006491,D0175,2025-07-10,2025-07-25,2025-07-25,152400.0,PDC,False,0.0,False
T007431,D0198,2025-02-20,2025-03-07,2025-03-16,192400.0,PDC,False,9.0,True
T002104,D0053,2025-08-21,2025-09-20,,270600.0,PDC,True,,False
T002415,D0061,2023-08-06,2023-09-05,2023-09-06,113200.0,PDC,False,1.0,False
T008134,D0217,2025-10-12,2025-11-11,2025-11-14,192200.0,PDC,False,3.0,False
T006685,D0180,2024-11-18,2024-12-03,2024-12-04,151500.0,PDC,False,1.0,False
T003516,D0093,2024-08-06,2024-08-21,2024-08-21,285200.0,BANK_TRANSFER,False,0.0,False
T002390,D0061,2024-10-11,2024-11-25,2024-11-26,248500.0,PDC,False,1.0,False
T007422,D0198,2025-08-30,2025-09-14,2025-09-15,297500.0,CASH,False,1.0,False
T000865,D0022,2023-07-10,2023-07-25,2023-07-26,276700.0,BANK_TRANSFER,False,1.0,False
T001869,D0047,2025-07-10,2025-08-09,2025-08-12,260000.0,PDC,False,3.0,False
T004085,D0109,2024-11-05,2024-12-20,,167800.0,PDC,False,,False
T000504,D0014,2023-06-27,2023-07-27,2023-07-27,248700.0,CASH,False,0.0,False
T003442,D0091,2024-10-10,2024-10-25,2024-10-26,225600.0,PDC,False,1.0,False
T003805,D0101,2024-08-22,2024-10-06,2024-10-09,146900.0,PDC,False,3.0,False
T000770,D0020,2024-06-30,2024-07-30,2024-08-13,32700.0,PDC,False,14.0,False
T000885,D0023,2024-05-23,2024-06-22,2024-06-24,79100.0,PDC,False,2.0,True
T004637,D0125,2024-05-31,2024-07-15,2024-08-17,221200.0,PDC,False,33.0,False
T007183,D0192,2025-03-18,2025-04-02,2025-04-04,165700.0,PDC,False,2.0,True
T007731,D0207,2024-02-27,2024-03-28,,20800.0,PDC,True,,True
T002527,D0066,2024-09-23,2024-11-07,2024-11-27,298000.0,PDC,False,20.0,False
T007055,D0189,2025-01-25,2025-03-11,2025-03-13,79600.0,CASH,False,2.0,True
T004006,D0107,2025-09-17,2025-10-17,2025-10-22,43700.0,PDC,False,5.0,False
T001287,D0034,2025-01-17,2025-02-01,2025-02-11,99900.0,PDC,False,10.0,False
T005352,D0142,2023-05-31,2023-06-30,2023-07-02,32500.0,CASH,False,2.0,True
T003594,D0094,2024-01-20,2024-02-04,2024-02-09,118800.0,PDC,False,5.0,False
T000711,D0019,2025-10-14,2025-11-13,2025-11-14,119400.0,PDC,False,1.0,False
T007932,D0212,2024-06-14,2024-07-14,2024-07-26,112300.0,CASH,False,12.0,False
T008007,D0214,2025-03-21,2025-05-05,2025-05-08,100300.0,CASH,False,3.0,False
T000099,D0004,2025-10-29,2025-11-28,2025-11-28,23400.0,PDC,False,0.0,False
T001983,D0050,2025-12-24,2026-01-08,2026-01-08,265900.0,PDC,False,0.0,False
T002596,D0067,2024-10-14,2024-10-29,2024-10-31,137300.0,PDC,False,2.0,False
T004573,D0123,2023-06-04,2023-07-04,2023-07-06,215000.0,CASH,False,2.0,True
T001251,D0033,2024-01-30,2024-02-29,2024-02-29,229400.0,PDC,False,0.0,True
T001466,D0038,2024-08-09,2024-09-08,2024-10-21,31100.0,CASH,False,43.0,False
T001399,D0036,2025-04-10,2025-05-25,2025-05-29,87600.0,PDC,False,4.0,True
T002762,D0072,2025-12-23,2026-02-06,2026-02-07,208100.0,PDC,False,1.0,False
T004489,D0121,2023-06-18,2023-08-02,2023-08-19,251500.0,PDC,False,17.0,False
T002023,D0051,2025-04-24,2025-05-09,,226400.0,PDC,True,,False
T001197,D0032,2024-12-03,2025-01-02,2025-01-04,139300.0,PDC,False,2.0,False
T006390,D0172,2024-05-03,2024-06-17,2024-06-20,80000.0,PDC,False,3.0,True
T005868,D0155,2023-10-12,2023-11-11,2023-11-23,242400.0,PDC,False,12.0,False
T005035,D0135,2024-12-12,2025-01-11,2025-01-12,27300.0,PDC,False,1.0,False
T004813,D0129,2025-10-04,2025-11-18,2025-11-19,173200.0,PDC,False,1.0,False
T003452,D0091,2023-01-30,2023-03-01,2023-03-04,110700.0,CASH,False,3.0,False
T001012,D0028,2023-11-03,2023-11-18,,195100.0,PDC,True,,False
T002644,D0069,2023-09-15,2023-10-15,2023-11-24,46600.0,PDC,False,40.0,False
T007557,D0201,2024-03-24,2024-04-08,2024-04-08,203000.0,PDC,False,0.0,True
T005070,D0136,2023-03-05,2023-04-04,2023-04-05,193000.0,CASH,False,1.0,True
T001237,D0033,2024-01-12,2024-02-26,2024-02-27,26200.0,PDC,False,1.0,False
T004661,D0125,2025-02-03,2025-02-18,2025-03-20,257300.0,PDC,False,30.0,True
T007717,D0207,2024-10-13,2024-11-12,2024-12-08,90500.0,BANK_TRANSFER,False,26.0,False
T005025,D0135,2023-01-04,2023-02-18,2023-02-18,177800.0,PDC,False,0.0,False
T008030,D0215,2023-03-03,2023-03-18,2023-04-30,82500.0,CASH,False,43.0,True
T003447,D0091,2023-09-15,2023-10-30,2023-10-31,279900.0,PDC,False,1.0,False
T007093,D0190,2024-12-24,2025-01-08,2025-01-22,61200.0,CASH,False,14.0,False
T001843,D0046,2025-02-15,2025-03-17,2025-04-05,45300.0,PDC,False,19.0,True
T000735,D0020,2025-10-04,2025-11-03,2025-11-12,265100.0,PDC,False,9.0,False
T006147,D0166,2025-06-19,2025-07-19,2025-08-02,186800.0,CASH,False,14.0,False
T002740,D0071,2024-11-18,2025-01-02,2025-01-17,204100.0,PDC,False,15.0,False
T001207,D0032,2025-05-04,2025-06-18,2025-06-18,84800.0,CASH,False,0.0,True
T002320,D0059,2024-05-11,2024-05-26,2024-05-28,198400.0,PDC,False,2.0,False
T003065,D0082,2024-07-13,2024-08-12,2024-08-12,76600.0,BANK_TRANSFER,False,0.0,False
T000600,D0017,2025-02-03,2025-02-18,2025-02-18,90000.0,CASH,False,0.0,True
T006613,D0178,2025-03-15,2025-04-14,2025-04-18,191800.0,PDC,False,4.0,True
T003352,D0089,2024-06-29,2024-07-14,2024-07-16,54100.0,PDC,False,2.0,False
T007513,D0200,2025-12-25,2026-02-08,2026-02-09,231100.0,CASH,False,1.0,False
T003545,D0093,2024-10-11,2024-10-26,2024-10-26,137900.0,PDC,False,0.0,False
T000401,D0011,2023-04-24,2023-05-09,2023-05-22,209200.0,PDC,False,13.0,False
T003322,D0088,2025-05-13,2025-06-27,2025-07-07,252900.0,PDC,False,10.0,False
T001777,D0045,2024-10-08,2024-11-22,2024-11-24,285500.0,PDC,False,2.0,False
T007821,D0210,2024-04-08,2024-05-08,2024-05-09,102600.0,PDC,False,1.0,False
T000515,D0015,2024-03-24,2024-04-08,2024-04-20,245000.0,PDC,False,12.0,True
T006664,D0179,2025-11-18,2025-12-03,2025-12-07,285800.0,PDC,False,4.0,False
T004636,D0125,2023-05-14,2023-06-28,2023-08-13,150400.0,PDC,False,46.0,True
T002545,D0066,2025-03-28,2025-04-27,2025-05-11,159200.0,BANK_TRANSFER,False,14.0,False
T005688,D0150,2025-06-06,2025-07-21,2025-07-28,217300.0,BANK_TRANSFER,False,7.0,False
T000815,D0021,2024-08-09,2024-09-08,2024-09-11,29100.0,BANK_TRANSFER,False,3.0,False
T005720,D0151,2023-08-27,2023-10-11,,60200.0,PDC,True,,False
T006568,D0177,2025-01-25,2025-02-09,2025-03-09,97900.0,PDC,False,28.0,False
T002207,D0056,2023-09-11,2023-09-26,2023-09-27,108600.0,CASH,False,1.0,False
T002753,D0072,2024-02-17,2024-03-18,2024-03-18,87200.0,CASH,False,0.0,True
T006318,D0170,2024-05-03,2024-06-02,2024-06-15,294500.0,PDC,False,13.0,False
T007288,D0194,2024-02-15,2024-03-16,2024-03-17,277800.0,CASH,False,1.0,True
T006431,D0173,2023-07-20,2023-08-04,2023-08-07,245900.0,PDC,False,3.0,False
T004561,D0123,2025-07-28,2025-08-27,2025-08-29,25500.0,PDC,False,2.0,False
T001036,D0028,2025-01-08,2025-02-22,2025-04-24,238900.0,PDC,False,61.0,True
T005325,D0141,2023-06-19,2023-07-04,2023-07-07,278900.0,PDC,False,3.0,True
T000220,D0007,2024-04-08,2024-05-08,2024-05-24,46000.0,CASH,False,16.0,False
T005356,D0142,2025-08-27,2025-10-11,2025-10-14,135900.0,PDC,False,3.0,False
T003549,D0093,2024-09-21,2024-10-06,2024-10-08,47700.0,PDC,False,2.0,False
T004988,D0134,2023-08-19,2023-09-03,2023-09-05,262800.0,PDC,False,2.0,False
T005475,D0145,2024-01-20,2024-02-19,2024-02-27,263700.0,PDC,False,8.0,False
T005615,D0149,2023-03-28,2023-04-27,2023-04-28,225100.0,PDC,False,1.0,True
T007775,D0208,2023-05-27,2023-06-26,2023-08-02,226800.0,PDC,False,37.0,True
T007112,D0190,2025-05-13,2025-05-28,2025-06-15,235500.0,PDC,False,18.0,True
T007903,D0211,2023-11-30,2023-12-30,2024-01-03,112300.0,PDC,False,4.0,False
T003644,D0096,2025-06-01,2025-07-01,2025-07-04,81500.0,PDC,False,3.0,False
T002787,D0072,2024-05-05,2024-06-04,2024-06-07,265500.0,PDC,False,3.0,False
T000822,D0022,2023-11-09,2023-12-09,2023-12-11,58600.0,PDC,False,2.0,False
T002678,D0070,2024-09-12,2024-10-27,2024-11-25,237000.0,PDC,False,29.0,False
T004009,D0107,2025-11-20,2026-01-04,2026-01-09,179500.0,PDC,False,5.0,False
T000517,D0015,2025-02-04,2025-03-06,2025-03-23,59800.0,CASH,False,17.0,True
T006817,D0182,2024-03-17,2024-05-01,2024-05-02,118700.0,PDC,False,1.0,False
T002049,D0051,2025-04-12,2025-04-27,2025-05-13,179500.0,PDC,False,16.0,False
T007947,D0213,2025-10-09,2025-11-23,2025-11-23,92600.0,CASH,False,0.0,False
T006824,D0183,2023-10-18,2023-11-02,2023-11-09,282400.0,BANK_TRANSFER,False,7.0,False
T007006,D0188,2025-08-18,2025-10-02,2025-10-02,241000.0,PDC,False,0.0,False
T000601,D0017,2025-09-16,2025-10-31,2025-10-31,164200.0,PDC,False,0.0,False
T002750,D0071,2023-10-19,2023-11-18,2023-12-10,159200.0,PDC,False,22.0,False
T007506,D0200,2023-08-16,2023-09-30,2023-10-02,89200.0,PDC,False,2.0,False
T003256,D0087,2025-09-24,2025-10-09,2025-10-10,217400.0,CASH,False,1.0,False
T005028,D0135,2023-04-07,2023-05-07,2023-05-09,300000.0,PDC,False,2.0,False
T002840,D0075,2024-09-26,2024-10-26,2024-10-28,134000.0,CASH,False,2.0,False
T004826,D0130,2023-11-27,2024-01-11,2024-01-27,144700.0,PDC,False,16.0,False
T003236,D0087,2025-02-03,2025-03-05,2025-03-06,219600.0,CASH,False,1.0,True
T006978,D0188,2023-08-09,2023-08-24,2023-08-25,264800.0,PDC,False,1.0,False
T003840,D0103,2025-10-18,2025-12-02,2025-12-20,57400.0,PDC,False,18.0,False
T006668,D0179,2024-04-13,2024-04-28,2024-05-10,100000.0,CASH,False,12.0,False
T004968,D0134,2024-04-06,2024-05-06,2024-05-07,66600.0,PDC,False,1.0,False
T003037,D0081,2025-08-01,2025-08-31,2025-08-31,117900.0,PDC,False,0.0,False
T000488,D0014,2024-08-11,2024-09-10,2024-09-11,153400.0,PDC,False,1.0,False
T000593,D0017,2024-12-22,2025-01-06,2025-01-09,160700.0,PDC,False,3.0,False
T001609,D0041,2025-09-15,2025-09-30,2025-09-30,90900.0,PDC,False,0.0,False
T004571,D0123,2025-03-13,2025-04-27,2025-05-01,184400.0,BANK_TRANSFER,False,4.0,False
T004196,D0111,2024-09-12,2024-10-12,2024-10-13,71600.0,PDC,False,1.0,False
T004981,D0134,2024-07-30,2024-08-29,2024-09-02,171300.0,PDC,False,4.0,False
T006520,D0175,2025-04-19,2025-05-04,2025-05-10,60600.0,BANK_TRANSFER,False,6.0,False
T002075,D0052,2025-01-18,2025-02-17,,140500.0,PDC,True,,True
T000358,D0010,2023-10-22,2023-12-06,2023-12-19,257200.0,PDC,False,13.0,False
T007605,D0203,2025-10-06,2025-10-21,2025-10-24,257300.0,PDC,False,3.0,False
T003366,D0089,2024-08-06,2024-09-05,2024-09-06,194200.0,PDC,False,1.0,False
T007925,D0212,2024-03-23,2024-05-07,,149000.0,PDC,True,,False
T003315,D0088,2025-10-09,2025-11-08,,174800.0,PDC,True,,False
T003131,D0084,2025-12-24,2026-02-07,2026-02-12,79300.0,PDC,False,5.0,False
T000254,D0008,2024-10-02,2024-11-16,2024-11-16,51500.0,PDC,False,0.0,False
T001962,D0050,2023-12-18,2024-02-01,2024-02-02,64100.0,PDC,False,1.0,False
T004300,D0115,2024-06-21,2024-08-05,,232500.0,CASH,False,,False
T004133,D0110,2023-12-16,2023-12-31,2023-12-31,120300.0,BANK_TRANSFER,False,0.0,False
T003405,D0090,2023-04-15,2023-04-30,2023-04-30,39700.0,BANK_TRANSFER,False,0.0,True
T000436,D0013,2025-04-05,2025-05-05,2025-05-06,271800.0,PDC,False,1.0,False
T000590,D0017,2024-11-22,2024-12-22,2024-12-24,37900.0,CASH,False,2.0,False
T004002,D0107,2025-06-27,2025-07-12,2025-07-24,64300.0,CASH,False,12.0,False
T003123,D0083,2024-04-07,2024-05-07,2024-06-15,210200.0,PDC,False,39.0,False
T006242,D0169,2023-09-14,2023-09-29,2023-10-03,298700.0,PDC,False,4.0,False
T000013,D0001,2025-10-02,2025-11-01,2025-11-03,83900.0,CASH,False,2.0,False
T003804,D0101,2024-09-11,2024-10-11,2024-10-11,146600.0,CASH,False,0.0,False
T006949,D0187,2025-02-09,2025-03-26,2025-03-27,97300.0,PDC,False,1.0,True
T001531,D0040,2025-01-31,2025-03-17,2025-03-20,32900.0,PDC,False,3.0,True
T003263,D0087,2025-07-10,2025-07-25,2025-07-25,168300.0,CASH,False,0.0,False
T006382,D0171,2025-05-19,2025-06-18,2025-06-18,108100.0,PDC,False,0.0,True
T003580,D0094,2025-09-15,2025-09-30,2025-10-01,157100.0,PDC,False,1.0,False
T001221,D0033,2024-10-02,2024-11-16,2024-11-19,103800.0,PDC,False,3.0,False
T007952,D0213,2023-06-09,2023-07-09,2023-07-11,231100.0,PDC,False,2.0,True
T001496,D0039,2023-10-07,2023-11-06,2023-12-10,85900.0,PDC,False,34.0,False
T007147,D0191,2024-06-29,2024-07-14,2024-07-16,49200.0,CASH,False,2.0,False
T006667,D0179,2024-08-26,2024-10-10,2024-10-18,160200.0,PDC,False,8.0,False
T004545,D0122,2023-09-13,2023-10-28,2023-11-03,120300.0,CASH,False,6.0,False
T004108,D0109,2024-12-18,2025-01-17,2025-02-02,227000.0,CASH,False,16.0,False
T002528,D0066,2023-05-14,2023-06-13,2023-06-27,119900.0,PDC,False,14.0,False
T005709,D0151,2024-03-17,2024-05-01,2024-05-06,252500.0,CASH,False,5.0,False
T007030,D0189,2023-12-01,2023-12-16,2023-12-16,188600.0,PDC,False,0.0,False
T008034,D0215,2025-05-07,2025-06-06,2025-08-06,197700.0,PDC,False,61.0,True
T005437,D0144,2025-11-17,2025-12-17,2025-12-17,272900.0,PDC,False,0.0,False
T007292,D0194,2025-05-03,2025-05-18,2025-05-20,257500.0,PDC,False,2.0,False
T003149,D0084,2025-05-18,2025-07-02,2025-07-05,230000.0,PDC,False,3.0,False
T006755,D0181,2023-09-01,2023-10-01,2023-10-28,190600.0,PDC,False,27.0,False
T004131,D0110,2024-12-28,2025-02-11,2025-02-11,91000.0,PDC,False,0.0,False
T003170,D0085,2023-07-27,2023-08-26,2023-08-28,287600.0,PDC,False,2.0,False
T001845,D0046,2023-10-12,2023-11-26,2023-12-04,140700.0,BANK_TRANSFER,False,8.0,False
T006141,D0166,2025-12-17,2026-01-31,2026-02-07,207400.0,PDC,False,7.0,False
T005558,D0147,2025-02-15,2025-03-17,2025-03-18,253100.0,PDC,False,1.0,True
T001981,D0050,2024-01-09,2024-01-24,2024-01-28,200900.0,PDC,False,4.0,False
T002118,D0053,2025-07-12,2025-08-26,2025-08-29,52500.0,CASH,False,3.0,False
T002640,D0068,2025-05-24,2025-06-08,2025-06-12,253200.0,BANK_TRANSFER,False,4.0,True
T003715,D0098,2023-08-08,2023-09-07,2023-09-14,103400.0,PDC,False,7.0,False
T001689,D0043,2024-04-17,2024-06-01,2024-06-11,129300.0,PDC,False,10.0,False
T000903,D0023,2023-11-01,2023-11-16,2023-11-17,178000.0,CASH,False,1.0,False
T001135,D0031,2024-08-18,2024-09-17,2024-09-28,58700.0,CASH,False,11.0,False
T004520,D0121,2023-11-07,2023-12-22,2024-01-10,85400.0,BANK_TRANSFER,False,19.0,False
T001109,D0030,2025-09-08,2025-09-23,,105700.0,PDC,True,,False
T003060,D0082,2025-06-21,2025-07-21,2025-07-23,140200.0,BANK_TRANSFER,False,2.0,False
T005813,D0154,2025-06-22,2025-08-06,2025-08-06,264200.0,BANK_TRANSFER,False,0.0,False
T005478,D0145,2024-08-22,2024-09-21,,292200.0,PDC,False,,False
T000769,D0020,2025-11-26,2025-12-11,2025-12-27,218300.0,PDC,False,16.0,False
T007531,D0200,2025-02-07,2025-03-24,2025-03-28,164700.0,CASH,False,4.0,True
T000618,D0017,2024-11-09,2024-12-24,2024-12-30,82300.0,BANK_TRANSFER,False,6.0,False
T002139,D0054,2025-03-04,2025-04-18,2025-04-20,159200.0,BANK_TRANSFER,False,2.0,False
T005323,D0141,2023-12-04,2024-01-03,2024-01-07,143300.0,PDC,False,4.0,False
T000796,D0021,2025-05-10,2025-06-09,2025-06-09,145100.0,CASH,False,0.0,True
T003838,D0103,2024-01-28,2024-03-13,2024-05-12,168300.0,PDC,False,60.0,True
T005797,D0154,2025-08-27,2025-10-11,2025-10-15,174400.0,PDC,False,4.0,False
T007972,D0213,2025-04-20,2025-06-04,2025-06-08,201900.0,PDC,False,4.0,True
T006200,D0167,2025-01-24,2025-03-10,2025-04-01,47200.0,CASH,False,22.0,True
T003841,D0103,2024-10-29,2024-12-13,2025-01-13,163000.0,CASH,False,31.0,False
T004892,D0132,2024-07-25,2024-08-09,2024-08-11,149800.0,PDC,False,2.0,False
T001326,D0035,2025-10-20,2025-12-04,2025-12-15,186100.0,CASH,False,11.0,False
T002165,D0054,2024-06-29,2024-08-13,2024-08-14,284800.0,PDC,False,1.0,False
T006380,D0171,2023-09-09,2023-10-09,2023-10-13,112900.0,PDC,False,4.0,False
T003757,D0100,2025-12-17,2026-01-16,2026-01-23,112200.0,PDC,False,7.0,False
T007338,D0196,2025-05-23,2025-06-07,2025-06-12,191200.0,PDC,False,5.0,True
T006612,D0178,2025-02-06,2025-02-21,2025-02-25,73300.0,PDC,False,4.0,True
T004078,D0109,2025-10-13,2025-11-12,2025-11-20,197000.0,CASH,False,8.0,False
T004254,D0114,2023-12-08,2024-01-22,,212100.0,PDC,False,,False
T004728,D0127,2025-01-12,2025-01-27,2025-01-28,162100.0,PDC,False,1.0,False
T004697,D0126,2024-09-12,2024-10-12,2024-10-14,116700.0,PDC,False,2.0,False
T001570,D0040,2024-01-31,2024-02-15,2024-02-16,281800.0,PDC,False,1.0,False
T001238,D0033,2025-10-31,2025-11-15,2025-11-17,113400.0,PDC,False,2.0,False
T007137,D0191,2024-04-07,2024-05-22,2024-05-28,143800.0,CASH,False,6.0,False
T002305,D0058,2023-11-04,2023-11-19,2023-12-15,108000.0,PDC,False,26.0,False
T001604,D0041,2024-12-29,2025-01-13,2025-01-18,40200.0,PDC,False,5.0,False
T005331,D0141,2025-01-01,2025-02-15,2025-02-20,205200.0,PDC,False,5.0,True
T006903,D0185,2025-12-19,2026-01-03,2026-01-04,147100.0,PDC,False,1.0,False
T006331,D0170,2025-05-25,2025-06-09,2025-06-25,271100.0,PDC,False,16.0,True
T005061,D0135,2024-08-28,2024-09-12,2024-09-17,234900.0,PDC,False,5.0,False
T001540,D0040,2024-08-02,2024-08-17,2024-08-21,218500.0,PDC,False,4.0,False
T008175,D0218,2023-10-27,2023-11-26,2023-11-26,235200.0,CASH,False,0.0,False
T000848,D0022,2025-10-25,2025-12-09,2025-12-09,45600.0,BANK_TRANSFER,False,0.0,False
T000462,D0013,2024-02-22,2024-03-23,2024-03-28,215500.0,PDC,False,5.0,True
T005078,D0136,2024-11-21,2024-12-06,2024-12-07,177400.0,CASH,False,1.0,False
T000814,D0021,2025-09-19,2025-10-19,2025-10-24,181500.0,PDC,False,5.0,False
T001523,D0039,2024-05-27,2024-06-26,2024-08-09,106900.0,CASH,False,44.0,True
T001055,D0029,2025-03-24,2025-05-08,2025-05-08,177900.0,PDC,False,0.0,False
T002219,D0056,2025-02-25,2025-03-12,2025-03-16,256500.0,PDC,False,4.0,True
T001807,D0046,2023-11-02,2023-11-17,2023-11-27,215000.0,PDC,False,10.0,False
T006107,D0164,2023-08-08,2023-09-07,2023-09-07,257300.0,PDC,False,0.0,False
T006989,D0188,2023-12-21,2024-01-05,,87800.0,CASH,False,,False
T004140,D0110,2024-06-18,2024-07-03,2024-07-07,125000.0,BANK_TRANSFER,False,4.0,False
T005828,D0154,2024-12-11,2024-12-26,2024-12-29,124100.0,PDC,False,3.0,False
T003261,D0087,2025-11-27,2025-12-27,2025-12-28,134800.0,BANK_TRANSFER,False,1.0,False
T002158,D0054,2024-12-02,2025-01-01,2025-01-02,53400.0,BANK_TRANSFER,False,1.0,False
T007619,D0203,2024-01-17,2024-02-01,2024-02-06,21000.0,BANK_TRANSFER,False,5.0,False
T005949,D0159,2025-09-17,2025-10-02,2025-10-04,136000.0,PDC,False,2.0,False
T006232,D0169,2025-03-26,2025-04-10,2025-04-10,221900.0,PDC,False,0.0,True
T005431,D0144,2025-08-30,2025-09-29,,140000.0,PDC,False,,False
T004864,D0131,2024-08-30,2024-10-14,2024-10-14,140700.0,PDC,False,0.0,False
T003599,D0094,2023-02-28,2023-03-30,2023-04-02,255800.0,CASH,False,3.0,True
T001534,D0040,2024-02-27,2024-03-13,2024-03-17,86300.0,PDC,False,4.0,True
T004288,D0114,2025-08-02,2025-09-16,2025-09-26,290600.0,CASH,False,10.0,False
T002274,D0058,2025-08-19,2025-10-03,,224400.0,PDC,True,,False
T003344,D0088,2023-03-07,2023-04-21,2023-05-06,109900.0,CASH,False,15.0,True
T001943,D0049,2024-04-11,2024-04-26,2024-05-07,159400.0,PDC,False,11.0,False
T001733,D0044,2024-06-13,2024-07-13,2024-07-15,208200.0,PDC,False,2.0,False
T007412,D0198,2025-07-11,2025-08-10,2025-08-19,74200.0,PDC,False,9.0,False
T006393,D0172,2025-03-04,2025-04-18,2025-04-20,98900.0,PDC,False,2.0,False
T006621,D0178,2023-11-03,2023-11-18,2023-11-18,159200.0,CASH,False,0.0,False
T004224,D0112,2024-01-12,2024-02-26,2024-02-26,160500.0,PDC,False,0.0,False
T002166,D0054,2024-11-28,2025-01-12,2025-01-18,196600.0,CASH,False,6.0,False
T000820,D0021,2025-04-15,2025-05-15,2025-05-16,34800.0,CASH,False,1.0,False
T005237,D0139,2025-01-22,2025-03-08,2025-03-20,34500.0,CASH,False,12.0,True
T005725,D0151,2025-07-22,2025-08-06,2025-08-14,32100.0,PDC,False,8.0,False
T007189,D0192,2024-01-02,2024-02-01,2024-02-03,94400.0,PDC,False,2.0,False
T006279,D0169,2024-06-18,2024-07-18,2024-07-23,35200.0,CASH,False,5.0,False
T000031,D0002,2025-12-25,2026-01-24,2026-01-26,39400.0,PDC,False,2.0,False
T005581,D0148,2025-03-30,2025-05-14,2025-05-15,215600.0,PDC,False,1.0,False
T004014,D0107,2025-08-23,2025-09-22,2025-10-09,183200.0,PDC,False,17.0,False
T007943,D0213,2024-07-22,2024-08-21,2024-08-21,75300.0,CASH,False,0.0,False
T007161,D0191,2023-11-29,2023-12-29,2024-01-01,96600.0,PDC,False,3.0,False
T007967,D0213,2024-07-24,2024-08-08,2024-08-11,111400.0,PDC,False,3.0,False
T004739,D0127,2024-05-04,2024-05-19,2024-05-20,83200.0,PDC,False,1.0,False
T001227,D0033,2023-06-02,2023-06-17,2023-06-19,37500.0,BANK_TRANSFER,False,2.0,True
T003279,D0087,2025-01-20,2025-02-04,2025-02-06,254700.0,PDC,False,2.0,False
T003563,D0094,2025-07-19,2025-08-18,2025-08-20,94800.0,CASH,False,2.0,False
T003800,D0101,2025-03-25,2025-04-24,2025-04-26,109000.0,CASH,False,2.0,False
T007684,D0206,2025-11-16,2025-12-01,2025-12-02,208400.0,CASH,False,1.0,False
T005465,D0144,2024-11-08,2024-12-08,2024-12-11,242500.0,PDC,False,3.0,False
T000863,D0022,2024-05-02,2024-06-01,2024-06-02,75500.0,PDC,False,1.0,False
T007378,D0197,2024-06-23,2024-08-07,2024-08-09,195900.0,PDC,False,2.0,False
T008230,D0220,2023-11-30,2023-12-30,2023-12-30,254600.0,PDC,False,0.0,False
T000451,D0013,2025-11-09,2025-12-24,2025-12-26,104500.0,PDC,False,2.0,False
T007859,D0210,2023-08-04,2023-09-03,2023-09-05,185000.0,PDC,False,2.0,False
T004814,D0129,2024-11-26,2024-12-11,2024-12-12,207900.0,BANK_TRANSFER,False,1.0,False
T001120,D0030,2024-07-26,2024-09-09,2024-10-23,249800.0,CASH,False,44.0,False
T001914,D0048,2024-07-12,2024-08-11,2024-08-13,111600.0,PDC,False,2.0,False
T001787,D0045,2024-09-11,2024-09-26,2024-09-27,65800.0,PDC,False,1.0,False
T004421,D0118,2024-01-26,2024-02-10,2024-02-16,146300.0,CASH,False,6.0,False
T008172,D0218,2024-07-27,2024-08-26,2024-08-30,223600.0,PDC,False,4.0,False
T007993,D0213,2025-06-28,2025-07-28,2025-07-31,110300.0,BANK_TRANSFER,False,3.0,False
T007583,D0202,2023-01-08,2023-02-22,2023-02-25,52300.0,PDC,False,3.0,False
T001354,D0036,2023-09-28,2023-10-13,2023-10-14,31000.0,PDC,False,1.0,False
T006411,D0172,2024-02-07,2024-03-23,2024-03-25,225900.0,PDC,False,2.0,True
T007719,D0207,2025-06-24,2025-07-24,2025-08-16,228600.0,CASH,False,23.0,False
T000431,D0013,2024-05-08,2024-05-23,2024-05-26,115700.0,PDC,False,3.0,False
T003155,D0084,2025-12-17,2026-01-31,2026-01-31,221300.0,CASH,False,0.0,False
T007923,D0212,2025-05-06,2025-05-21,2025-06-24,29600.0,PDC,False,34.0,False
T005642,D0149,2023-05-15,2023-05-30,2023-05-30,293200.0,CASH,False,0.0,False
T007850,D0210,2024-04-13,2024-04-28,2024-04-28,84600.0,PDC,False,0.0,False
T005327,D0141,2025-10-05,2025-10-20,2025-10-25,196900.0,BANK_TRANSFER,False,5.0,False
T002063,D0052,2025-07-11,2025-08-25,2025-09-03,155800.0,PDC,False,9.0,False
T000410,D0012,2023-03-10,2023-03-25,2023-04-07,234900.0,PDC,False,13.0,True
T000137,D0005,2024-08-27,2024-09-11,2024-09-16,125100.0,BANK_TRANSFER,False,5.0,False
T003678,D0097,2025-06-13,2025-06-28,2025-06-28,31900.0,PDC,False,0.0,False
T002926,D0077,2024-02-23,2024-03-09,2024-03-21,276900.0,PDC,False,12.0,True
T004769,D0128,2024-04-09,2024-05-09,2024-05-11,29600.0,PDC,False,2.0,False
T003721,D0099,2024-10-31,2024-11-15,2024-11-29,288000.0,PDC,False,14.0,False
T007193,D0192,2024-11-06,2024-12-06,,81600.0,PDC,True,,False
T006661,D0179,2025-11-07,2025-12-22,2025-12-24,190700.0,PDC,False,2.0,False
T002901,D0077,2024-10-26,2024-12-10,2024-12-13,39200.0,CASH,False,3.0,False
T000533,D0015,2023-05-30,2023-06-14,2023-06-20,107600.0,PDC,False,6.0,False
T002281,D0058,2023-06-04,2023-07-19,2023-08-05,24100.0,PDC,False,17.0,False
T007732,D0207,2025-04-01,2025-05-01,,98000.0,PDC,True,,False
T005444,D0144,2024-12-30,2025-01-14,,128300.0,BANK_TRANSFER,False,,False
T003892,D0104,2023-10-10,2023-11-24,,288400.0,PDC,True,,False
T000340,D0010,2024-07-04,2024-07-19,2024-07-30,132500.0,PDC,False,11.0,False
T003598,D0094,2023-02-03,2023-03-05,2023-03-10,54100.0,PDC,False,5.0,False
T007576,D0202,2024-02-24,2024-04-09,2024-04-13,197500.0,PDC,False,4.0,True
T006099,D0164,2025-09-13,2025-09-28,2025-09-29,228100.0,PDC,False,1.0,False
T000035,D0002,2025-07-01,2025-07-31,2025-08-05,298400.0,PDC,False,5.0,False
T007764,D0208,2025-01-31,2025-02-15,2025-03-25,268500.0,PDC,False,38.0,True
T004359,D0117,2024-09-05,2024-10-05,2024-10-08,81600.0,BANK_TRANSFER,False,3.0,False
T001917,D0048,2024-05-10,2024-06-24,2024-06-25,104900.0,CASH,False,1.0,True
T004717,D0126,2023-01-22,2023-03-08,2023-03-08,37400.0,CASH,False,0.0,False
T007261,D0193,2024-12-22,2025-02-05,2025-03-18,87600.0,PDC,False,41.0,False
T004763,D0128,2023-11-10,2023-12-10,2023-12-10,225000.0,PDC,False,0.0,False
T004620,D0124,2025-11-28,2026-01-12,2026-01-14,176900.0,PDC,False,2.0,False
T002838,D0075,2025-09-06,2025-10-21,2025-10-21,212300.0,PDC,False,0.0,False
T003769,D0100,2025-10-21,2025-11-20,2025-12-01,130900.0,PDC,False,11.0,False
T000498,D0014,2024-01-30,2024-02-14,2024-02-14,35300.0,PDC,False,0.0,False
T001860,D0047,2023-10-12,2023-10-27,2023-10-27,172200.0,PDC,False,0.0,False
T002479,D0064,2025-09-27,2025-11-11,2025-11-19,196500.0,BANK_TRANSFER,False,8.0,False
T006021,D0161,2024-12-22,2025-02-05,2025-02-09,62900.0,PDC,False,4.0,False
T005375,D0143,2025-10-31,2025-11-30,2025-11-30,299800.0,PDC,False,0.0,False
T003080,D0082,2025-07-18,2025-08-02,2025-08-03,272000.0,PDC,False,1.0,False
T000998,D0027,2025-12-19,2026-02-02,2026-02-07,208200.0,PDC,False,5.0,False
T003684,D0097,2023-10-15,2023-11-29,2023-11-29,225200.0,BANK_TRANSFER,False,0.0,False
T001663,D0043,2023-02-14,2023-03-01,2023-03-16,58100.0,PDC,False,15.0,False
T003717,D0098,2025-07-25,2025-08-09,,102800.0,PDC,True,,False
T006915,D0185,2024-06-13,2024-07-13,2024-07-13,184800.0,PDC,False,0.0,False
T000235,D0007,2023-08-16,2023-09-15,2023-10-18,108200.0,CASH,False,33.0,False
T003524,D0093,2024-09-21,2024-11-05,2024-11-06,121700.0,CASH,False,1.0,False
T002082,D0052,2024-08-01,2024-08-31,2024-09-29,297000.0,BANK_TRANSFER,False,29.0,False
T005857,D0155,2025-11-27,2025-12-12,2025-12-22,91000.0,BANK_TRANSFER,False,10.0,False
T001118,D0030,2024-07-22,2024-09-05,,288700.0,PDC,True,,False
T004047,D0108,2024-01-03,2024-01-18,2024-01-21,132200.0,PDC,False,3.0,False
T000199,D0006,2023-10-31,2023-11-15,2023-11-19,92400.0,PDC,False,4.0,False
T006699,D0180,2023-06-16,2023-07-01,2023-07-01,138700.0,BANK_TRANSFER,False,0.0,True
T006132,D0165,2024-06-14,2024-07-29,2024-08-15,138200.0,PDC,False,17.0,False
T005380,D0143,2025-07-23,2025-08-07,2025-08-07,103200.0,PDC,False,0.0,False
T003669,D0096,2025-08-27,2025-09-26,2025-09-28,21600.0,PDC,False,2.0,False
T000548,D0016,2023-09-06,2023-09-21,2023-10-01,291800.0,CASH,False,10.0,False
T005850,D0155,2024-10-14,2024-11-13,2024-11-24,73000.0,PDC,False,11.0,False
T004038,D0108,2024-07-09,2024-08-23,2024-08-26,185900.0,PDC,False,3.0,False
T005493,D0145,2023-10-23,2023-11-07,2023-11-12,125700.0,CASH,False,5.0,False
T005747,D0152,2023-12-06,2024-01-05,2024-01-06,190500.0,CASH,False,1.0,False
T006363,D0171,2025-12-07,2026-01-21,2026-01-23,211000.0,PDC,False,2.0,False
T000565,D0016,2025-09-13,2025-09-28,2025-10-02,216300.0,CASH,False,4.0,False
T006362,D0171,2024-11-15,2024-11-30,2024-12-04,31400.0,PDC,False,4.0,False
T003162,D0084,2023-08-30,2023-09-29,2023-09-30,239100.0,PDC,False,1.0,False
T002797,D0072,2023-10-16,2023-10-31,2023-11-02,248400.0,PDC,False,2.0,False
T000238,D0007,2023-04-23,2023-05-08,,40300.0,PDC,True,,False
T001051,D0029,2024-09-17,2024-11-01,2024-11-01,186300.0,BANK_TRANSFER,False,0.0,False
T008206,D0219,2025-08-25,2025-10-09,2025-10-09,121100.0,PDC,False,0.0,False
T003396,D0090,2024-08-18,2024-09-02,2024-09-04,279300.0,PDC,False,2.0,False
T007184,D0192,2023-12-17,2024-01-01,,166500.0,CASH,False,,False
T003848,D0103,2024-02-23,2024-03-24,2024-04-21,142300.0,PDC,False,28.0,True
T000299,D0009,2025-04-21,2025-05-21,2025-05-21,135500.0,CASH,False,0.0,False
T003558,D0094,2023-02-03,2023-02-18,2023-02-18,272200.0,PDC,False,0.0,False
T001117,D0030,2024-04-19,2024-05-19,2024-07-05,106000.0,PDC,False,47.0,False
T001804,D0046,2024-10-19,2024-11-03,2024-11-13,263000.0,PDC,False,10.0,False
T006558,D0176,2024-10-26,2024-11-10,2024-11-25,115800.0,PDC,False,15.0,False
T001439,D0038,2025-02-16,2025-04-02,2025-06-10,49900.0,PDC,False,69.0,True
T002979,D0079,2024-01-10,2024-01-25,2024-01-27,200700.0,PDC,False,2.0,False
T004337,D0116,2024-06-03,2024-07-03,2024-07-04,81600.0,PDC,False,1.0,False
T006928,D0186,2025-05-12,2025-05-27,2025-05-29,97700.0,PDC,False,2.0,True
T006555,D0176,2025-03-24,2025-04-08,2025-05-02,155000.0,PDC,False,24.0,True
T000456,D0013,2024-04-11,2024-05-26,2024-05-29,58400.0,PDC,False,3.0,False
T006877,D0184,2023-08-25,2023-10-09,2023-11-04,33600.0,CASH,False,26.0,False
T004759,D0128,2024-08-01,2024-09-15,2024-09-18,151100.0,CASH,False,3.0,False
T005234,D0139,2023-04-27,2023-05-27,2023-06-13,143300.0,PDC,False,17.0,False
T000106,D0004,2024-08-28,2024-10-12,2024-10-16,126900.0,BANK_TRANSFER,False,4.0,False
T001894,D0047,2023-01-30,2023-03-16,2023-03-16,251200.0,PDC,False,0.0,True
T003379,D0089,2024-10-14,2024-11-28,2024-11-29,152700.0,PDC,False,1.0,False
T006460,D0174,2024-10-10,2024-10-25,2024-10-26,142400.0,CASH,False,1.0,False
T000823,D0022,2023-06-11,2023-07-26,2023-07-28,41400.0,BANK_TRANSFER,False,2.0,False
T001006,D0028,2024-06-12,2024-07-12,2024-08-07,144700.0,BANK_TRANSFER,False,26.0,False
T004293,D0115,2024-06-16,2024-07-31,2024-08-03,253600.0,PDC,False,3.0,False
T007496,D0200,2024-01-19,2024-02-03,2024-02-05,30700.0,CASH,False,2.0,False
T002654,D0069,2025-02-17,2025-03-19,2025-05-07,275500.0,CASH,False,49.0,True
T004699,D0126,2025-11-07,2025-12-22,2025-12-23,73400.0,CASH,False,1.0,False
T007330,D0196,2023-02-12,2023-03-29,2023-04-01,280400.0,PDC,False,3.0,True
T005368,D0143,2025-10-11,2025-11-10,2025-11-11,285200.0,BANK_TRANSFER,False,1.0,False
T008156,D0218,2023-10-07,2023-11-06,2023-11-09,70800.0,PDC,False,3.0,False
T005134,D0137,2025-04-04,2025-05-19,2025-06-25,265700.0,PDC,False,37.0,False
T000627,D0017,2024-05-07,2024-06-21,2024-06-25,169100.0,CASH,False,4.0,True
T001365,D0036,2023-07-20,2023-08-19,2023-08-21,63300.0,PDC,False,2.0,False
T003830,D0103,2025-06-19,2025-07-19,2025-09-02,209800.0,PDC,False,45.0,False
T000024,D0001,2025-12-10,2026-01-24,2026-01-24,159100.0,PDC,False,0.0,False
T007477,D0199,2025-04-08,2025-05-23,2025-06-07,110100.0,PDC,False,15.0,False
T007886,D0211,2025-06-08,2025-06-23,2025-06-23,70600.0,PDC,False,0.0,False
T006785,D0182,2023-06-10,2023-06-25,2023-06-26,230900.0,PDC,False,1.0,True
T004527,D0121,2025-03-31,2025-04-30,2025-04-30,196000.0,PDC,False,0.0,False
T000721,D0019,2025-03-07,2025-03-22,2025-03-24,258700.0,PDC,False,2.0,True
T002844,D0075,2023-10-20,2023-11-19,2023-11-21,39800.0,PDC,False,2.0,False
T003947,D0105,2024-05-18,2024-06-02,2024-06-06,266800.0,PDC,False,4.0,False
T002878,D0076,2025-12-06,2026-01-20,2026-01-20,99700.0,CASH,False,0.0,False
T004168,D0111,2025-02-05,2025-02-20,2025-02-24,72300.0,PDC,False,4.0,True
T003910,D0105,2024-01-11,2024-02-25,2024-02-26,299500.0,CASH,False,1.0,False
T001211,D0032,2023-04-26,2023-05-11,2023-05-14,87300.0,PDC,False,3.0,False
T000179,D0006,2024-05-13,2024-05-28,2024-05-30,273800.0,CASH,False,2.0,False
T007711,D0207,2023-02-25,2023-03-27,2023-03-27,290800.0,PDC,False,0.0,True
T000620,D0017,2024-04-15,2024-04-30,2024-04-30,36200.0,BANK_TRANSFER,False,0.0,False
T005603,D0148,2025-02-04,2025-02-19,2025-02-21,118700.0,CASH,False,2.0,True
T002624,D0068,2024-10-12,2024-10-27,2024-10-30,44200.0,BANK_TRANSFER,False,3.0,False
T007885,D0211,2025-06-13,2025-07-13,2025-07-15,82800.0,PDC,False,2.0,False
T006530,D0175,2025-09-09,2025-10-24,2025-10-24,272200.0,PDC,False,0.0,False
T006453,D0174,2024-12-06,2025-01-20,2025-01-20,20900.0,PDC,False,0.0,False
T004190,D0111,2023-06-19,2023-07-19,2023-07-19,142200.0,CASH,False,0.0,False
T007489,D0200,2025-12-19,2026-01-03,2026-01-03,235000.0,PDC,False,0.0,False
T004239,D0113,2024-09-21,2024-10-06,2024-11-04,175000.0,CASH,False,29.0,False
T006768,D0182,2025-09-08,2025-09-23,2025-09-24,120000.0,BANK_TRANSFER,False,1.0,False
T007148,D0191,2023-09-18,2023-10-18,2023-10-18,253200.0,CASH,False,0.0,False
T004628,D0125,2024-10-04,2024-10-19,2024-11-13,213100.0,CASH,False,25.0,False
T006533,D0175,2025-12-29,2026-02-12,2026-02-13,78900.0,CASH,False,1.0,False
T001933,D0049,2025-02-01,2025-03-03,2025-03-11,68400.0,PDC,False,8.0,True
T008111,D0216,2023-02-20,2023-03-22,2023-03-27,242700.0,PDC,False,5.0,True
T006838,D0183,2023-01-13,2023-02-12,2023-02-17,154100.0,CASH,False,5.0,False
T007937,D0212,2024-02-07,2024-03-08,,241500.0,PDC,True,,True
T005755,D0152,2025-10-21,2025-11-20,2025-11-21,26500.0,PDC,False,1.0,False
T007908,D0212,2025-03-27,2025-04-11,2025-05-02,293000.0,PDC,False,21.0,True
T000041,D0002,2025-08-13,2025-09-12,2025-09-12,279600.0,BANK_TRANSFER,False,0.0,False
T008041,D0215,2024-05-17,2024-06-01,2024-06-17,31900.0,CASH,False,16.0,False
T003133,D0084,2024-06-14,2024-06-29,2024-07-04,223900.0,CASH,False,5.0,True
T005539,D0146,2024-04-28,2024-05-13,2024-05-15,82400.0,PDC,False,2.0,False
T006640,D0178,2025-12-02,2025-12-17,2025-12-17,242000.0,PDC,False,0.0,False
T007974,D0213,2025-12-06,2026-01-05,,249000.0,PDC,False,,False
T005981,D0160,2025-09-07,2025-10-22,2025-10-24,51800.0,CASH,False,2.0,False
T006936,D0186,2024-03-13,2024-03-28,2024-04-01,60600.0,CASH,False,4.0,True
T000528,D0015,2023-04-24,2023-05-24,2023-06-11,106500.0,PDC,False,18.0,False
T003490,D0092,2023-11-10,2023-11-25,2023-11-28,207100.0,CASH,False,3.0,False
T003296,D0088,2025-02-26,2025-04-12,2025-05-05,217500.0,BANK_TRANSFER,False,23.0,True
T002319,D0059,2025-09-25,2025-11-09,2025-11-10,270600.0,PDC,False,1.0,False
T002692,D0070,2023-04-17,2023-05-17,,33300.0,PDC,True,,False
T004449,D0119,2024-03-05,2024-03-20,2024-05-04,41700.0,BANK_TRANSFER,False,45.0,True
T004586,D0123,2025-02-03,2025-03-05,2025-03-07,279000.0,CASH,False,2.0,True
T004621,D0124,2025-03-03,2025-04-17,2025-04-18,296200.0,PDC,False,1.0,False
T003972,D0106,2025-04-01,2025-04-16,2025-04-17,137500.0,PDC,False,1.0,False
T005262,D0140,2024-08-11,2024-08-26,2024-08-26,102400.0,PDC,False,0.0,False
T000911,D0024,2025-09-19,2025-10-19,2025-10-19,46100.0,BANK_TRANSFER,False,0.0,False
T002542,D0066,2023-09-11,2023-10-26,2023-11-11,22400.0,PDC,False,16.0,False
T002006,D0050,2024-01-21,2024-03-06,2024-03-06,277100.0,BANK_TRANSFER,False,0.0,True
T004600,D0124,2023-12-12,2024-01-11,2024-01-12,158000.0,PDC,False,1.0,False
T000559,D0016,2025-05-13,2025-06-12,2025-07-03,290200.0,PDC,False,21.0,True
T000125,D0004,2024-10-22,2024-11-06,2024-11-07,282500.0,PDC,False,1.0,False
T001471,D0038,2024-08-19,2024-10-03,,73900.0,PDC,True,,False
T007979,D0213,2025-04-28,2025-05-28,2025-05-29,269200.0,PDC,False,1.0,True
T005210,D0139,2024-06-06,2024-07-06,2024-07-07,34100.0,PDC,False,1.0,False
T006231,D0168,2024-04-11,2024-05-11,2024-05-11,282400.0,PDC,False,0.0,False
T001775,D0045,2025-04-27,2025-06-11,2025-06-12,188200.0,PDC,False,1.0,True
T001213,D0032,2023-10-27,2023-11-11,2023-11-15,187800.0,CASH,False,4.0,False
T001184,D0032,2025-03-15,2025-03-30,2025-03-31,72100.0,PDC,False,1.0,True
T000225,D0007,2025-03-31,2025-04-15,2025-05-28,232700.0,PDC,False,43.0,True
T005220,D0139,2023-10-18,2023-11-17,2023-11-22,234100.0,PDC,False,5.0,False
T001952,D0049,2025-07-13,2025-07-28,2025-08-07,168800.0,PDC,False,10.0,False
T005071,D0136,2025-02-24,2025-04-10,2025-04-14,206300.0,CASH,False,4.0,True
T000429,D0013,2024-09-23,2024-10-23,2024-10-23,41400.0,PDC,False,0.0,False
T001372,D0036,2025-04-17,2025-05-17,2025-05-19,92100.0,PDC,False,2.0,False
T008191,D0219,2025-08-23,2025-09-07,2025-09-08,225300.0,PDC,False,1.0,False
T003252,D0087,2025-01-04,2025-02-03,2025-02-03,183300.0,PDC,False,0.0,False
T000828,D0022,2023-04-23,2023-05-23,2023-05-23,233300.0,CASH,False,0.0,False
T003310,D0088,2025-07-03,2025-08-17,2025-08-26,182000.0,CASH,False,9.0,False
T003745,D0100,2023-05-30,2023-06-29,2023-07-18,146800.0,CASH,False,19.0,True
T002526,D0065,2025-05-19,2025-06-18,2025-06-18,45500.0,BANK_TRANSFER,False,0.0,True
T001672,D0043,2025-03-15,2025-04-29,2025-05-04,52600.0,PDC,False,5.0,False
T002859,D0075,2023-08-04,2023-09-18,2023-09-18,264000.0,CASH,False,0.0,False
T001278,D0034,2025-11-07,2025-12-22,2026-02-05,30200.0,BANK_TRANSFER,False,45.0,False
T000746,D0020,2025-08-01,2025-09-15,2025-09-25,269200.0,CASH,False,10.0,False
T006341,D0170,2024-10-19,2024-12-03,2024-12-05,144600.0,PDC,False,2.0,False
T000142,D0005,2024-05-28,2024-07-12,2024-07-12,54900.0,CASH,False,0.0,False
T006191,D0167,2025-05-29,2025-06-13,2025-06-30,79300.0,CASH,False,17.0,True
T005500,D0145,2024-07-14,2024-08-13,,279900.0,PDC,False,,False
T002249,D0057,2024-05-31,2024-06-30,2024-09-04,110800.0,PDC,False,66.0,True
T000455,D0013,2023-02-24,2023-04-10,2023-04-13,261900.0,PDC,False,3.0,True
T006519,D0175,2024-03-08,2024-04-22,2024-04-25,96100.0,CASH,False,3.0,True
T000507,D0014,2024-04-27,2024-05-27,2024-05-27,172500.0,CASH,False,0.0,False
T003652,D0096,2024-12-04,2025-01-18,2025-01-18,279600.0,PDC,False,0.0,False
T000441,D0013,2023-09-01,2023-09-16,2023-09-16,177200.0,BANK_TRANSFER,False,0.0,False
T003251,D0087,2025-10-18,2025-11-17,2025-11-17,181200.0,CASH,False,0.0,False
T001828,D0046,2023-12-16,2024-01-15,2024-01-15,165600.0,CASH,False,0.0,False
T000111,D0004,2024-07-06,2024-08-05,2024-08-10,188500.0,CASH,False,5.0,False
T005106,D0136,2024-02-07,2024-03-08,2024-03-10,129800.0,CASH,False,2.0,True
T002997,D0080,2023-10-12,2023-10-27,2023-12-19,241200.0,CASH,False,53.0,False
T004966,D0133,2023-04-26,2023-06-10,2023-06-10,120500.0,CASH,False,0.0,False
T005909,D0157,2023-09-30,2023-11-14,2023-11-15,105500.0,PDC,False,1.0,False
T007180,D0192,2024-08-22,2024-10-06,2024-10-07,299300.0,PDC,False,1.0,False
T000985,D0027,2025-06-04,2025-07-04,2025-07-11,225600.0,PDC,False,7.0,False
T006841,D0183,2023-11-01,2023-11-16,2023-11-25,262300.0,BANK_TRANSFER,False,9.0,False
T001746,D0044,2025-06-04,2025-06-19,2025-06-23,167200.0,PDC,False,4.0,True
T001583,D0041,2024-01-31,2024-03-16,2024-03-17,211700.0,CASH,False,1.0,True
T002448,D0062,2024-06-02,2024-07-02,2024-07-07,273000.0,PDC,False,5.0,False
T006349,D0171,2024-04-02,2024-04-17,2024-04-26,93500.0,PDC,False,9.0,True
T006376,D0171,2025-12-02,2026-01-16,,245100.0,CASH,False,,False
T003099,D0083,2025-06-30,2025-07-15,2025-08-16,46400.0,PDC,False,32.0,False
T000377,D0011,2024-07-24,2024-08-08,2024-08-15,94500.0,BANK_TRANSFER,False,7.0,False
T008025,D0215,2024-02-22,2024-03-08,2024-04-18,191900.0,PDC,False,41.0,True
T000206,D0006,2025-07-17,2025-08-16,2025-08-20,237200.0,PDC,False,4.0,False
T002195,D0055,2024-01-14,2024-02-28,,181500.0,PDC,True,,True
T006865,D0184,2025-07-18,2025-09-01,,248000.0,PDC,True,,False
T005163,D0138,2023-09-12,2023-10-12,2023-10-12,89300.0,CASH,False,0.0,False
T006387,D0172,2025-11-11,2025-12-26,2025-12-29,121200.0,PDC,False,3.0,False
T002179,D0054,2025-12-17,2026-01-16,2026-01-16,166100.0,PDC,False,0.0,False
T003702,D0098,2025-11-30,2025-12-15,2025-12-21,207800.0,PDC,False,6.0,False
T003529,D0093,2024-12-06,2025-01-05,2025-01-08,278200.0,CASH,False,3.0,False
T000419,D0012,2024-10-25,2024-12-09,2024-12-09,51200.0,BANK_TRANSFER,False,0.0,False
T000284,D0009,2023-10-17,2023-11-16,2023-11-17,97800.0,PDC,False,1.0,False
T003551,D0094,2024-07-16,2024-08-15,2024-08-16,94600.0,PDC,False,1.0,False
T004075,D0109,2025-07-13,2025-07-28,2025-08-09,139400.0,BANK_TRANSFER,False,12.0,False
T000872,D0022,2024-04-29,2024-05-29,2024-05-29,98400.0,PDC,False,0.0,False
T002146,D0054,2024-01-12,2024-01-27,2024-01-27,179500.0,PDC,False,0.0,False
T005616,D0149,2023-03-24,2023-05-08,,144400.0,PDC,False,,False
T000355,D0010,2024-08-28,2024-09-27,2024-10-04,234100.0,BANK_TRANSFER,False,7.0,False
T006026,D0161,2025-12-01,2025-12-16,2025-12-16,167300.0,PDC,False,0.0,False
T007451,D0199,2024-06-03,2024-07-03,2024-07-10,267100.0,BANK_TRANSFER,False,7.0,False
T007990,D0213,2024-04-28,2024-05-28,2024-05-30,23300.0,PDC,False,2.0,False
T007796,D0209,2025-05-29,2025-06-13,2025-06-15,126400.0,PDC,False,2.0,True
T001141,D0031,2024-12-02,2024-12-17,2024-12-31,163600.0,PDC,False,14.0,False
T008198,D0219,2025-11-25,2025-12-10,2025-12-10,37300.0,CASH,False,0.0,False
T004187,D0111,2023-03-13,2023-04-12,2023-04-12,141200.0,BANK_TRANSFER,False,0.0,True
T004555,D0123,2024-06-29,2024-07-14,2024-07-16,139800.0,CASH,False,2.0,False
T002024,D0051,2024-03-27,2024-04-11,2024-05-01,262100.0,PDC,False,20.0,True
T007057,D0189,2023-08-28,2023-09-12,,52100.0,PDC,False,,False
T001639,D0042,2025-01-31,2025-03-17,2025-03-17,41500.0,PDC,False,0.0,True
T000779,D0020,2024-05-11,2024-05-26,2024-05-27,259800.0,CASH,False,1.0,False
T004522,D0121,2025-01-12,2025-02-26,2025-03-09,180500.0,PDC,False,11.0,True
T007263,D0193,2025-08-30,2025-09-14,2025-09-14,147300.0,PDC,False,0.0,False
T000376,D0011,2025-01-21,2025-02-20,2025-03-01,261800.0,PDC,False,9.0,True
T002423,D0061,2023-05-25,2023-07-09,2023-07-10,26200.0,BANK_TRANSFER,False,1.0,True
T004742,D0127,2025-01-20,2025-02-04,2025-02-08,193100.0,PDC,False,4.0,False
T006687,D0180,2023-04-28,2023-05-28,2023-05-30,94300.0,CASH,False,2.0,False
T005548,D0147,2025-08-25,2025-09-09,2025-09-09,61200.0,PDC,False,0.0,False
T004865,D0131,2024-08-07,2024-08-22,2024-08-22,210800.0,PDC,False,0.0,False
T004414,D0118,2025-06-14,2025-06-29,2025-07-02,219200.0,BANK_TRANSFER,False,3.0,False
T003347,D0089,2025-08-11,2025-09-25,2025-09-26,216100.0,CASH,False,1.0,False
T001169,D0031,2025-10-15,2025-11-29,2025-12-01,66000.0,CASH,False,2.0,False
T006112,D0165,2025-01-15,2025-02-14,2025-02-27,205600.0,PDC,False,13.0,False
T001903,D0047,2024-03-07,2024-04-21,2024-04-23,86000.0,CASH,False,2.0,True
T000631,D0017,2025-10-22,2025-12-06,2025-12-09,129700.0,BANK_TRANSFER,False,3.0,False
T007099,D0190,2024-08-18,2024-10-02,,82800.0,BANK_TRANSFER,False,,False
T004330,D0116,2024-10-25,2024-11-24,2024-11-24,158000.0,PDC,False,0.0,False
T003209,D0086,2025-01-14,2025-02-13,2025-03-31,297200.0,BANK_TRANSFER,False,46.0,False
T002595,D0067,2024-01-08,2024-01-23,2024-01-23,187800.0,CASH,False,0.0,False
T000177,D0006,2025-07-20,2025-08-04,2025-08-04,38300.0,CASH,False,0.0,False
T006352,D0171,2024-06-13,2024-07-28,2024-07-30,253700.0,PDC,False,2.0,False
T003898,D0105,2024-06-23,2024-08-07,2024-08-09,79900.0,CASH,False,2.0,False
T008157,D0218,2024-08-10,2024-09-09,2024-09-09,41300.0,PDC,False,0.0,False
T008089,D0216,2023-10-28,2023-12-12,2023-12-12,34900.0,PDC,False,0.0,False
T006156,D0166,2025-08-15,2025-08-30,2025-09-15,207500.0,BANK_TRANSFER,False,16.0,False
T003934,D0105,2023-09-16,2023-10-16,,133100.0,PDC,True,,False
T001551,D0040,2025-02-10,2025-03-12,2025-03-14,97600.0,PDC,False,2.0,True
T007145,D0191,2025-01-28,2025-03-14,2025-03-16,80900.0,PDC,False,2.0,True
T007044,D0189,2024-10-03,2024-10-18,2024-10-20,50700.0,CASH,False,2.0,False
T000126,D0004,2025-05-17,2025-07-01,2025-07-02,223300.0,CASH,False,1.0,False
T003782,D0101,2024-04-06,2024-05-21,2024-05-24,175100.0,PDC,False,3.0,False
T003367,D0089,2025-05-03,2025-06-02,2025-06-04,98600.0,BANK_TRANSFER,False,2.0,True
T001600,D0041,2024-03-30,2024-04-14,2024-04-16,288900.0,BANK_TRANSFER,False,2.0,True
T001503,D0039,2025-03-09,2025-04-08,,178100.0,PDC,True,,True
T006492,D0175,2024-08-01,2024-08-16,2024-08-21,210500.0,BANK_TRANSFER,False,5.0,False
T002015,D0051,2024-11-15,2024-12-30,2025-01-13,167600.0,CASH,False,14.0,False
T003206,D0085,2024-04-18,2024-05-03,2024-05-03,111700.0,PDC,False,0.0,False
T004796,D0129,2024-10-03,2024-11-02,2024-11-04,247200.0,PDC,False,2.0,False
T005254,D0140,2024-01-19,2024-02-18,2024-02-22,211000.0,CASH,False,4.0,False
T002440,D0062,2025-12-10,2025-12-25,2025-12-27,298100.0,PDC,False,2.0,False
T006879,D0184,2025-01-04,2025-01-19,,220800.0,PDC,True,,False
T005912,D0157,2023-07-31,2023-08-30,2023-09-03,227600.0,PDC,False,4.0,False
T001417,D0037,2025-11-23,2026-01-07,2026-01-25,198000.0,PDC,False,18.0,False
T005073,D0136,2024-12-19,2025-02-02,2025-02-05,267500.0,PDC,False,3.0,False
T001416,D0037,2024-10-08,2024-11-07,2024-11-26,200500.0,BANK_TRANSFER,False,19.0,False
T004332,D0116,2025-09-25,2025-10-10,2025-10-12,159800.0,CASH,False,2.0,False
T004397,D0118,2025-06-16,2025-07-16,2025-07-16,176600.0,PDC,False,0.0,False
T002741,D0071,2024-11-04,2024-11-19,2024-12-09,130000.0,PDC,False,20.0,False
T005408,D0143,2023-05-16,2023-06-15,2023-06-18,232700.0,BANK_TRANSFER,False,3.0,True
T007171,D0191,2025-07-25,2025-08-24,2025-08-25,131600.0,CASH,False,1.0,False
T004531,D0121,2024-09-30,2024-10-15,2024-10-29,217300.0,BANK_TRANSFER,False,14.0,False
T008092,D0216,2023-07-10,2023-08-24,2023-08-24,108900.0,PDC,False,0.0,False
T005568,D0147,2024-10-21,2024-12-05,2024-12-12,151100.0,PDC,False,7.0,False
T006041,D0162,2025-03-24,2025-05-08,2025-05-12,163100.0,CASH,False,4.0,False
T006093,D0164,2024-07-18,2024-08-02,2024-08-04,222100.0,PDC,False,2.0,False
T006298,D0170,2025-09-28,2025-10-28,2025-11-14,235000.0,CASH,False,17.0,False
T000936,D0026,2023-08-30,2023-10-14,2023-10-15,247800.0,BANK_TRANSFER,False,1.0,False
T005063,D0135,2023-09-01,2023-10-01,2023-10-03,232500.0,BANK_TRANSFER,False,2.0,False
T007458,D0199,2023-10-24,2023-11-08,2023-11-14,50100.0,CASH,False,6.0,False
T002746,D0071,2024-11-09,2024-12-24,2025-01-09,154800.0,PDC,False,16.0,False
T006512,D0175,2023-12-27,2024-01-26,2024-01-28,219000.0,PDC,False,2.0,False
T001934,D0049,2024-05-21,2024-06-20,2024-06-25,275000.0,CASH,False,5.0,True
T006351,D0171,2024-07-13,2024-08-12,2024-08-14,236400.0,CASH,False,2.0,False
T000929,D0025,2024-02-17,2024-03-03,2024-04-07,167100.0,PDC,False,35.0,True
T005395,D0143,2024-08-11,2024-08-26,2024-09-03,198700.0,BANK_TRANSFER,False,8.0,False
T003863,D0103,2025-11-16,2025-12-16,2025-12-31,24800.0,PDC,False,15.0,False
T004378,D0118,2024-09-13,2024-10-13,2024-10-13,87300.0,PDC,False,0.0,False
T007264,D0194,2023-10-02,2023-11-16,2023-11-17,153600.0,PDC,False,1.0,False
T003002,D0080,2024-10-21,2024-11-05,2024-12-13,293900.0,CASH,False,38.0,False
T005374,D0143,2024-11-11,2024-12-26,2024-12-26,107000.0,CASH,False,0.0,False
T001579,D0041,2023-03-25,2023-05-09,2023-05-12,220900.0,PDC,False,3.0,False
T004436,D0119,2023-03-22,2023-04-06,2023-05-03,201000.0,PDC,False,27.0,True
T002510,D0065,2024-07-17,2024-08-01,2024-08-04,212600.0,CASH,False,3.0,False
T000898,D0023,2025-08-02,2025-08-17,2025-08-21,208000.0,PDC,False,4.0,False
T005492,D0145,2023-08-08,2023-09-07,,173500.0,PDC,True,,False
T003957,D0106,2025-09-27,2025-10-12,2025-10-16,169500.0,CASH,False,4.0,False
T004492,D0121,2024-01-14,2024-02-28,2024-03-07,156100.0,CASH,False,8.0,True
T004275,D0114,2023-03-01,2023-04-15,2023-04-23,180200.0,PDC,False,8.0,True
T006544,D0176,2025-06-10,2025-06-25,2025-07-20,143800.0,CASH,False,25.0,False
T004984,D0134,2024-02-05,2024-03-06,2024-03-12,269000.0,BANK_TRANSFER,False,6.0,True
T003019,D0080,2024-03-27,2024-05-11,2024-06-25,289800.0,PDC,False,45.0,False
T000803,D0021,2025-12-06,2025-12-21,2025-12-21,96100.0,PDC,False,0.0,False
T001919,D0048,2024-01-04,2024-02-03,2024-02-05,160900.0,PDC,False,2.0,False
T006577,D0177,2024-08-18,2024-10-02,2024-10-27,52400.0,BANK_TRANSFER,False,25.0,False
T000207,D0006,2023-07-14,2023-08-13,2023-08-16,77100.0,PDC,False,3.0,False
T003100,D0083,2024-10-02,2024-11-16,2024-12-22,40400.0,BANK_TRANSFER,False,36.0,False
T004548,D0122,2023-03-25,2023-04-24,2023-05-08,198200.0,CASH,False,14.0,True
T002988,D0079,2023-01-15,2023-02-14,2023-02-15,210000.0,CASH,False,1.0,False
T000070,D0003,2024-05-08,2024-05-23,2024-06-01,193500.0,PDC,False,9.0,False
T002386,D0061,2025-01-29,2025-02-13,2025-02-13,127800.0,BANK_TRANSFER,False,0.0,False
T005344,D0142,2025-08-26,2025-09-25,2025-09-25,222800.0,PDC,False,0.0,False
T000993,D0027,2024-09-24,2024-11-08,2024-11-19,42500.0,PDC,False,11.0,False
T003320,D0088,2025-12-26,2026-02-09,2026-02-17,32500.0,CASH,False,8.0,False
T003374,D0089,2025-05-29,2025-06-28,2025-07-02,191400.0,PDC,False,4.0,False
T003665,D0096,2025-10-25,2025-12-09,2025-12-10,194600.0,BANK_TRANSFER,False,1.0,False
T002167,D0054,2024-10-13,2024-11-27,2024-11-29,145900.0,CASH,False,2.0,False
T004031,D0108,2023-01-28,2023-02-12,2023-02-15,241600.0,PDC,False,3.0,False
T000859,D0022,2024-12-10,2025-01-24,2025-01-28,57100.0,CASH,False,4.0,False
T000466,D0013,2025-02-10,2025-03-12,2025-03-14,288800.0,BANK_TRANSFER,False,2.0,True
T000297,D0009,2023-11-29,2023-12-14,2023-12-14,173900.0,CASH,False,0.0,False
T005957,D0160,2025-03-15,2025-04-14,2025-04-17,168900.0,PDC,False,3.0,True
T001359,D0036,2023-07-10,2023-08-09,2023-08-09,279500.0,CASH,False,0.0,False
T005780,D0153,2023-10-26,2023-11-10,2023-11-15,59200.0,CASH,False,5.0,False
T004837,D0131,2024-12-01,2024-12-16,2024-12-18,70500.0,BANK_TRANSFER,False,2.0,False
T004676,D0126,2024-11-21,2024-12-21,2024-12-21,164500.0,BANK_TRANSFER,False,0.0,False
T006146,D0166,2024-02-15,2024-03-31,2024-04-07,96000.0,PDC,False,7.0,True
T005837,D0154,2024-03-05,2024-04-04,2024-04-04,243100.0,PDC,False,0.0,True
T002544,D0066,2025-01-12,2025-02-26,2025-03-01,20400.0,CASH,False,3.0,True
T004956,D0133,2023-09-28,2023-10-28,2023-10-30,106100.0,PDC,False,2.0,False
T002091,D0053,2025-11-10,2025-12-25,2026-01-10,237700.0,PDC,False,16.0,False
T005399,D0143,2024-11-04,2024-12-19,2024-12-19,81100.0,PDC,False,0.0,False
T001256,D0033,2023-08-01,2023-08-16,2023-08-19,250100.0,PDC,False,3.0,False
T002155,D0054,2025-12-20,2026-01-04,2026-01-08,176900.0,PDC,False,4.0,False
T001288,D0034,2025-12-21,2026-01-20,2026-01-20,232200.0,BANK_TRANSFER,False,0.0,False
T002873,D0076,2025-03-11,2025-03-26,2025-03-27,37300.0,PDC,False,1.0,True
T006092,D0163,2024-04-13,2024-05-13,2024-05-18,259600.0,PDC,False,5.0,False
T002184,D0055,2023-10-19,2023-12-03,2023-12-09,240200.0,PDC,False,6.0,False
T003026,D0081,2025-06-13,2025-06-28,2025-06-28,189400.0,PDC,False,0.0,False
T007807,D0209,2023-02-14,2023-03-01,2023-03-04,140700.0,PDC,False,3.0,False
T005694,D0150,2024-05-06,2024-06-05,2024-06-06,291300.0,CASH,False,1.0,True
T008080,D0216,2023-11-17,2023-12-17,2023-12-20,155400.0,PDC,False,3.0,False
T004036,D0108,2025-05-06,2025-06-05,2025-06-08,86400.0,PDC,False,3.0,True
T005499,D0145,2024-05-12,2024-06-11,2024-06-18,281200.0,PDC,False,7.0,True
T005772,D0153,2025-06-08,2025-07-08,2025-07-10,250800.0,PDC,False,2.0,False
T007921,D0212,2023-03-18,2023-04-17,2023-05-09,245500.0,PDC,False,22.0,True
T003896,D0105,2024-02-10,2024-02-25,2024-02-25,167900.0,BANK_TRANSFER,False,0.0,False
T000837,D0022,2025-01-07,2025-01-22,2025-01-24,201500.0,PDC,False,2.0,False
T000546,D0016,2024-05-02,2024-05-17,2024-05-30,48400.0,PDC,False,13.0,False
T004612,D0124,2023-11-14,2023-12-29,2023-12-29,197800.0,BANK_TRANSFER,False,0.0,False
T002410,D0061,2023-01-09,2023-02-23,2023-02-25,146500.0,CASH,False,2.0,False
T003210,D0086,2025-05-06,2025-05-21,2025-06-30,128800.0,PDC,False,40.0,False
T006616,D0178,2023-01-23,2023-02-07,2023-02-07,147200.0,PDC,False,0.0,False
T000430,D0013,2025-03-16,2025-04-30,2025-05-01,141900.0,PDC,False,1.0,False
T005145,D0138,2023-05-09,2023-06-08,2023-06-08,38500.0,CASH,False,0.0,False
T007790,D0209,2024-03-24,2024-05-08,2024-05-09,71000.0,CASH,False,1.0,False
T001980,D0050,2024-03-15,2024-04-29,2024-04-30,170600.0,PDC,False,1.0,False
T005972,D0160,2025-02-01,2025-03-03,2025-03-06,247100.0,CASH,False,3.0,True
T000269,D0008,2023-07-09,2023-08-23,2023-08-28,269900.0,PDC,False,5.0,False
T003932,D0105,2023-02-22,2023-03-24,2023-03-24,296200.0,PDC,False,0.0,True
T007966,D0213,2024-07-02,2024-07-17,2024-07-20,154800.0,PDC,False,3.0,False
T000018,D0001,2024-11-08,2024-12-08,2024-12-08,46700.0,CASH,False,0.0,False
T001152,D0031,2023-05-10,2023-06-09,2023-07-01,261200.0,CASH,False,22.0,False
T000253,D0008,2025-12-14,2025-12-29,2025-12-29,98800.0,PDC,False,0.0,False
T004740,D0127,2024-03-14,2024-04-28,2024-04-28,192700.0,PDC,False,0.0,False
T001505,D0039,2025-11-24,2026-01-08,2026-02-15,94400.0,CASH,False,38.0,False
T003470,D0091,2024-12-19,2025-01-18,2025-01-18,190100.0,PDC,False,0.0,False
T004193,D0111,2025-11-04,2025-12-04,2025-12-08,297500.0,CASH,False,4.0,False
T005990,D0160,2024-09-17,2024-11-01,2024-11-01,237300.0,PDC,False,0.0,False
T005180,D0138,2024-04-29,2024-05-14,2024-05-15,60300.0,PDC,False,1.0,False
T003536,D0093,2024-04-02,2024-04-17,2024-04-19,75800.0,PDC,False,2.0,True
T002161,D0054,2025-01-08,2025-01-23,2025-01-25,133300.0,PDC,False,2.0,False
T006211,D0167,2024-11-19,2025-01-03,,22600.0,PDC,True,,False
T006000,D0161,2025-06-02,2025-07-17,2025-07-17,217900.0,CASH,False,0.0,False
T000077,D0003,2025-07-05,2025-08-04,2025-08-06,133300.0,CASH,False,2.0,False
T007382,D0198,2023-04-02,2023-05-02,,197700.0,PDC,True,,True
T006521,D0175,2025-01-27,2025-02-26,2025-02-28,227000.0,PDC,False,2.0,True
T003093,D0083,2024-02-27,2024-04-12,2024-05-06,294800.0,PDC,False,24.0,True
T003958,D0106,2025-06-17,2025-08-01,2025-08-02,206800.0,CASH,False,1.0,False
T006538,D0175,2025-12-19,2026-01-18,2026-01-25,254700.0,PDC,False,7.0,False
T003500,D0092,2023-09-09,2023-09-24,2023-09-24,198200.0,PDC,False,0.0,False
T001080,D0029,2025-08-21,2025-09-05,2025-09-07,205600.0,BANK_TRANSFER,False,2.0,False
T003915,D0105,2024-07-26,2024-08-10,2024-08-10,100900.0,PDC,False,0.0,False
T005241,D0139,2023-10-06,2023-10-21,,287600.0,PDC,False,,False
T007600,D0202,2025-06-05,2025-07-05,2025-07-05,108700.0,CASH,False,0.0,False
T007474,D0199,2023-09-27,2023-10-12,2023-10-12,219600.0,PDC,False,0.0,False
T005885,D0156,2024-04-26,2024-06-10,2024-07-01,128600.0,PDC,False,21.0,True
T003514,D0093,2024-07-05,2024-07-20,2024-07-21,284600.0,CASH,False,1.0,False
T004118,D0110,2024-01-09,2024-02-23,2024-02-24,122800.0,PDC,False,1.0,False
T004539,D0122,2023-09-10,2023-10-25,2023-11-03,47200.0,CASH,False,9.0,False
T007246,D0193,2025-01-15,2025-01-30,,196600.0,PDC,True,,False
T006414,D0172,2024-04-04,2024-04-19,2024-04-21,66000.0,PDC,False,2.0,True
T008000,D0214,2025-07-08,2025-08-07,2025-08-08,73300.0,BANK_TRANSFER,False,1.0,False
T008188,D0219,2023-10-14,2023-11-28,2023-11-29,175900.0,CASH,False,1.0,False
T000908,D0024,2025-12-12,2025-12-27,2025-12-27,238700.0,CASH,False,0.0,False
T008100,D0216,2025-04-27,2025-05-27,2025-05-31,230000.0,PDC,False,4.0,True
T007642,D0204,2023-12-06,2024-01-20,2024-01-27,155900.0,PDC,False,7.0,False
T007991,D0213,2025-05-27,2025-06-11,2025-06-12,109300.0,PDC,False,1.0,True
T007220,D0192,2024-12-05,2025-01-19,2025-01-21,70500.0,PDC,False,2.0,False
T003968,D0106,2025-03-21,2025-05-05,2025-05-09,217700.0,PDC,False,4.0,False
T002229,D0057,2024-04-24,2024-06-08,2024-07-18,21500.0,CASH,False,40.0,True
T005638,D0149,2025-08-28,2025-09-27,2025-09-28,84400.0,BANK_TRANSFER,False,1.0,False
T005273,D0140,2025-01-08,2025-02-07,2025-02-07,285000.0,PDC,False,0.0,False
T003280,D0087,2024-01-06,2024-02-20,2024-02-27,78300.0,BANK_TRANSFER,False,7.0,False
T007951,D0213,2024-09-22,2024-10-22,2024-10-25,272000.0,CASH,False,3.0,False
T003860,D0103,2024-03-08,2024-04-22,2024-05-14,77600.0,PDC,False,22.0,True
T006630,D0178,2025-06-28,2025-07-13,2025-07-18,73800.0,CASH,False,5.0,False
T006506,D0175,2023-08-26,2023-09-10,2023-09-13,188100.0,CASH,False,3.0,False
T007090,D0190,2025-06-10,2025-07-25,,108200.0,PDC,True,,False
T001636,D0042,2024-09-29,2024-10-29,2024-10-29,43000.0,PDC,False,0.0,False
T002062,D0052,2025-01-08,2025-02-22,2025-03-26,20100.0,BANK_TRANSFER,False,32.0,True
T004154,D0111,2024-09-06,2024-09-21,2024-09-21,171000.0,BANK_TRANSFER,False,0.0,False
T003761,D0100,2025-02-09,2025-02-24,,143100.0,PDC,True,,True
T005541,D0146,2024-03-25,2024-04-09,2024-04-11,112600.0,PDC,False,2.0,True
T002193,D0055,2023-07-17,2023-08-01,2023-08-09,124400.0,BANK_TRANSFER,False,8.0,False
T001473,D0038,2025-01-13,2025-02-27,2025-03-09,249700.0,PDC,False,10.0,True
T006670,D0180,2024-07-22,2024-08-21,2024-08-25,268300.0,PDC,False,4.0,False
T001204,D0032,2023-12-31,2024-02-14,2024-02-16,40200.0,PDC,False,2.0,False
T006259,D0169,2024-07-24,2024-08-23,2024-08-23,254000.0,PDC,False,0.0,False
T007285,D0194,2025-01-19,2025-02-03,2025-02-03,212100.0,BANK_TRANSFER,False,0.0,False
T003076,D0082,2025-06-01,2025-07-16,2025-07-21,115500.0,PDC,False,5.0,False
T006870,D0184,2024-03-04,2024-03-19,2024-04-12,239700.0,PDC,False,24.0,True
T003072,D0082,2024-03-18,2024-04-02,2024-04-04,194500.0,PDC,False,2.0,True
T003603,D0094,2025-11-06,2025-12-06,2025-12-07,43700.0,PDC,False,1.0,False
T006653,D0178,2023-06-17,2023-08-01,2023-08-03,256100.0,PDC,False,2.0,False
T001580,D0041,2024-09-14,2024-09-29,2024-10-02,208600.0,BANK_TRANSFER,False,3.0,False
T001305,D0034,2024-05-25,2024-07-09,2024-07-13,231800.0,CASH,False,4.0,False
T000347,D0010,2023-09-10,2023-10-10,2023-10-17,97200.0,BANK_TRANSFER,False,7.0,False
T004599,D0124,2025-06-15,2025-07-15,2025-07-17,100500.0,CASH,False,2.0,False
T001644,D0042,2024-08-26,2024-09-10,2024-09-11,211300.0,PDC,False,1.0,False
T002991,D0080,2025-01-29,2025-03-15,2025-05-04,89800.0,BANK_TRANSFER,False,50.0,True
T000834,D0022,2023-03-02,2023-04-01,2023-04-03,256600.0,CASH,False,2.0,True
T001165,D0031,2025-02-14,2025-03-16,2025-03-22,265300.0,CASH,False,6.0,True
T007117,D0190,2024-10-02,2024-10-17,2024-10-27,203700.0,PDC,False,10.0,False
T006932,D0186,2025-08-29,2025-09-13,,47200.0,BANK_TRANSFER,False,,False
T007833,D0210,2025-03-15,2025-04-14,2025-04-17,123300.0,BANK_TRANSFER,False,3.0,True
T001492,D0039,2025-09-13,2025-10-28,2025-12-06,199300.0,PDC,False,39.0,False
T007324,D0195,2023-02-16,2023-04-02,2023-05-23,289900.0,CASH,False,51.0,True
T003051,D0082,2024-07-25,2024-08-09,2024-08-11,61300.0,PDC,False,2.0,False
T006923,D0186,2025-10-26,2025-12-10,2025-12-14,25600.0,PDC,False,4.0,False
T004662,D0125,2025-12-19,2026-01-03,2026-02-17,280800.0,PDC,False,45.0,False
T000264,D0008,2025-06-24,2025-07-09,2025-07-13,37800.0,PDC,False,4.0,False
T007696,D0207,2025-05-19,2025-06-03,2025-07-11,101000.0,PDC,False,38.0,True
T000382,D0011,2024-08-07,2024-09-21,2024-10-05,72600.0,BANK_TRANSFER,False,14.0,False
T004500,D0121,2023-03-11,2023-03-26,2023-04-10,123600.0,PDC,False,15.0,True
T000614,D0017,2023-03-06,2023-03-21,2023-03-25,164200.0,PDC,False,4.0,True
T004135,D0110,2024-03-07,2024-04-21,2024-04-25,90800.0,PDC,False,4.0,True
T000216,D0007,2023-08-01,2023-09-15,,259900.0,PDC,True,,False
T007535,D0200,2023-04-30,2023-06-14,2023-06-15,291200.0,PDC,False,1.0,False
T003427,D0090,2024-02-06,2024-03-22,2024-03-29,138200.0,PDC,False,7.0,True
T002866,D0075,2023-10-07,2023-11-06,2023-11-08,192000.0,CASH,False,2.0,False
T003387,D0090,2023-08-31,2023-09-30,2023-10-02,103100.0,PDC,False,2.0,False
T001113,D0030,2024-04-30,2024-05-15,2024-06-26,86000.0,CASH,False,42.0,False
T003404,D0090,2023-12-13,2024-01-27,2024-01-29,244400.0,CASH,False,2.0,False
T007165,D0191,2023-02-16,2023-03-18,2023-03-24,295700.0,PDC,False,6.0,True
T005479,D0145,2025-04-22,2025-06-06,2025-06-19,76600.0,PDC,False,13.0,True
T001694,D0043,2023-10-09,2023-10-24,2023-11-06,172400.0,PDC,False,13.0,False
T007978,D0213,2024-12-20,2025-01-19,2025-01-19,79800.0,PDC,False,0.0,False
T003056,D0082,2025-03-22,2025-04-06,2025-04-10,123200.0,PDC,False,4.0,True
T000033,D0002,2024-07-08,2024-08-07,2024-08-07,169200.0,BANK_TRANSFER,False,0.0,False
T000115,D0004,2025-05-15,2025-06-14,2025-06-14,124200.0,CASH,False,0.0,True
T004812,D0129,2024-01-08,2024-02-07,2024-02-12,277800.0,BANK_TRANSFER,False,5.0,False
T005997,D0160,2024-12-17,2025-01-16,2025-01-18,245300.0,PDC,False,2.0,False
T004917,D0132,2023-08-07,2023-09-06,2023-09-08,203100.0,CASH,False,2.0,False
T006605,D0178,2025-05-27,2025-07-11,2025-07-14,40900.0,PDC,False,3.0,False
T003272,D0087,2024-11-05,2024-11-20,2024-11-23,263900.0,BANK_TRANSFER,False,3.0,False
T000587,D0016,2025-05-22,2025-06-21,2025-06-29,270700.0,PDC,False,8.0,False
T001348,D0035,2025-08-30,2025-09-29,2025-11-13,163700.0,PDC,False,45.0,False
T005855,D0155,2023-05-06,2023-06-05,2023-06-05,196300.0,BANK_TRANSFER,False,0.0,False
T001099,D0030,2025-02-23,2025-03-10,2025-04-07,60100.0,PDC,False,28.0,True
T000394,D0011,2023-05-15,2023-06-14,,283300.0,PDC,True,,False
T005968,D0160,2025-01-29,2025-03-15,2025-03-21,123200.0,BANK_TRANSFER,False,6.0,True
T007638,D0203,2025-08-13,2025-09-27,2025-10-01,255700.0,PDC,False,4.0,False
T005898,D0157,2024-05-01,2024-05-31,2024-06-05,250900.0,PDC,False,5.0,False
T002446,D0062,2023-04-03,2023-05-18,2023-05-18,172200.0,PDC,False,0.0,False
T003478,D0091,2024-11-17,2024-12-02,2024-12-06,32300.0,BANK_TRANSFER,False,4.0,False
T002329,D0059,2024-10-18,2024-11-17,2024-11-18,96500.0,BANK_TRANSFER,False,1.0,False
T004314,D0115,2025-08-31,2025-10-15,2025-10-19,266200.0,PDC,False,4.0,False
T006258,D0169,2023-02-14,2023-03-01,2023-03-01,167500.0,PDC,False,0.0,False
T001710,D0043,2024-08-08,2024-09-07,2024-09-15,78100.0,PDC,False,8.0,False
T000984,D0027,2024-06-08,2024-07-08,2024-07-11,114700.0,PDC,False,3.0,False
T004286,D0114,2025-08-02,2025-09-01,2025-09-04,65300.0,PDC,False,3.0,False
T007179,D0192,2025-12-28,2026-01-12,2026-01-12,293900.0,BANK_TRANSFER,False,0.0,False
T000554,D0016,2024-04-06,2024-04-21,,189000.0,PDC,True,,True
T007344,D0196,2024-12-03,2025-01-17,2025-01-20,35000.0,CASH,False,3.0,False
T003308,D0088,2023-01-05,2023-01-20,2023-01-25,58200.0,CASH,False,5.0,False
T006569,D0177,2024-10-12,2024-11-26,2025-01-10,47900.0,BANK_TRANSFER,False,45.0,False
T001254,D0033,2024-03-07,2024-04-21,2024-04-21,94200.0,CASH,False,0.0,True
T004787,D0129,2024-07-13,2024-08-27,2024-08-30,279400.0,CASH,False,3.0,False
T005174,D0138,2024-07-03,2024-07-18,2024-07-24,142000.0,CASH,False,6.0,False
T004946,D0133,2025-07-22,2025-08-21,2025-08-23,84800.0,PDC,False,2.0,False
T005881,D0156,2024-12-11,2025-01-10,2025-01-18,35800.0,CASH,False,8.0,False
T006084,D0163,2024-10-30,2024-11-14,2024-11-15,171700.0,PDC,False,1.0,False
T002788,D0072,2024-02-28,2024-04-13,2024-04-17,119900.0,PDC,False,4.0,True
T006407,D0172,2024-04-28,2024-05-13,,74100.0,PDC,False,,False
T006013,D0161,2024-05-15,2024-06-29,2024-07-04,27800.0,CASH,False,5.0,True
T007435,D0198,2023-03-07,2023-04-21,2023-04-28,42700.0,PDC,False,7.0,True
T000667,D0018,2024-02-14,2024-03-30,2024-04-05,140700.0,BANK_TRANSFER,False,6.0,True
T006347,D0170,2025-10-11,2025-10-26,2025-11-02,237700.0,PDC,False,7.0,False
T002680,D0070,2025-10-06,2025-11-20,2026-01-15,139200.0,CASH,False,56.0,False
T001414,D0037,2023-05-19,2023-06-18,2023-07-30,141000.0,CASH,False,42.0,True
T005473,D0145,2023-01-11,2023-02-25,2023-02-26,30000.0,PDC,False,1.0,False
T000529,D0015,2025-04-30,2025-05-30,2025-06-15,53200.0,PDC,False,16.0,True
T006676,D0180,2023-09-17,2023-11-01,2023-11-04,93900.0,CASH,False,3.0,False
T006340,D0170,2025-03-04,2025-04-03,2025-04-22,263200.0,PDC,False,19.0,True
T002061,D0052,2024-08-30,2024-10-14,2024-11-05,73300.0,PDC,False,22.0,False
T000486,D0014,2023-11-20,2023-12-20,2023-12-21,285000.0,CASH,False,1.0,False
T003592,D0094,2025-02-28,2025-03-30,2025-03-31,181400.0,BANK_TRANSFER,False,1.0,True
T006586,D0177,2024-02-09,2024-02-24,2024-04-08,24400.0,CASH,False,44.0,False
T007101,D0190,2023-07-10,2023-08-09,2023-08-17,244100.0,BANK_TRANSFER,False,8.0,False
T006497,D0175,2024-11-16,2024-12-01,2024-12-02,131800.0,BANK_TRANSFER,False,1.0,False
T006027,D0161,2025-05-11,2025-06-10,2025-06-12,131800.0,PDC,False,2.0,True
T002782,D0072,2024-02-17,2024-03-03,,136100.0,PDC,True,,True
T006485,D0175,2024-07-05,2024-08-04,2024-08-08,175700.0,CASH,False,4.0,False
T003864,D0103,2025-02-28,2025-03-30,2025-04-28,266300.0,PDC,False,29.0,True
T002918,D0077,2024-11-09,2024-12-09,2024-12-24,102600.0,PDC,False,15.0,False
T007209,D0192,2025-08-24,2025-09-08,,222900.0,PDC,False,,False
T006358,D0171,2025-07-23,2025-08-07,2025-08-10,201100.0,PDC,False,3.0,False
T007552,D0201,2025-05-07,2025-05-22,2025-05-27,99800.0,CASH,False,5.0,False
T001598,D0041,2025-11-26,2025-12-11,2025-12-11,181200.0,BANK_TRANSFER,False,0.0,False
T007239,D0193,2025-06-18,2025-07-18,2025-08-04,129600.0,PDC,False,17.0,False
T004255,D0114,2025-06-02,2025-07-02,2025-07-11,97300.0,BANK_TRANSFER,False,9.0,False
T001468,D0038,2024-11-21,2024-12-21,2025-01-05,145700.0,CASH,False,15.0,False
T008095,D0216,2024-06-09,2024-07-09,2024-07-09,63700.0,CASH,False,0.0,False
T003289,D0088,2024-07-01,2024-08-15,2024-08-29,96900.0,PDC,False,14.0,False
T005403,D0143,2025-05-23,2025-06-07,,271800.0,CASH,False,,True
T005952,D0159,2023-11-23,2024-01-07,2024-01-08,32000.0,PDC,False,1.0,False
T005795,D0154,2024-12-10,2025-01-24,2025-01-24,119600.0,PDC,False,0.0,False
T001124,D0030,2024-11-02,2024-12-02,2024-12-23,278200.0,CASH,False,21.0,False
T000227,D0007,2024-03-16,2024-04-15,2024-05-25,91200.0,PDC,False,40.0,True
T001029,D0028,2025-04-13,2025-05-28,2025-07-23,100100.0,PDC,False,56.0,True
T003670,D0096,2025-03-02,2025-04-01,2025-04-06,88300.0,PDC,False,5.0,True
T003904,D0105,2024-05-09,2024-06-23,2024-06-23,296100.0,PDC,False,0.0,True
T008196,D0219,2024-12-15,2025-01-14,2025-01-17,168800.0,PDC,False,3.0,False
T007507,D0200,2025-11-23,2026-01-07,2026-01-07,249400.0,PDC,False,0.0,False
T000556,D0016,2024-11-01,2024-12-16,2024-12-27,286400.0,PDC,False,11.0,False
T002138,D0054,2025-09-05,2025-10-05,2025-10-05,30700.0,PDC,False,0.0,False
T006183,D0167,2023-11-17,2024-01-01,2024-02-22,160200.0,PDC,False,52.0,False
T003687,D0097,2024-08-23,2024-09-07,2024-09-10,97800.0,CASH,False,3.0,False
T007255,D0193,2024-07-23,2024-08-22,,143400.0,PDC,False,,False
T006680,D0180,2023-09-25,2023-11-09,2023-11-11,257800.0,PDC,False,2.0,False
T000708,D0019,2025-07-01,2025-07-16,2025-07-19,156800.0,PDC,False,3.0,False
T007225,D0192,2024-08-26,2024-09-25,2024-09-25,214700.0,CASH,False,0.0,False
T008012,D0215,2024-09-11,2024-10-26,2024-11-17,37500.0,PDC,False,22.0,False
T006689,D0180,2024-12-29,2025-01-28,2025-01-28,181800.0,BANK_TRANSFER,False,0.0,False
T003729,D0099,2024-03-25,2024-04-24,2024-05-26,146100.0,CASH,False,32.0,True
T004416,D0118,2024-11-14,2024-12-29,2024-12-30,211300.0,PDC,False,1.0,False
T003659,D0096,2023-05-13,2023-06-12,2023-06-15,107200.0,PDC,False,3.0,False
T000292,D0009,2025-09-22,2025-10-07,2025-10-07,287100.0,PDC,False,0.0,False
T005974,D0160,2024-06-06,2024-06-21,2024-06-25,28500.0,PDC,False,4.0,True
T001172,D0031,2024-09-15,2024-10-30,2024-11-10,274600.0,PDC,False,11.0,False
T003277,D0087,2024-05-12,2024-06-26,2024-06-26,101400.0,CASH,False,0.0,True
T002777,D0072,2024-01-07,2024-02-06,2024-02-08,145500.0,CASH,False,2.0,False
T008180,D0218,2025-12-05,2026-01-19,2026-01-21,21300.0,PDC,False,2.0,False
T006274,D0169,2024-05-24,2024-07-08,2024-07-12,177900.0,BANK_TRANSFER,False,4.0,False
T002677,D0070,2025-01-02,2025-01-17,2025-02-19,73800.0,PDC,False,33.0,False
T006009,D0161,2023-06-14,2023-07-29,,234200.0,BANK_TRANSFER,False,,False
T006087,D0163,2024-12-17,2025-01-31,2025-02-02,180300.0,PDC,False,2.0,False
T004423,D0118,2023-11-08,2023-12-23,2023-12-25,218800.0,PDC,False,2.0,False
T005151,D0138,2024-07-24,2024-08-23,2024-08-23,250400.0,PDC,False,0.0,False
T000477,D0014,2023-06-11,2023-07-11,2023-07-11,286300.0,BANK_TRANSFER,False,0.0,False
T007089,D0190,2024-01-22,2024-02-21,2024-02-27,73800.0,CASH,False,6.0,False
T006959,D0187,2025-08-24,2025-10-08,2025-10-09,24700.0,PDC,False,1.0,False
T005586,D0148,2024-07-27,2024-08-11,2024-08-15,202700.0,PDC,False,4.0,False
T002513,D0065,2025-12-31,2026-01-15,2026-01-16,138800.0,BANK_TRANSFER,False,1.0,False
T002066,D0052,2025-02-09,2025-02-24,2025-04-07,104400.0,CASH,False,42.0,True
T000104,D0004,2025-05-16,2025-06-15,2025-06-19,25900.0,BANK_TRANSFER,False,4.0,True
T004632,D0125,2025-10-15,2025-11-29,,260500.0,PDC,True,,False
T005528,D0146,2025-06-16,2025-07-01,2025-07-05,138800.0,PDC,False,4.0,False
T004635,D0125,2023-10-30,2023-11-14,2024-01-20,139500.0,CASH,False,67.0,False
T000524,D0015,2023-11-03,2023-11-18,2023-11-30,239000.0,PDC,False,12.0,False
T000067,D0003,2025-09-12,2025-10-12,2025-10-12,258400.0,CASH,False,0.0,False
T005550,D0147,2024-07-12,2024-08-26,2024-08-29,113500.0,PDC,False,3.0,False
T006541,D0176,2024-05-10,2024-06-09,2024-08-02,214800.0,BANK_TRANSFER,False,54.0,True
T005808,D0154,2025-01-16,2025-03-02,2025-03-02,109000.0,PDC,False,0.0,True
T004336,D0116,2025-10-09,2025-10-24,2025-10-27,126900.0,BANK_TRANSFER,False,3.0,False
T003900,D0105,2023-03-11,2023-04-10,2023-04-13,122700.0,PDC,False,3.0,True
T001940,D0049,2024-08-01,2024-09-15,2024-09-23,139600.0,CASH,False,8.0,False
T002667,D0069,2025-09-02,2025-09-17,2025-11-08,206900.0,BANK_TRANSFER,False,52.0,False
T001397,D0036,2023-11-19,2023-12-04,2023-12-10,135100.0,BANK_TRANSFER,False,6.0,False
T002869,D0075,2025-06-15,2025-06-30,2025-07-06,158700.0,PDC,False,6.0,False
T000752,D0020,2024-05-04,2024-06-18,2024-07-09,133800.0,BANK_TRANSFER,False,21.0,True
T006383,D0171,2024-09-12,2024-09-27,2024-09-27,106800.0,CASH,False,0.0,False
T006590,D0177,2024-01-24,2024-02-08,2024-03-08,201500.0,CASH,False,29.0,False
T004585,D0123,2023-06-12,2023-07-12,2023-07-14,115300.0,PDC,False,2.0,False
T004066,D0108,2023-10-28,2023-11-12,2023-11-18,66900.0,PDC,False,6.0,False
T005542,D0146,2025-08-10,2025-09-24,2025-09-28,37100.0,PDC,False,4.0,False
T002107,D0053,2025-08-29,2025-10-13,2025-10-27,176800.0,BANK_TRANSFER,False,14.0,False
T007625,D0203,2023-04-30,2023-05-15,2023-05-25,140200.0,PDC,False,10.0,False
T005903,D0157,2023-12-10,2024-01-09,2024-01-12,86500.0,BANK_TRANSFER,False,3.0,False
T008088,D0216,2024-09-21,2024-10-06,2024-10-06,153500.0,PDC,False,0.0,False
T002004,D0050,2025-12-02,2026-01-01,2026-01-03,38800.0,PDC,False,2.0,False
T006030,D0161,2025-12-12,2026-01-26,2026-01-28,133400.0,CASH,False,2.0,False
T003556,D0094,2025-04-04,2025-04-19,2025-04-21,289600.0,BANK_TRANSFER,False,2.0,False
T000703,D0019,2025-02-07,2025-02-22,2025-02-25,187800.0,CASH,False,3.0,True
T006850,D0183,2023-12-23,2024-02-06,2024-02-13,92700.0,CASH,False,7.0,False
T000011,D0001,2025-04-12,2025-05-12,2025-05-14,32200.0,PDC,False,2.0,False
T005332,D0141,2023-03-24,2023-04-08,2023-04-08,247800.0,BANK_TRANSFER,False,0.0,True
T002201,D0056,2024-04-23,2024-06-07,2024-06-10,238100.0,PDC,False,3.0,True
T002098,D0053,2025-03-18,2025-04-02,2025-04-05,165400.0,PDC,False,3.0,True
T005075,D0136,2025-09-25,2025-10-10,2025-10-12,228500.0,PDC,False,2.0,False
T002273,D0058,2025-05-12,2025-06-11,,135100.0,PDC,True,,True
T000775,D0020,2025-12-30,2026-01-14,2026-01-29,236500.0,PDC,False,15.0,False
T000760,D0020,2024-10-02,2024-11-01,2024-11-07,85000.0,PDC,False,6.0,False
T006118,D0165,2024-03-14,2024-03-29,2024-04-03,240600.0,CASH,False,5.0,True
T007426,D0198,2024-01-15,2024-02-14,2024-02-15,113700.0,PDC,False,1.0,False
T006650,D0178,2025-01-19,2025-03-05,2025-03-10,150000.0,PDC,False,5.0,True
T004207,D0112,2025-09-29,2025-10-29,2025-10-31,79800.0,PDC,False,2.0,False
T004948,D0133,2023-09-21,2023-10-21,2023-10-22,101600.0,BANK_TRANSFER,False,1.0,False
T000491,D0014,2023-03-18,2023-04-02,2023-04-04,259400.0,PDC,False,2.0,True
T001191,D0032,2025-11-07,2025-11-22,2025-11-22,228800.0,CASH,False,0.0,False
T004003,D0107,2025-04-07,2025-05-07,2025-05-11,174100.0,PDC,False,4.0,False
T001090,D0029,2023-12-12,2024-01-26,2024-01-29,238900.0,CASH,False,3.0,False
T004243,D0113,2025-03-08,2025-04-07,2025-06-20,212300.0,BANK_TRANSFER,False,74.0,True
T001480,D0039,2025-03-24,2025-05-08,2025-06-19,117900.0,CASH,False,42.0,False
T003202,D0085,2025-04-01,2025-04-16,2025-04-19,86400.0,PDC,False,3.0,False
T008085,D0216,2024-07-27,2024-09-10,2024-09-14,65900.0,PDC,False,4.0,False
T002073,D0052,2024-10-30,2024-12-14,2024-12-23,122000.0,CASH,False,9.0,False
T000072,D0003,2025-03-07,2025-04-21,2025-05-06,69800.0,PDC,False,15.0,False
T007424,D0198,2024-01-11,2024-01-26,2024-02-08,284400.0,PDC,False,13.0,False
T001853,D0046,2024-08-25,2024-09-09,2024-09-16,98200.0,PDC,False,7.0,False
T002728,D0071,2023-04-01,2023-04-16,,141200.0,PDC,True,,True
T005371,D0143,2024-12-03,2025-01-17,2025-01-17,163200.0,PDC,False,0.0,False
T004281,D0114,2025-03-08,2025-04-22,2025-05-05,279700.0,PDC,False,13.0,False
T003849,D0103,2024-09-27,2024-10-27,2024-11-22,67200.0,BANK_TRANSFER,False,26.0,False
T000825,D0022,2023-05-16,2023-06-15,2023-06-18,253700.0,CASH,False,3.0,True
T000387,D0011,2023-05-13,2023-06-27,2023-07-12,276700.0,PDC,False,15.0,True
T000348,D0010,2025-01-07,2025-02-06,2025-02-18,265600.0,BANK_TRANSFER,False,12.0,False
T003673,D0096,2024-10-22,2024-12-06,2024-12-08,255000.0,PDC,False,2.0,False
T002808,D0073,2025-11-15,2025-11-30,2025-12-13,123000.0,BANK_TRANSFER,False,13.0,False
T005429,D0144,2024-05-15,2024-05-30,2024-06-02,134800.0,PDC,False,3.0,False
T006459,D0174,2023-12-08,2024-01-22,2024-01-28,151000.0,PDC,False,6.0,False
T000469,D0014,2024-06-25,2024-08-09,2024-08-09,279300.0,PDC,False,0.0,False
T001419,D0037,2025-03-28,2025-05-12,2025-06-06,69300.0,CASH,False,25.0,False
T006001,D0161,2025-09-16,2025-10-01,2025-10-02,192500.0,CASH,False,1.0,False
T004633,D0125,2023-12-17,2024-01-01,2024-01-15,63100.0,PDC,False,14.0,False
T004846,D0131,2023-01-20,2023-03-06,2023-03-07,83200.0,PDC,False,1.0,False
T000342,D0010,2024-01-25,2024-03-10,2024-03-21,193800.0,PDC,False,11.0,True
T001300,D0034,2025-03-14,2025-04-13,,194600.0,PDC,True,,True
T002228,D0057,2025-11-18,2025-12-18,2026-01-26,295900.0,CASH,False,39.0,False
T001620,D0041,2024-03-28,2024-04-12,2024-04-16,199000.0,PDC,False,4.0,True
T005083,D0136,2025-10-25,2025-11-09,2025-11-09,91700.0,PDC,False,0.0,False
T008083,D0216,2023-12-14,2023-12-29,2023-12-30,171900.0,PDC,False,1.0,False
T002491,D0064,2024-11-05,2024-12-20,2025-01-04,77100.0,CASH,False,15.0,False
T005879,D0155,2024-11-22,2025-01-06,2025-01-26,220600.0,CASH,False,20.0,False
T003176,D0085,2024-01-09,2024-02-23,2024-02-24,55400.0,CASH,False,1.0,False
T005201,D0139,2024-02-29,2024-03-15,2024-03-27,215200.0,PDC,False,12.0,True
T007823,D0210,2025-10-29,2025-12-13,2025-12-17,167500.0,CASH,False,4.0,False
T001928,D0049,2025-12-30,2026-02-13,2026-02-14,157700.0,CASH,False,1.0,False
T005580,D0148,2024-03-31,2024-04-15,2024-04-16,227200.0,PDC,False,1.0,True
T000720,D0019,2025-08-31,2025-09-15,2025-09-16,293100.0,PDC,False,1.0,False
T007745,D0207,2024-11-01,2024-12-16,2024-12-16,196700.0,BANK_TRANSFER,False,0.0,False
T004013,D0107,2024-06-17,2024-07-17,2024-07-31,278500.0,CASH,False,14.0,False
T003181,D0085,2023-03-24,2023-04-08,2023-04-09,49900.0,PDC,False,1.0,True
T005619,D0149,2024-05-18,2024-06-17,,203600.0,PDC,False,,True
T001654,D0042,2025-10-19,2025-12-03,2025-12-03,52200.0,PDC,False,0.0,False
T000750,D0020,2025-04-07,2025-05-22,2025-06-02,98200.0,PDC,False,11.0,False
T000689,D0019,2024-10-27,2024-11-26,2024-12-02,193500.0,BANK_TRANSFER,False,6.0,False
T007402,D0198,2025-08-30,2025-09-29,2025-10-07,99100.0,PDC,False,8.0,False
T007307,D0195,2025-11-27,2026-01-11,2026-02-04,248200.0,PDC,False,24.0,False
T005710,D0151,2023-10-30,2023-11-14,2023-12-01,86300.0,PDC,False,17.0,False
T003373,D0089,2024-10-03,2024-10-18,2024-10-19,249400.0,PDC,False,1.0,False
T003097,D0083,2023-01-01,2023-01-16,,68100.0,PDC,True,,False
T001559,D0040,2024-12-18,2025-01-17,2025-01-18,118500.0,CASH,False,1.0,False
T001082,D0029,2025-10-21,2025-11-05,2025-11-08,221600.0,BANK_TRANSFER,False,3.0,False
T005017,D0135,2023-11-10,2023-11-25,2023-11-28,203900.0,PDC,False,3.0,False
T003472,D0091,2024-04-03,2024-05-18,2024-05-20,94300.0,PDC,False,2.0,False
T001854,D0046,2023-04-19,2023-05-04,2023-05-29,264500.0,CASH,False,25.0,True
T004958,D0133,2025-12-06,2025-12-21,2025-12-21,119600.0,BANK_TRANSFER,False,0.0,False
T004945,D0133,2024-10-05,2024-10-20,2024-10-22,110200.0,BANK_TRANSFER,False,2.0,False
T004272,D0114,2023-12-19,2024-02-02,2024-02-23,299900.0,BANK_TRANSFER,False,21.0,False
T005200,D0139,2025-02-12,2025-02-27,2025-03-14,154000.0,CASH,False,15.0,True
T007754,D0208,2025-12-15,2026-01-14,,199700.0,PDC,True,,False
T007680,D0206,2024-03-25,2024-05-09,2024-05-23,31700.0,PDC,False,14.0,False
T000211,D0007,2025-02-02,2025-02-17,,176200.0,PDC,True,,True
T007930,D0212,2024-04-01,2024-05-16,2024-05-28,252000.0,PDC,False,12.0,False
T002660,D0069,2024-07-26,2024-08-25,2024-10-22,163900.0,PDC,False,58.0,False
T002190,D0055,2025-11-17,2026-01-01,2026-01-11,279400.0,PDC,False,10.0,False
T003990,D0106,2024-09-15,2024-10-30,2024-10-31,62200.0,CASH,False,1.0,False
T001532,D0040,2024-11-22,2025-01-06,2025-01-07,275500.0,PDC,False,1.0,False
T008130,D0217,2023-05-18,2023-06-17,,162200.0,CASH,False,,True
T002661,D0069,2025-10-30,2025-11-29,2025-12-02,167600.0,BANK_TRANSFER,False,3.0,False
T000339,D0010,2025-09-27,2025-11-11,2025-11-15,156900.0,CASH,False,4.0,False
T002348,D0060,2023-04-17,2023-06-01,2023-06-08,245600.0,CASH,False,7.0,False
T005450,D0144,2024-02-15,2024-03-16,2024-03-16,207200.0,PDC,False,0.0,True
T001252,D0033,2023-07-16,2023-07-31,2023-08-02,217200.0,BANK_TRANSFER,False,2.0,False
T001893,D0047,2024-07-29,2024-08-28,2024-08-30,174200.0,BANK_TRANSFER,False,2.0,False
T004053,D0108,2024-04-07,2024-05-07,2024-05-10,113600.0,CASH,False,3.0,False
T003671,D0096,2023-07-20,2023-08-19,2023-08-21,226300.0,BANK_TRANSFER,False,2.0,False
T000569,D0016,2025-03-23,2025-04-07,2025-04-15,208300.0,PDC,False,8.0,True
T003454,D0091,2025-10-25,2025-11-09,2025-11-11,106800.0,CASH,False,2.0,False
T006179,D0167,2025-09-11,2025-10-11,2025-11-07,81300.0,PDC,False,27.0,False
T000437,D0013,2023-04-15,2023-05-30,2023-05-30,282500.0,PDC,False,0.0,False
T001560,D0040,2023-08-07,2023-09-21,2023-09-23,143300.0,BANK_TRANSFER,False,2.0,False
T006055,D0162,2023-07-11,2023-07-26,2023-07-28,223000.0,CASH,False,2.0,False
T000656,D0018,2024-05-20,2024-07-04,2024-07-04,128300.0,CASH,False,0.0,False
T000555,D0016,2024-09-01,2024-09-16,2024-09-26,41200.0,CASH,False,10.0,False
T004877,D0131,2025-09-10,2025-10-10,2025-10-13,76900.0,PDC,False,3.0,False
T005821,D0154,2024-02-11,2024-03-12,2024-03-17,177000.0,PDC,False,5.0,True
T002043,D0051,2023-01-11,2023-02-10,2023-02-18,264200.0,BANK_TRANSFER,False,8.0,False
T005640,D0149,2024-01-20,2024-03-05,2024-03-09,169800.0,CASH,False,4.0,True
T006227,D0168,2025-10-11,2025-10-26,,256100.0,PDC,False,,False
T005409,D0143,2023-08-21,2023-09-20,2023-09-22,178000.0,PDC,False,2.0,False
T004942,D0133,2025-05-13,2025-05-28,2025-06-03,31300.0,PDC,False,6.0,True
T000603,D0017,2023-01-25,2023-02-09,2023-02-10,106200.0,PDC,False,1.0,False
T000612,D0017,2024-04-07,2024-05-07,2024-05-08,66300.0,CASH,False,1.0,False
T002358,D0060,2025-02-11,2025-03-28,2025-04-07,99100.0,PDC,False,10.0,True
T004205,D0112,2025-07-20,2025-08-19,2025-08-19,52000.0,PDC,False,0.0,False
T004327,D0115,2023-05-13,2023-06-12,2023-06-16,257400.0,PDC,False,4.0,False
T004040,D0108,2023-10-17,2023-11-16,2023-11-16,61100.0,PDC,False,0.0,False
T002472,D0063,2025-07-09,2025-08-23,2025-08-24,183300.0,PDC,False,1.0,False
T001734,D0044,2025-10-24,2025-12-08,2025-12-10,245600.0,CASH,False,2.0,False
T007272,D0194,2023-12-15,2023-12-30,2024-01-01,165700.0,PDC,False,2.0,False
T005649,D0149,2023-03-25,2023-04-24,2023-04-24,109900.0,PDC,False,0.0,True
T004925,D0132,2025-10-07,2025-11-21,2025-11-21,67200.0,PDC,False,0.0,False
T000152,D0005,2024-11-24,2024-12-09,2024-12-11,110200.0,PDC,False,2.0,False
T006723,D0181,2023-07-20,2023-09-03,2023-10-24,292400.0,CASH,False,51.0,False
T004934,D0132,2025-01-19,2025-02-03,2025-02-03,23400.0,BANK_TRANSFER,False,0.0,False
T005727,D0152,2024-03-23,2024-04-22,2024-04-27,161700.0,BANK_TRANSFER,False,5.0,True
T004266,D0114,2024-10-12,2024-11-26,2024-12-10,172200.0,PDC,False,14.0,False
T002074,D0052,2024-11-09,2024-11-24,,199000.0,PDC,True,,False
T000783,D0021,2024-10-11,2024-11-10,2024-11-10,28400.0,CASH,False,0.0,False
T004494,D0121,2025-11-30,2026-01-14,2026-01-19,69100.0,PDC,False,5.0,False
T003054,D0082,2025-08-06,2025-09-20,2025-09-21,276000.0,PDC,False,1.0,False
T000167,D0005,2025-07-18,2025-08-17,2025-08-17,149300.0,CASH,False,0.0,False
T003790,D0101,2023-10-10,2023-10-25,2023-10-28,140700.0,PDC,False,3.0,False
T006430,D0173,2025-04-16,2025-05-31,2025-06-02,124100.0,PDC,False,2.0,True
T007819,D0210,2024-11-09,2024-12-09,2024-12-11,298100.0,BANK_TRANSFER,False,2.0,False
T007156,D0191,2025-01-24,2025-03-10,2025-03-10,50500.0,BANK_TRANSFER,False,0.0,True
T006014,D0161,2024-03-13,2024-03-28,2024-03-31,230400.0,PDC,False,3.0,True
T000143,D0005,2023-10-08,2023-11-22,2023-11-22,127900.0,PDC,False,0.0,False
T001987,D0050,2025-12-13,2025-12-28,2025-12-31,209600.0,CASH,False,3.0,False
T005771,D0153,2023-08-30,2023-09-14,2023-09-16,118100.0,BANK_TRANSFER,False,2.0,False
T006764,D0181,2023-02-07,2023-02-22,,158600.0,PDC,False,,False
T007230,D0192,2024-04-19,2024-06-03,,143800.0,PDC,False,,False
T004060,D0108,2024-01-01,2024-01-31,2024-02-03,41100.0,PDC,False,3.0,False
T003444,D0091,2024-10-10,2024-10-25,2024-10-25,199700.0,CASH,False,0.0,False
T003982,D0106,2024-06-19,2024-08-03,2024-08-03,33400.0,PDC,False,0.0,False
T002694,D0070,2025-11-27,2025-12-27,2026-02-10,169000.0,PDC,False,45.0,False
T004334,D0116,2024-07-17,2024-08-16,2024-08-22,99600.0,PDC,False,6.0,False
T000990,D0027,2025-02-25,2025-03-12,2025-03-25,131000.0,PDC,False,13.0,True
T003423,D0090,2025-09-11,2025-09-26,2025-09-27,283900.0,BANK_TRANSFER,False,1.0,False
T007388,D0198,2024-12-19,2025-01-03,2025-01-11,142200.0,BANK_TRANSFER,False,8.0,False
T001759,D0045,2025-10-16,2025-11-15,2025-11-15,78300.0,CASH,False,0.0,False
T002370,D0061,2025-02-21,2025-03-08,2025-03-13,244300.0,PDC,False,5.0,True
T001022,D0028,2023-02-11,2023-03-13,2023-03-13,237800.0,CASH,False,0.0,True
T007091,D0190,2024-06-27,2024-08-11,2024-08-22,60200.0,PDC,False,11.0,False
T000867,D0022,2025-02-01,2025-03-03,2025-03-07,143800.0,BANK_TRANSFER,False,4.0,True
T003021,D0081,2023-10-06,2023-11-20,2023-11-25,47100.0,CASH,False,5.0,False
T007596,D0202,2024-07-10,2024-07-25,2024-07-25,52300.0,PDC,False,0.0,False
T005292,D0140,2025-01-14,2025-02-13,2025-02-15,234200.0,BANK_TRANSFER,False,2.0,False
T005424,D0144,2025-06-27,2025-08-11,2025-08-11,284600.0,CASH,False,0.0,False
T001698,D0043,2024-02-20,2024-03-06,2024-03-19,68700.0,PDC,False,13.0,True
T005880,D0155,2023-05-16,2023-06-30,2023-07-16,272200.0,PDC,False,16.0,True
T000328,D0009,2025-11-21,2026-01-05,2026-01-09,124900.0,PDC,False,4.0,False
T008228,D0220,2023-07-17,2023-08-16,2023-08-17,150500.0,PDC,False,1.0,False
T000804,D0021,2025-10-22,2025-12-06,2025-12-06,71700.0,CASH,False,0.0,False
T007883,D0211,2024-09-28,2024-10-13,2024-10-18,156800.0,BANK_TRANSFER,False,5.0,False
T005966,D0160,2025-02-11,2025-03-28,2025-03-30,268500.0,CASH,False,2.0,True
T001805,D0046,2024-07-20,2024-09-03,2024-09-11,194600.0,PDC,False,8.0,False
T002904,D0077,2024-11-17,2024-12-02,2024-12-07,223500.0,CASH,False,5.0,False
T006160,D0167,2025-07-25,2025-09-08,2025-10-06,46100.0,CASH,False,28.0,False
T005877,D0155,2024-05-28,2024-07-12,2024-07-29,234800.0,BANK_TRANSFER,False,17.0,False
T006177,D0167,2024-12-01,2024-12-31,2025-01-27,192700.0,PDC,False,27.0,False
T004162,D0111,2023-10-17,2023-11-16,2023-11-19,172400.0,PDC,False,3.0,False
T005768,D0153,2025-12-01,2025-12-16,2025-12-18,92000.0,CASH,False,2.0,False
T000402,D0011,2024-09-14,2024-09-29,2024-10-06,71200.0,PDC,False,7.0,False
T003414,D0090,2024-02-25,2024-03-26,2024-03-28,269800.0,BANK_TRANSFER,False,2.0,True
T001347,D0035,2025-02-19,2025-03-06,,192200.0,PDC,True,,True
T002392,D0061,2023-04-01,2023-04-16,2023-04-20,86100.0,PDC,False,4.0,True
T001268,D0033,2023-08-06,2023-09-05,2023-09-07,222900.0,CASH,False,2.0,False
T008091,D0216,2025-06-17,2025-07-17,2025-07-19,237000.0,PDC,False,2.0,False
T001444,D0038,2025-05-18,2025-06-02,2025-07-13,92800.0,PDC,False,41.0,True
T005056,D0135,2025-10-30,2025-11-14,2025-11-15,134500.0,PDC,False,1.0,False
T007403,D0198,2024-05-29,2024-06-13,2024-07-05,85600.0,PDC,False,22.0,True
T000186,D0006,2023-02-22,2023-03-09,2023-03-12,178300.0,PDC,False,3.0,False
T005790,D0154,2024-12-24,2025-01-08,2025-01-09,140000.0,BANK_TRANSFER,False,1.0,False
T002086,D0053,2024-06-19,2024-07-19,2024-07-29,205200.0,PDC,False,10.0,False
T000097,D0004,2025-09-04,2025-09-19,2025-09-21,210500.0,PDC,False,2.0,False
T005744,D0152,2023-05-13,2023-06-12,2023-06-12,262200.0,PDC,False,0.0,False
T008108,D0216,2024-07-07,2024-07-22,2024-07-26,84900.0,CASH,False,4.0,False
T002120,D0053,2024-07-22,2024-09-05,2024-09-22,61600.0,CASH,False,17.0,False
T005566,D0147,2023-10-15,2023-11-29,2023-12-04,126800.0,BANK_TRANSFER,False,5.0,False
T007733,D0207,2023-10-11,2023-11-10,2023-12-04,98300.0,CASH,False,24.0,False
T004766,D0128,2023-11-25,2023-12-25,2023-12-29,136400.0,CASH,False,4.0,False
T001753,D0045,2023-04-30,2023-05-15,2023-05-15,177200.0,PDC,False,0.0,False
T000470,D0014,2024-05-19,2024-06-18,2024-06-22,110100.0,PDC,False,4.0,True
T005875,D0155,2024-04-15,2024-05-30,2024-06-05,277800.0,CASH,False,6.0,False
T007530,D0200,2025-04-21,2025-05-06,2025-05-11,168200.0,PDC,False,5.0,False
T001660,D0043,2024-10-08,2024-11-07,2024-11-07,67100.0,BANK_TRANSFER,False,0.0,False
T003763,D0100,2023-08-30,2023-09-29,2023-10-05,160700.0,PDC,False,6.0,False
T003239,D0087,2025-01-26,2025-02-25,2025-02-27,172400.0,CASH,False,2.0,True
T003826,D0103,2024-12-03,2025-01-17,2025-02-25,261300.0,CASH,False,39.0,False
T001477,D0039,2023-06-13,2023-06-28,2023-07-29,36000.0,PDC,False,31.0,True
T000261,D0008,2025-10-13,2025-11-12,2025-11-15,42100.0,CASH,False,3.0,False
T003159,D0084,2023-04-15,2023-05-15,2023-05-16,229700.0,PDC,False,1.0,False
T004026,D0108,2025-10-20,2025-11-19,2025-11-20,278800.0,BANK_TRANSFER,False,1.0,False
T001378,D0036,2025-09-17,2025-10-17,2025-10-17,67700.0,BANK_TRANSFER,False,0.0,False
T003042,D0081,2025-10-25,2025-12-09,2025-12-10,50700.0,PDC,False,1.0,False
T001222,D0033,2024-05-29,2024-06-13,2024-06-17,107400.0,CASH,False,4.0,True
T005559,D0147,2024-01-18,2024-02-02,2024-02-02,199800.0,CASH,False,0.0,False
T007867,D0211,2025-02-12,2025-03-14,2025-03-16,164700.0,CASH,False,2.0,True
T002213,D0056,2023-07-22,2023-08-21,2023-08-23,94700.0,PDC,False,2.0,False
T004058,D0108,2024-02-19,2024-03-05,2024-03-10,70000.0,PDC,False,5.0,True
T000944,D0026,2025-04-06,2025-04-21,2025-04-22,206600.0,BANK_TRANSFER,False,1.0,False
T004503,D0121,2025-04-10,2025-05-10,2025-06-04,162900.0,BANK_TRANSFER,False,25.0,False
T000242,D0007,2023-09-22,2023-10-22,2023-11-29,232600.0,PDC,False,38.0,False
T001927,D0048,2023-09-24,2023-10-24,2023-10-25,280400.0,CASH,False,1.0,False
T002604,D0067,2023-11-01,2023-12-16,2023-12-17,245200.0,PDC,False,1.0,False
T000527,D0015,2023-07-06,2023-08-20,2023-08-20,217700.0,PDC,False,0.0,False
T003786,D0101,2025-02-15,2025-04-01,2025-04-06,236300.0,CASH,False,5.0,True
T001160,D0031,2023-04-22,2023-05-07,2023-05-13,85700.0,CASH,False,6.0,False
T006408,D0172,2023-12-14,2023-12-29,2023-12-29,40900.0,BANK_TRANSFER,False,0.0,False
T005526,D0146,2025-01-10,2025-02-24,2025-03-01,209400.0,CASH,False,5.0,True
T002961,D0078,2023-07-09,2023-08-23,2023-08-23,105900.0,CASH,False,0.0,False
T002253,D0057,2024-05-28,2024-07-12,,266200.0,PDC,True,,False
T007015,D0188,2023-06-23,2023-07-08,2023-07-13,275600.0,BANK_TRANSFER,False,5.0,True
T004526,D0121,2025-05-18,2025-06-02,2025-06-21,58400.0,PDC,False,19.0,True
T004294,D0115,2025-12-29,2026-02-12,2026-02-15,151300.0,PDC,False,3.0,False
T002326,D0059,2025-10-04,2025-10-19,2025-10-22,239500.0,PDC,False,3.0,False
T007123,D0190,2024-06-24,2024-07-09,2024-07-13,263600.0,CASH,False,4.0,False
T001479,D0039,2025-08-27,2025-10-11,2025-10-30,33700.0,PDC,False,19.0,False
T004435,D0119,2023-02-23,2023-04-09,2023-05-15,230900.0,CASH,False,36.0,True
T003989,D0106,2024-07-22,2024-08-21,2024-08-22,204700.0,PDC,False,1.0,False
T006725,D0181,2024-09-29,2024-11-13,,133400.0,PDC,True,,False
T004350,D0116,2025-07-03,2025-07-18,2025-07-22,246600.0,PDC,False,4.0,False
T000321,D0009,2023-01-11,2023-01-26,2023-01-31,168700.0,PDC,False,5.0,False
T008139,D0217,2024-11-05,2024-12-20,2024-12-21,61200.0,BANK_TRANSFER,False,1.0,False
T005043,D0135,2024-02-26,2024-04-11,2024-04-14,126000.0,PDC,False,3.0,True
T004216,D0112,2025-10-07,2025-11-06,2025-11-06,102900.0,BANK_TRANSFER,False,0.0,False
T001085,D0029,2024-02-15,2024-03-16,2024-03-18,260600.0,PDC,False,2.0,True
T003653,D0096,2025-07-20,2025-09-03,2025-09-04,116800.0,BANK_TRANSFER,False,1.0,False
T001192,D0032,2023-12-22,2024-02-05,2024-02-07,251300.0,CASH,False,2.0,False
T003828,D0103,2024-02-16,2024-03-02,2024-04-09,194000.0,PDC,False,38.0,True
T000621,D0017,2025-08-31,2025-09-30,2025-09-30,81500.0,PDC,False,0.0,False
T002099,D0053,2025-03-14,2025-04-13,2025-04-23,93600.0,BANK_TRANSFER,False,10.0,True
T004847,D0131,2024-11-29,2025-01-13,2025-01-13,55800.0,PDC,False,0.0,False
T006180,D0167,2024-02-24,2024-04-09,2024-06-15,221900.0,CASH,False,67.0,True
T002804,D0072,2024-03-31,2024-04-15,2024-04-15,37900.0,CASH,False,0.0,True
T001865,D0047,2023-10-06,2023-10-21,2023-10-25,104800.0,PDC,False,4.0,False
T002296,D0058,2025-12-27,2026-02-10,2026-03-20,110900.0,BANK_TRANSFER,False,38.0,False
T001960,D0050,2025-09-04,2025-10-04,2025-10-05,170300.0,BANK_TRANSFER,False,1.0,False
T005665,D0150,2023-10-15,2023-11-14,2023-11-18,128200.0,CASH,False,4.0,False
T000578,D0016,2025-09-24,2025-10-09,2025-10-14,225200.0,CASH,False,5.0,False
T001396,D0036,2024-05-04,2024-06-18,2024-06-19,106700.0,PDC,False,1.0,True
T005789,D0154,2025-05-01,2025-05-31,2025-06-02,71400.0,CASH,False,2.0,True
T002755,D0072,2024-01-24,2024-02-08,2024-02-10,81300.0,PDC,False,2.0,False
T001806,D0046,2025-06-22,2025-08-06,2025-08-18,176500.0,PDC,False,12.0,False
T002855,D0075,2024-05-05,2024-05-20,2024-05-21,291800.0,PDC,False,1.0,False
T007640,D0204,2023-06-07,2023-06-22,2023-06-22,270100.0,BANK_TRANSFER,False,0.0,True
T004367,D0117,2024-01-10,2024-01-25,2024-01-25,298000.0,CASH,False,0.0,False
T000171,D0005,2024-07-26,2024-08-10,2024-08-10,278300.0,CASH,False,0.0,False
T002042,D0051,2024-03-31,2024-05-15,2024-05-24,272700.0,BANK_TRANSFER,False,9.0,False
T006067,D0163,2023-10-13,2023-10-28,2023-10-31,184400.0,PDC,False,3.0,False
T001234,D0033,2024-09-08,2024-10-08,2024-10-14,289400.0,CASH,False,6.0,False
T006560,D0176,2023-07-28,2023-08-12,2023-09-17,111700.0,PDC,False,36.0,False
T005170,D0138,2024-10-03,2024-10-18,2024-10-21,298800.0,PDC,False,3.0,False
T007391,D0198,2023-09-10,2023-10-10,,232400.0,PDC,True,,False
T006357,D0171,2024-11-17,2025-01-01,2025-01-03,117800.0,BANK_TRANSFER,False,2.0,False
T006528,D0175,2024-10-15,2024-10-30,2024-10-30,267900.0,PDC,False,0.0,False
T007623,D0203,2024-05-05,2024-06-04,,225800.0,PDC,True,,False
T001276,D0034,2025-11-25,2025-12-10,,235200.0,PDC,True,,False
T003119,D0083,2025-12-24,2026-01-08,2026-01-11,59200.0,CASH,False,3.0,False
T004396,D0118,2024-12-02,2025-01-01,2025-01-02,248700.0,PDC,False,1.0,False
T002950,D0078,2023-11-29,2023-12-14,2023-12-14,221200.0,CASH,False,0.0,False
T001891,D0047,2025-11-01,2025-11-16,2025-11-18,224200.0,BANK_TRANSFER,False,2.0,False
T000678,D0018,2023-06-24,2023-07-09,2023-07-14,76300.0,CASH,False,5.0,True
T006451,D0174,2024-10-21,2024-12-05,2024-12-05,150000.0,PDC,False,0.0,False
T005441,D0144,2023-12-31,2024-01-30,,147200.0,CASH,False,,False
T005887,D0156,2024-01-18,2024-02-02,2024-02-14,55800.0,BANK_TRANSFER,False,12.0,False
T007294,D0194,2024-09-30,2024-10-15,2024-10-18,88200.0,PDC,False,3.0,False
T005563,D0147,2024-04-19,2024-05-04,2024-05-06,61600.0,PDC,False,2.0,False
T001297,D0034,2025-07-26,2025-08-25,2025-09-25,181200.0,CASH,False,31.0,False
T004392,D0118,2025-09-09,2025-10-24,2025-10-29,286200.0,PDC,False,5.0,False
T005167,D0138,2024-02-12,2024-03-13,2024-03-13,64100.0,PDC,False,0.0,True
T004150,D0111,2025-07-23,2025-09-06,2025-09-10,218900.0,PDC,False,4.0,False
T003401,D0090,2025-03-05,2025-04-04,2025-04-05,232500.0,PDC,False,1.0,True
T007742,D0207,2023-02-22,2023-04-08,2023-06-05,193800.0,PDC,False,58.0,True
T008004,D0214,2025-10-10,2025-11-09,2025-11-09,249000.0,CASH,False,0.0,False
T003901,D0105,2023-12-08,2023-12-23,2023-12-28,141600.0,PDC,False,5.0,False
T006359,D0171,2025-09-02,2025-10-02,2025-10-05,72800.0,CASH,False,3.0,False
T003343,D0088,2024-08-10,2024-08-25,2024-09-13,66500.0,PDC,False,19.0,False
T000302,D0009,2024-09-25,2024-10-25,2024-10-27,58900.0,BANK_TRANSFER,False,2.0,False
T000366,D0011,2024-07-16,2024-08-30,2024-09-11,39300.0,BANK_TRANSFER,False,12.0,False
T005705,D0150,2024-07-10,2024-08-24,2024-08-27,61000.0,PDC,False,3.0,False
T004199,D0111,2025-08-27,2025-10-11,2025-10-15,141100.0,PDC,False,4.0,False
T007373,D0197,2023-03-18,2023-04-02,2023-04-03,219000.0,CASH,False,1.0,True
T002796,D0072,2023-09-26,2023-10-26,2023-10-29,251100.0,BANK_TRANSFER,False,3.0,False
T005144,D0138,2025-09-29,2025-10-29,2025-10-29,132800.0,PDC,False,0.0,False
T003695,D0097,2025-11-12,2025-12-27,2025-12-29,87800.0,CASH,False,2.0,False
T000858,D0022,2025-04-19,2025-05-04,2025-05-05,249700.0,PDC,False,1.0,False
T004406,D0118,2025-07-02,2025-08-16,2025-08-22,248000.0,BANK_TRANSFER,False,6.0,False
T003006,D0080,2023-06-16,2023-07-16,,182300.0,PDC,True,,False
T005936,D0158,2025-11-21,2025-12-06,2025-12-07,27100.0,PDC,False,1.0,False
T005979,D0160,2025-10-13,2025-11-27,2025-11-27,154800.0,PDC,False,0.0,False
T007040,D0189,2024-11-08,2024-11-23,2024-11-27,50700.0,PDC,False,4.0,False
T004471,D0120,2024-06-12,2024-06-27,2024-06-30,210400.0,PDC,False,3.0,True
T005310,D0141,2024-03-24,2024-04-08,2024-04-09,70200.0,PDC,False,1.0,True
T000545,D0015,2025-05-18,2025-07-02,2025-07-16,225400.0,PDC,False,14.0,False
T004388,D0118,2025-02-22,2025-03-24,2025-03-27,141000.0,PDC,False,3.0,True
T006303,D0170,2024-11-06,2024-12-06,2024-12-18,198000.0,CASH,False,12.0,False
T003689,D0097,2023-01-13,2023-02-12,2023-02-19,64900.0,CASH,False,7.0,False
T004486,D0121,2023-07-17,2023-08-16,2023-08-29,55400.0,PDC,False,13.0,False
T002870,D0075,2024-07-25,2024-08-09,2024-08-14,287700.0,PDC,False,5.0,False
T004947,D0133,2025-07-17,2025-08-16,2025-08-18,150600.0,PDC,False,2.0,False
T007316,D0195,2023-11-24,2024-01-08,2024-01-20,220100.0,BANK_TRANSFER,False,12.0,False
T001871,D0047,2025-10-17,2025-12-01,2025-12-02,101500.0,PDC,False,1.0,False
T008190,D0219,2025-02-07,2025-03-24,2025-03-27,241100.0,PDC,False,3.0,True
T005259,D0140,2025-12-24,2026-01-23,2026-01-23,295200.0,PDC,False,0.0,False
T003232,D0086,2025-10-28,2025-11-12,2025-12-29,229200.0,PDC,False,47.0,False
T005016,D0135,2025-09-09,2025-09-24,2025-09-25,28900.0,CASH,False,1.0,False
T006600,D0177,2024-09-17,2024-10-17,2024-11-13,274200.0,CASH,False,27.0,False
T004507,D0121,2024-01-17,2024-02-16,2024-03-04,255300.0,PDC,False,17.0,False
T005142,D0138,2025-08-20,2025-10-04,2025-10-06,107000.0,PDC,False,2.0,False
T001895,D0047,2023-12-24,2024-02-07,2024-02-07,150900.0,CASH,False,0.0,False
T001185,D0032,2024-01-26,2024-03-11,2024-03-12,291500.0,PDC,False,1.0,True
T007011,D0188,2025-11-04,2025-12-19,2025-12-19,229800.0,CASH,False,0.0,False
T003005,D0080,2025-03-30,2025-05-14,2025-06-20,235200.0,CASH,False,37.0,False
T001899,D0047,2024-12-03,2024-12-18,2024-12-19,150000.0,BANK_TRANSFER,False,1.0,False
T000833,D0022,2024-07-04,2024-08-18,2024-08-21,193400.0,BANK_TRANSFER,False,3.0,False
T000691,D0019,2024-05-23,2024-06-22,2024-06-28,184300.0,PDC,False,6.0,True
T007047,D0189,2024-03-04,2024-03-19,2024-03-21,294400.0,BANK_TRANSFER,False,2.0,True
T003777,D0101,2023-03-14,2023-04-13,2023-04-17,39100.0,BANK_TRANSFER,False,4.0,True
T001513,D0039,2023-02-15,2023-03-02,2023-03-22,200200.0,BANK_TRANSFER,False,20.0,False
T007217,D0192,2025-03-31,2025-04-30,2025-05-03,61700.0,PDC,False,3.0,False
T003883,D0104,2024-08-23,2024-09-07,2024-09-26,62700.0,PDC,False,19.0,False
T001076,D0029,2023-07-02,2023-07-17,2023-07-21,23900.0,PDC,False,4.0,False
T005798,D0154,2025-12-16,2026-01-15,2026-01-15,283900.0,PDC,False,0.0,False
T002112,D0053,2025-12-07,2026-01-21,2026-01-23,161200.0,PDC,False,2.0,False
T004866,D0131,2024-12-07,2025-01-21,2025-01-25,55200.0,PDC,False,4.0,False
T007590,D0202,2025-08-14,2025-08-29,2025-09-01,150400.0,CASH,False,3.0,False
T008052,D0215,2025-07-08,2025-07-23,2025-08-30,260000.0,PDC,False,38.0,False
T002603,D0067,2025-07-20,2025-08-19,2025-08-21,66000.0,CASH,False,2.0,False
T001947,D0049,2024-12-04,2024-12-19,2024-12-25,267100.0,CASH,False,6.0,False
T007853,D0210,2023-10-09,2023-11-08,2023-11-13,69800.0,PDC,False,5.0,False
T007881,D0211,2025-06-05,2025-07-05,2025-07-06,60700.0,CASH,False,1.0,False
T000753,D0020,2025-06-30,2025-07-15,2025-08-03,272900.0,PDC,False,19.0,False
T001362,D0036,2023-03-30,2023-05-14,2023-05-14,60000.0,PDC,False,0.0,False
T005533,D0146,2025-02-09,2025-02-24,2025-02-25,192200.0,PDC,False,1.0,True
T002683,D0070,2025-10-21,2025-11-20,2025-12-04,200700.0,PDC,False,14.0,False
T005138,D0138,2023-10-26,2023-12-10,2023-12-12,43600.0,PDC,False,2.0,False
T003285,D0087,2024-12-04,2025-01-18,2025-01-21,180100.0,PDC,False,3.0,False
T006891,D0184,2025-07-11,2025-08-25,2025-09-30,220500.0,BANK_TRANSFER,False,36.0,False
T008029,D0215,2025-04-09,2025-05-24,,290400.0,PDC,True,,False
T000364,D0011,2024-12-20,2025-01-19,2025-01-28,76200.0,PDC,False,9.0,False
T005253,D0140,2024-10-23,2024-11-07,2024-11-09,51600.0,CASH,False,2.0,False
T002765,D0072,2024-07-25,2024-08-24,2024-08-25,170600.0,PDC,False,1.0,False
T001136,D0031,2024-10-02,2024-11-01,2024-11-07,186700.0,CASH,False,6.0,False
T003213,D0086,2024-03-10,2024-04-09,,63100.0,PDC,True,,True
T003808,D0101,2025-04-21,2025-06-05,2025-06-06,278500.0,BANK_TRANSFER,False,1.0,True
T001680,D0043,2023-10-25,2023-12-09,2023-12-11,132600.0,BANK_TRANSFER,False,2.0,False
T004647,D0125,2024-02-03,2024-02-18,2024-04-16,174400.0,BANK_TRANSFER,False,58.0,False
T003590,D0094,2023-11-12,2023-12-27,2023-12-27,245100.0,PDC,False,0.0,False
T002357,D0060,2025-04-28,2025-05-28,2025-06-09,56400.0,PDC,False,12.0,True
T005826,D0154,2024-10-12,2024-10-27,2024-10-30,203800.0,PDC,False,3.0,False
T001623,D0041,2024-08-16,2024-09-15,2024-09-15,65000.0,PDC,False,0.0,False
T006902,D0185,2025-01-23,2025-02-22,2025-02-24,250600.0,PDC,False,2.0,True
T006677,D0180,2023-01-27,2023-02-11,2023-02-11,264800.0,PDC,False,0.0,False
T004098,D0109,2025-11-01,2025-11-16,2025-11-24,46100.0,CASH,False,8.0,False
T003015,D0080,2024-05-08,2024-05-23,2024-06-27,291300.0,PDC,False,35.0,False
T004811,D0129,2025-01-12,2025-02-11,2025-02-12,261500.0,PDC,False,1.0,False
T004939,D0133,2025-05-16,2025-06-30,2025-07-01,33800.0,CASH,False,1.0,False
T002069,D0052,2024-10-01,2024-11-15,2024-12-20,161100.0,PDC,False,35.0,False
T004390,D0118,2025-06-20,2025-07-20,2025-07-23,138800.0,PDC,False,3.0,False
T000880,D0023,2025-08-06,2025-09-05,2025-09-07,139300.0,BANK_TRANSFER,False,2.0,False
T007714,D0207,2025-09-11,2025-10-26,2025-12-02,290900.0,BANK_TRANSFER,False,37.0,False
T003798,D0101,2023-03-31,2023-04-30,2023-04-30,83400.0,PDC,False,0.0,True
T004960,D0133,2025-01-01,2025-01-31,2025-02-03,218600.0,PDC,False,3.0,False
T000759,D0020,2025-03-18,2025-05-02,2025-05-11,194600.0,PDC,False,9.0,False
T003122,D0083,2024-07-13,2024-07-28,2024-09-15,139700.0,BANK_TRANSFER,False,49.0,False
T002403,D0061,2025-10-10,2025-10-25,,233000.0,PDC,True,,False
T002060,D0052,2025-10-19,2025-12-03,2025-12-06,32300.0,PDC,False,3.0,False
T006244,D0169,2025-12-26,2026-02-09,2026-02-09,228100.0,PDC,False,0.0,False
T007647,D0204,2023-08-18,2023-09-17,2023-09-21,23500.0,PDC,False,4.0,False
T002578,D0067,2025-01-20,2025-02-19,2025-02-26,204300.0,CASH,False,7.0,True
T001912,D0048,2023-07-19,2023-09-02,2023-09-04,40100.0,CASH,False,2.0,False
T007935,D0212,2024-12-15,2025-01-14,2025-02-02,24700.0,BANK_TRANSFER,False,19.0,False
T007036,D0189,2024-02-05,2024-02-20,2024-02-20,67200.0,BANK_TRANSFER,False,0.0,False
T001074,D0029,2023-09-20,2023-11-04,2023-11-04,165100.0,PDC,False,0.0,False
T005256,D0140,2025-02-06,2025-03-23,2025-03-23,107600.0,PDC,False,0.0,True
T000059,D0003,2025-06-10,2025-07-10,2025-07-24,154200.0,PDC,False,14.0,False
T007290,D0194,2024-05-11,2024-05-26,2024-05-26,75600.0,CASH,False,0.0,False
T002295,D0058,2025-08-15,2025-09-14,2025-09-15,134200.0,BANK_TRANSFER,False,1.0,False
T006255,D0169,2024-05-24,2024-06-08,,294900.0,BANK_TRANSFER,False,,True
T005335,D0141,2024-01-29,2024-02-13,2024-02-13,164700.0,BANK_TRANSFER,False,0.0,False
T008222,D0220,2025-09-16,2025-10-01,,243200.0,PDC,False,,False
T002399,D0061,2025-06-20,2025-07-05,2025-07-08,101100.0,PDC,False,3.0,False
T003134,D0084,2023-11-15,2023-12-30,2024-01-01,153900.0,PDC,False,2.0,False
T001069,D0029,2024-01-24,2024-02-23,2024-02-26,70600.0,CASH,False,3.0,False
T002530,D0066,2025-12-05,2025-12-20,2025-12-25,290300.0,PDC,False,5.0,False
T007500,D0200,2023-10-31,2023-11-15,2023-11-19,166100.0,PDC,False,4.0,False
T001478,D0039,2023-07-30,2023-08-14,,255300.0,PDC,True,,False
T001514,D0039,2024-07-31,2024-08-30,2024-10-13,203600.0,PDC,False,44.0,False
T003286,D0087,2024-05-14,2024-06-13,2024-06-16,153100.0,CASH,False,3.0,True
T006501,D0175,2025-10-03,2025-11-17,2025-11-23,285700.0,PDC,False,6.0,False
T003069,D0082,2024-06-12,2024-07-27,2024-07-27,235600.0,CASH,False,0.0,False
T005361,D0142,2025-03-25,2025-05-09,2025-05-11,187400.0,BANK_TRANSFER,False,2.0,False
T005165,D0138,2024-06-05,2024-07-05,2024-07-06,235500.0,PDC,False,1.0,False
T006807,D0182,2024-06-15,2024-07-15,2024-07-21,168500.0,PDC,False,6.0,False
T007725,D0207,2023-10-30,2023-11-29,2024-01-18,113000.0,PDC,False,50.0,False
T004613,D0124,2023-02-23,2023-03-25,2023-03-27,258700.0,PDC,False,2.0,True
T008054,D0215,2025-04-24,2025-06-08,,144800.0,PDC,True,,True
T003290,D0088,2023-02-13,2023-02-28,2023-03-10,253100.0,PDC,False,10.0,False
T001800,D0045,2023-06-28,2023-07-28,2023-07-31,209300.0,PDC,False,3.0,False
T006876,D0184,2024-11-12,2024-11-27,2024-12-17,278100.0,PDC,False,20.0,False
T006581,D0177,2024-10-27,2024-11-11,2024-11-22,29600.0,BANK_TRANSFER,False,11.0,False
T007094,D0190,2024-06-28,2024-07-13,2024-08-04,78200.0,PDC,False,22.0,False
T002501,D0064,2025-01-09,2025-02-23,2025-03-09,283500.0,PDC,False,14.0,True
T002192,D0055,2024-09-09,2024-10-24,2024-10-31,117200.0,PDC,False,7.0,False
T000915,D0024,2024-07-29,2024-08-13,2024-08-14,202100.0,CASH,False,1.0,False
T004289,D0114,2024-11-09,2024-11-24,2024-12-06,216300.0,PDC,False,12.0,False
T003796,D0101,2024-05-26,2024-06-10,2024-06-12,265700.0,PDC,False,2.0,True
T006204,D0167,2023-12-12,2023-12-27,2024-01-25,92600.0,CASH,False,29.0,False
T005775,D0153,2025-06-08,2025-07-23,2025-07-24,75300.0,PDC,False,1.0,False
T004086,D0109,2025-06-24,2025-07-24,,267700.0,PDC,True,,False
T005135,D0138,2025-12-03,2026-01-02,2026-01-02,98900.0,PDC,False,0.0,False
T006916,D0185,2024-08-06,2024-08-21,2024-08-25,256300.0,PDC,False,4.0,False
T005314,D0141,2024-09-04,2024-09-19,2024-09-19,290600.0,PDC,False,0.0,False
T002682,D0070,2025-03-22,2025-04-06,2025-05-22,94300.0,BANK_TRANSFER,False,46.0,True
T002506,D0064,2025-01-07,2025-01-22,2025-02-04,213400.0,CASH,False,13.0,False
T001304,D0034,2024-07-23,2024-09-06,,104300.0,PDC,True,,False
T004723,D0126,2024-06-09,2024-07-24,2024-07-24,167500.0,CASH,False,0.0,False
T003806,D0101,2024-07-01,2024-07-31,2024-08-03,288100.0,CASH,False,3.0,False
T001174,D0032,2023-04-22,2023-05-07,2023-05-08,226600.0,CASH,False,1.0,False
T001433,D0038,2023-09-20,2023-10-05,2023-11-27,181700.0,PDC,False,53.0,False
T001100,D0030,2025-09-07,2025-10-22,,199600.0,PDC,True,,False
T007737,D0207,2024-06-23,2024-08-07,2024-08-29,35600.0,BANK_TRANSFER,False,22.0,False
T001909,D0048,2025-12-22,2026-01-21,2026-01-23,63800.0,PDC,False,2.0,False
T007529,D0200,2024-10-25,2024-11-09,2024-11-09,31000.0,PDC,False,0.0,False
T007516,D0200,2023-06-18,2023-08-02,2023-08-04,287200.0,PDC,False,2.0,False
T007363,D0196,2025-02-13,2025-03-15,2025-03-20,278500.0,PDC,False,5.0,True
T006706,D0180,2025-11-14,2025-12-14,2025-12-14,161600.0,PDC,False,0.0,False
T001406,D0037,2025-11-02,2025-11-17,,155400.0,PDC,True,,False
T007631,D0203,2025-10-13,2025-11-27,2025-12-12,126400.0,PDC,False,15.0,False
T005892,D0156,2025-06-12,2025-07-27,2025-08-01,126300.0,PDC,False,5.0,False
T002814,D0073,2025-05-05,2025-05-20,2025-06-11,246700.0,PDC,False,22.0,False
T000310,D0009,2023-09-13,2023-10-13,2023-10-17,133100.0,PDC,False,4.0,False
T005509,D0146,2025-05-15,2025-05-30,2025-06-02,266500.0,CASH,False,3.0,True
T004091,D0109,2025-10-23,2025-11-22,,21000.0,PDC,True,,False
T000776,D0020,2023-08-05,2023-09-04,,76000.0,PDC,True,,False
T004581,D0123,2025-05-10,2025-06-09,2025-06-10,113900.0,CASH,False,1.0,True
T000368,D0011,2025-04-11,2025-05-11,2025-05-30,216000.0,PDC,False,19.0,False
T000571,D0016,2025-07-27,2025-08-26,2025-09-15,141500.0,PDC,False,20.0,False
T004100,D0109,2024-03-03,2024-03-18,2024-03-27,21700.0,PDC,False,9.0,True
T004746,D0127,2025-04-29,2025-06-13,2025-06-18,230900.0,PDC,False,5.0,True
T006317,D0170,2024-02-29,2024-03-15,2024-03-28,21600.0,PDC,False,13.0,True
T004538,D0122,2024-07-19,2024-08-03,2024-08-22,298800.0,BANK_TRANSFER,False,19.0,False
T001594,D0041,2025-02-07,2025-03-24,2025-03-29,271300.0,BANK_TRANSFER,False,5.0,True
T002264,D0057,2025-04-14,2025-05-14,,140800.0,PDC,True,,False
T008142,D0217,2023-03-05,2023-04-19,2023-04-19,28300.0,BANK_TRANSFER,False,0.0,True
T006794,D0182,2025-04-21,2025-06-05,2025-06-08,205000.0,PDC,False,3.0,True
T001542,D0040,2024-06-29,2024-08-13,2024-08-13,88200.0,PDC,False,0.0,False
T008167,D0218,2024-09-06,2024-10-21,2024-10-22,187200.0,CASH,False,1.0,False
T007548,D0201,2023-02-05,2023-02-20,2023-02-23,212000.0,PDC,False,3.0,False
T004645,D0125,2023-09-03,2023-09-18,2023-09-27,275400.0,CASH,False,9.0,False
T007683,D0206,2023-11-28,2024-01-12,2024-01-12,58800.0,PDC,False,0.0,False
T006713,D0180,2025-02-10,2025-02-25,2025-03-02,266800.0,PDC,False,5.0,True
T001841,D0046,2025-06-30,2025-07-15,2025-07-18,91600.0,PDC,False,3.0,False
T005905,D0157,2025-02-06,2025-03-08,2025-03-09,52000.0,PDC,False,1.0,True
T005042,D0135,2023-11-23,2024-01-07,2024-01-07,50700.0,PDC,False,0.0,False
T008210,D0219,2025-08-30,2025-09-14,2025-09-14,177800.0,CASH,False,0.0,False
T000073,D0003,2024-04-21,2024-05-21,2024-05-26,193100.0,PDC,False,5.0,False
T004830,D0130,2024-03-02,2024-04-16,2024-05-02,207800.0,PDC,False,16.0,True
T007980,D0213,2025-03-05,2025-03-20,2025-03-22,190700.0,PDC,False,2.0,True
T005091,D0136,2024-05-25,2024-06-09,2024-06-13,206000.0,PDC,False,4.0,True
T004859,D0131,2023-01-13,2023-01-28,2023-01-30,241200.0,PDC,False,2.0,False
T002836,D0074,2024-08-20,2024-09-19,2024-09-21,197500.0,PDC,False,2.0,False
T004270,D0114,2023-12-30,2024-01-29,,144800.0,PDC,True,,False
T007695,D0207,2023-11-15,2023-12-15,2024-01-23,42700.0,PDC,False,39.0,False
T003737,D0100,2025-04-06,2025-04-21,2025-04-27,260700.0,PDC,False,6.0,False
T006883,D0184,2024-08-29,2024-09-28,2024-11-13,230700.0,PDC,False,46.0,False
T002512,D0065,2024-05-07,2024-06-21,2024-06-25,256900.0,PDC,False,4.0,True
T001781,D0045,2025-02-07,2025-03-24,2025-03-24,243000.0,PDC,False,0.0,True
T001776,D0045,2025-12-03,2026-01-02,2026-01-05,221900.0,PDC,False,3.0,False
T001535,D0040,2024-10-05,2024-11-04,2024-11-08,296800.0,PDC,False,4.0,False
T004935,D0132,2024-11-30,2025-01-14,2025-01-15,156800.0,PDC,False,1.0,False
T003106,D0083,2024-03-18,2024-05-02,,175000.0,PDC,True,,False
T003766,D0100,2025-01-02,2025-01-17,2025-01-30,176000.0,BANK_TRANSFER,False,13.0,False
T003335,D0088,2025-09-03,2025-10-18,2025-10-30,197100.0,BANK_TRANSFER,False,12.0,False
T006532,D0175,2024-05-03,2024-06-17,2024-06-20,297600.0,PDC,False,3.0,True
T004961,D0133,2024-12-04,2024-12-19,2024-12-22,178300.0,PDC,False,3.0,False
T007880,D0211,2024-09-06,2024-10-06,2024-10-07,289900.0,CASH,False,1.0,False
T005982,D0160,2025-04-23,2025-06-07,2025-06-08,231000.0,CASH,False,1.0,True
T006343,D0170,2025-05-20,2025-06-19,2025-07-11,55400.0,BANK_TRANSFER,False,22.0,True
T006445,D0173,2024-07-04,2024-08-18,2024-08-22,294900.0,PDC,False,4.0,False
T004395,D0118,2025-02-07,2025-02-22,,269600.0,PDC,True,,True
T007739,D0207,2024-04-23,2024-05-08,,59300.0,PDC,True,,False
T005390,D0143,2025-05-30,2025-06-14,2025-06-15,103300.0,BANK_TRANSFER,False,1.0,True
T004363,D0117,2024-10-15,2024-11-29,2024-12-02,72100.0,PDC,False,3.0,False
T003963,D0106,2024-09-19,2024-10-04,2024-10-04,127800.0,BANK_TRANSFER,False,0.0,False
T007009,D0188,2024-12-03,2025-01-02,2025-01-05,66400.0,PDC,False,3.0,False
T001785,D0045,2023-03-06,2023-04-05,2023-04-10,133600.0,PDC,False,5.0,True
T007375,D0197,2024-03-14,2024-03-29,2024-03-30,156900.0,PDC,False,1.0,True
T001030,D0028,2025-11-23,2025-12-23,2026-01-09,135800.0,CASH,False,17.0,False
T000520,D0015,2023-06-17,2023-08-01,2023-08-17,141900.0,PDC,False,16.0,False
T002447,D0062,2025-05-20,2025-06-19,2025-06-22,79100.0,PDC,False,3.0,True
T005320,D0141,2025-10-04,2025-11-03,2025-11-04,123300.0,PDC,False,1.0,False
T001915,D0048,2023-07-21,2023-08-20,2023-08-21,197500.0,CASH,False,1.0,False
T008179,D0218,2025-01-24,2025-02-23,2025-02-26,242000.0,PDC,False,3.0,True
T001610,D0041,2023-07-15,2023-08-29,2023-08-31,249000.0,CASH,False,2.0,False
T006810,D0182,2025-10-04,2025-10-19,2025-10-21,223300.0,PDC,False,2.0,False
T000396,D0011,2025-04-18,2025-06-02,2025-06-09,262600.0,PDC,False,7.0,True
T004191,D0111,2023-07-27,2023-09-10,2023-09-11,197100.0,BANK_TRANSFER,False,1.0,False
T001984,D0050,2025-12-31,2026-02-14,2026-02-14,280400.0,CASH,False,0.0,False
T001937,D0049,2024-12-03,2024-12-18,2024-12-27,178400.0,PDC,False,9.0,False
T003365,D0089,2025-09-10,2025-09-25,2025-09-25,231000.0,PDC,False,0.0,False
T006979,D0188,2023-01-21,2023-02-05,2023-02-08,166900.0,PDC,False,3.0,False
T005969,D0160,2024-06-16,2024-07-31,2024-08-02,134400.0,PDC,False,2.0,False
T001034,D0028,2024-01-30,2024-02-14,2024-03-19,192900.0,CASH,False,34.0,False
T006342,D0170,2024-11-29,2025-01-13,2025-01-13,270600.0,PDC,False,0.0,False
T004389,D0118,2024-02-13,2024-02-28,2024-03-01,150100.0,CASH,False,2.0,True
T008008,D0214,2025-10-23,2025-12-07,2025-12-09,134800.0,CASH,False,2.0,False
T000605,D0017,2023-02-05,2023-03-22,2023-03-24,161600.0,CASH,False,2.0,True
T006205,D0167,2024-10-28,2024-11-27,2024-12-06,128300.0,PDC,False,9.0,False
T004978,D0134,2025-01-23,2025-03-09,2025-03-09,156900.0,BANK_TRANSFER,False,0.0,True
T007277,D0194,2023-12-31,2024-01-30,2024-02-03,220000.0,CASH,False,4.0,False
T002805,D0072,2024-04-21,2024-05-21,2024-05-22,70300.0,CASH,False,1.0,False
T001432,D0038,2025-11-12,2025-12-12,2026-01-13,200300.0,PDC,False,32.0,False
T007224,D0192,2024-11-10,2024-11-25,2024-11-27,260900.0,PDC,False,2.0,False
T003651,D0096,2023-03-26,2023-05-10,2023-05-12,113800.0,PDC,False,2.0,False
T004903,D0132,2024-08-17,2024-09-01,2024-09-07,253000.0,PDC,False,6.0,False
T007747,D0207,2024-10-05,2024-10-20,2024-11-24,227200.0,CASH,False,35.0,False
T002366,D0060,2025-06-10,2025-07-10,2025-07-21,109700.0,CASH,False,11.0,False
T001322,D0035,2024-12-02,2025-01-16,2025-01-22,114900.0,BANK_TRANSFER,False,6.0,False
T002577,D0067,2024-11-14,2024-12-14,2024-12-14,139800.0,BANK_TRANSFER,False,0.0,False
T005044,D0135,2025-05-08,2025-05-23,2025-05-27,29000.0,BANK_TRANSFER,False,4.0,False
T007350,D0196,2023-05-04,2023-06-18,2023-06-19,32500.0,PDC,False,1.0,True
T005274,D0140,2024-11-15,2024-11-30,2024-11-30,264200.0,CASH,False,0.0,False
T002642,D0068,2025-04-06,2025-05-21,2025-05-25,220600.0,PDC,False,4.0,False
T004727,D0127,2024-03-15,2024-03-30,2024-03-31,131600.0,PDC,False,1.0,True
T006871,D0184,2025-04-26,2025-06-10,2025-07-16,218700.0,CASH,False,36.0,True
T006522,D0175,2024-05-20,2024-07-04,2024-07-06,114600.0,PDC,False,2.0,False
T006226,D0168,2024-02-07,2024-03-08,2024-03-11,53000.0,BANK_TRANSFER,False,3.0,True
T003433,D0090,2025-11-26,2025-12-26,,242600.0,PDC,True,,False
T002684,D0070,2024-02-01,2024-03-17,2024-05-08,124300.0,CASH,False,52.0,True
T003381,D0089,2024-09-14,2024-10-14,2024-10-15,76700.0,PDC,False,1.0,False
T004319,D0115,2023-10-31,2023-12-15,2023-12-15,84000.0,PDC,False,0.0,False
T004074,D0109,2024-09-21,2024-11-05,2024-11-13,35700.0,PDC,False,8.0,False
T007249,D0193,2024-04-26,2024-05-26,2024-06-16,52600.0,BANK_TRANSFER,False,21.0,False
T006624,D0178,2023-03-07,2023-04-21,2023-04-26,206300.0,PDC,False,5.0,True
T003933,D0105,2025-05-23,2025-07-07,2025-07-09,189100.0,PDC,False,2.0,False
T001743,D0044,2024-07-21,2024-08-05,2024-08-11,36800.0,PDC,False,6.0,False
T006437,D0173,2023-04-05,2023-05-05,2023-05-06,157100.0,PDC,False,1.0,True
T001878,D0047,2023-07-01,2023-07-16,2023-07-16,298500.0,PDC,False,0.0,False
T006494,D0175,2023-08-13,2023-09-12,2023-09-14,168900.0,PDC,False,2.0,False
T007616,D0203,2023-07-26,2023-08-10,2023-08-16,249600.0,PDC,False,6.0,False
T006636,D0178,2023-04-06,2023-04-21,2023-04-23,226700.0,BANK_TRANSFER,False,2.0,True
T001924,D0048,2023-02-18,2023-04-04,2023-04-05,284100.0,PDC,False,1.0,True
T008084,D0216,2024-06-21,2024-07-06,2024-07-08,143100.0,PDC,False,2.0,False
T002842,D0075,2024-09-27,2024-11-11,2024-11-15,162400.0,PDC,False,4.0,False
T004384,D0118,2025-07-24,2025-08-23,2025-08-27,228800.0,PDC,False,4.0,False
T007421,D0198,2025-08-11,2025-08-26,2025-09-02,50100.0,PDC,False,7.0,False
T006704,D0180,2023-03-25,2023-04-24,2023-04-29,128300.0,PDC,False,5.0,True
T004210,D0112,2024-01-02,2024-02-01,2024-02-03,148700.0,PDC,False,2.0,False
T000028,D0001,2023-04-22,2023-06-06,2023-06-06,181900.0,PDC,False,0.0,False
T006197,D0167,2025-09-29,2025-11-13,2025-12-06,262300.0,PDC,False,23.0,False
T005206,D0139,2025-07-15,2025-08-29,2025-09-21,75400.0,CASH,False,23.0,False
T003569,D0094,2025-01-25,2025-03-11,2025-03-15,211300.0,BANK_TRANSFER,False,4.0,True
T005321,D0141,2025-04-10,2025-05-10,2025-05-11,118200.0,CASH,False,1.0,False
T007953,D0213,2024-07-04,2024-08-03,2024-08-04,213500.0,PDC,False,1.0,False
T005817,D0154,2025-02-28,2025-03-15,2025-03-19,182000.0,PDC,False,4.0,True
T002177,D0054,2024-03-28,2024-04-12,2024-04-17,53600.0,CASH,False,5.0,True
T004622,D0125,2025-01-15,2025-02-14,,49500.0,PDC,True,,False
T006353,D0171,2024-01-20,2024-02-04,2024-02-04,150500.0,PDC,False,0.0,False
T005570,D0147,2023-03-03,2023-03-18,,42500.0,PDC,False,,True
T007944,D0213,2025-08-27,2025-09-26,,188700.0,BANK_TRANSFER,False,,False
T003880,D0104,2025-12-16,2025-12-31,2026-01-26,236600.0,CASH,False,26.0,False
T004603,D0124,2024-08-29,2024-10-13,2024-10-13,196000.0,PDC,False,0.0,False
T008186,D0218,2024-07-01,2024-07-31,,127800.0,PDC,False,,False
T004601,D0124,2024-01-24,2024-03-09,2024-03-09,71600.0,PDC,False,0.0,True
T001224,D0033,2025-01-23,2025-03-09,2025-03-09,296000.0,PDC,False,0.0,True
T002445,D0062,2023-04-08,2023-05-23,2023-05-23,36600.0,PDC,False,0.0,False
T006386,D0172,2025-05-26,2025-06-10,2025-06-13,211900.0,PDC,False,3.0,True
T003313,D0088,2023-07-05,2023-08-04,2023-08-17,258400.0,BANK_TRANSFER,False,13.0,False
T005792,D0154,2024-02-06,2024-02-21,2024-02-22,220300.0,CASH,False,1.0,False
T007565,D0202,2023-09-14,2023-09-29,2023-09-30,65400.0,CASH,False,1.0,False
T003068,D0082,2025-06-12,2025-06-27,2025-06-27,288600.0,BANK_TRANSFER,False,0.0,False
T001627,D0042,2025-01-23,2025-03-09,2025-03-12,115500.0,PDC,False,3.0,True
T001265,D0033,2023-08-31,2023-10-15,2023-10-19,161900.0,PDC,False,4.0,False
T003970,D0106,2024-10-05,2024-10-20,2024-10-23,264700.0,PDC,False,3.0,False
T007536,D0200,2023-02-02,2023-02-17,2023-02-23,74100.0,CASH,False,6.0,False
T000878,D0023,2024-10-05,2024-11-04,2024-11-06,218600.0,PDC,False,2.0,False
T006971,D0188,2025-01-20,2025-02-04,2025-02-06,142800.0,PDC,False,2.0,False
T003479,D0091,2025-05-30,2025-06-14,2025-06-20,254200.0,PDC,False,6.0,True
T004110,D0109,2025-12-20,2026-02-03,2026-02-16,293600.0,PDC,False,13.0,False
T000482,D0014,2025-12-23,2026-01-07,2026-01-10,286100.0,CASH,False,3.0,False
T006216,D0168,2024-06-02,2024-07-17,2024-07-20,56300.0,BANK_TRANSFER,False,3.0,False
T007566,D0202,2024-06-25,2024-08-09,2024-08-09,77600.0,CASH,False,0.0,False
T002553,D0066,2023-09-24,2023-10-09,2023-10-19,198200.0,PDC,False,10.0,False
T007173,D0191,2024-08-05,2024-09-04,2024-09-05,198200.0,PDC,False,1.0,False
T007856,D0210,2024-11-10,2024-12-10,2024-12-13,25600.0,PDC,False,3.0,False
T004954,D0133,2023-03-12,2023-04-26,2023-04-27,99700.0,PDC,False,1.0,True
T003130,D0084,2025-03-08,2025-03-23,2025-03-27,206800.0,PDC,False,4.0,True
T004143,D0110,2024-10-23,2024-11-22,2024-11-23,154200.0,PDC,False,1.0,False
T002919,D0077,2023-04-21,2023-06-05,2023-06-22,97200.0,BANK_TRANSFER,False,17.0,False
T007472,D0199,2024-12-07,2025-01-21,2025-02-07,196500.0,PDC,False,17.0,False
T004042,D0108,2025-01-30,2025-03-16,2025-03-19,74800.0,CASH,False,3.0,True
T002315,D0059,2025-12-27,2026-02-10,2026-02-12,252800.0,BANK_TRANSFER,False,2.0,False
T004996,D0134,2024-01-06,2024-02-05,2024-02-09,77500.0,PDC,False,4.0,False
T005119,D0137,2024-10-15,2024-10-30,,94200.0,PDC,True,,False
T004329,D0116,2025-12-21,2026-02-04,2026-02-06,147100.0,CASH,False,2.0,False
T000942,D0026,2023-09-17,2023-10-17,2023-10-19,270400.0,PDC,False,2.0,False
T007971,D0213,2024-09-16,2024-10-16,2024-10-19,195200.0,CASH,False,3.0,False
T008103,D0216,2025-09-04,2025-10-19,2025-10-21,216000.0,CASH,False,2.0,False
T003238,D0087,2025-05-28,2025-06-27,2025-07-03,143900.0,PDC,False,6.0,False
T007007,D0188,2025-11-01,2025-11-16,,267200.0,PDC,True,,False
T005954,D0159,2025-08-10,2025-08-25,2025-08-25,33100.0,CASH,False,0.0,False
T001810,D0046,2024-10-14,2024-11-13,,92400.0,PDC,True,,False
T006272,D0169,2024-01-14,2024-02-13,2024-02-18,166700.0,CASH,False,5.0,False
T001166,D0031,2023-06-11,2023-07-11,2023-07-16,273500.0,PDC,False,5.0,False
T000205,D0006,2024-04-12,2024-05-12,2024-05-13,49500.0,PDC,False,1.0,False
T007579,D0202,2025-04-19,2025-06-03,2025-06-03,23200.0,PDC,False,0.0,True
T006671,D0180,2024-07-24,2024-09-07,2024-09-08,207000.0,PDC,False,1.0,False
T003690,D0097,2025-11-26,2025-12-26,2025-12-30,220300.0,CASH,False,4.0,False
T007589,D0202,2024-07-06,2024-08-20,2024-08-20,185700.0,PDC,False,0.0,False
T003510,D0093,2025-11-14,2025-11-29,2025-11-29,79900.0,PDC,False,0.0,False
T001163,D0031,2025-10-03,2025-11-02,2025-11-07,39100.0,PDC,False,5.0,False
T002730,D0071,2025-01-02,2025-02-01,2025-02-22,264200.0,PDC,False,21.0,False
T001601,D0041,2023-02-14,2023-03-31,2023-04-02,281000.0,CASH,False,2.0,True
T000087,D0004,2025-02-13,2025-03-30,2025-04-04,130500.0,CASH,False,5.0,True
T005711,D0151,2024-07-17,2024-08-16,2024-08-28,89900.0,PDC,False,12.0,False
T002208,D0056,2025-03-22,2025-04-21,2025-04-23,223400.0,PDC,False,2.0,False
T003047,D0081,2024-03-07,2024-04-21,2024-04-25,102100.0,BANK_TRANSFER,False,4.0,True
T004718,D0126,2023-03-27,2023-05-11,2023-05-12,268700.0,CASH,False,1.0,False
T005820,D0154,2025-01-05,2025-01-20,2025-01-21,35400.0,PDC,False,1.0,False
T000365,D0011,2024-12-23,2025-02-06,2025-02-13,197200.0,BANK_TRANSFER,False,7.0,False
T003981,D0106,2024-05-30,2024-07-14,2024-07-18,39500.0,CASH,False,4.0,False
T005878,D0155,2023-09-24,2023-10-24,2023-10-29,294000.0,BANK_TRANSFER,False,5.0,False
T006888,D0184,2025-08-24,2025-10-08,2025-11-18,284500.0,PDC,False,41.0,False
T001293,D0034,2025-03-15,2025-04-29,2025-05-12,258600.0,PDC,False,13.0,False
T003976,D0106,2024-04-03,2024-05-03,2024-05-05,46800.0,PDC,False,2.0,False
T007440,D0199,2025-09-01,2025-10-16,2025-11-02,233200.0,PDC,False,17.0,False
T005935,D0158,2024-08-07,2024-09-21,2024-09-21,242800.0,PDC,False,0.0,False
T006992,D0188,2023-09-27,2023-10-12,2023-10-15,82900.0,PDC,False,3.0,False
T001000,D0027,2025-06-21,2025-08-05,2025-08-15,200300.0,PDC,False,10.0,False
T003173,D0085,2025-09-25,2025-10-10,2025-10-12,219400.0,PDC,False,2.0,False
T001037,D0028,2025-01-24,2025-02-23,2025-04-22,256300.0,PDC,False,58.0,True
T005750,D0152,2025-07-23,2025-08-07,2025-08-08,171600.0,BANK_TRANSFER,False,1.0,False
T007709,D0207,2025-08-05,2025-09-04,2025-09-04,222000.0,PDC,False,0.0,False
T002803,D0072,2025-08-16,2025-09-30,2025-09-30,44800.0,CASH,False,0.0,False
T005185,D0138,2024-05-19,2024-06-18,2024-06-18,186400.0,PDC,False,0.0,True
T002695,D0070,2025-11-25,2025-12-10,2026-01-11,65200.0,BANK_TRANSFER,False,32.0,False
T001337,D0035,2024-09-03,2024-10-18,2024-10-18,259900.0,PDC,False,0.0,False
T000996,D0027,2024-11-26,2025-01-10,2025-01-22,283400.0,BANK_TRANSFER,False,12.0,False
T000221,D0007,2023-02-23,2023-04-09,2023-05-10,28200.0,BANK_TRANSFER,False,31.0,True
T002402,D0061,2025-08-14,2025-09-13,2025-09-14,64100.0,PDC,False,1.0,False
T006843,D0183,2023-12-24,2024-01-23,2024-02-07,290700.0,CASH,False,15.0,False
T006011,D0161,2024-02-20,2024-03-06,2024-03-06,110700.0,PDC,False,0.0,True
T003822,D0102,2024-09-16,2024-10-01,2024-10-05,245600.0,PDC,False,4.0,False
T000250,D0008,2025-08-05,2025-09-19,2025-09-22,275000.0,BANK_TRANSFER,False,3.0,False
T002008,D0050,2025-03-28,2025-05-12,2025-05-14,274300.0,PDC,False,2.0,False
T005289,D0140,2023-10-27,2023-11-11,2023-11-11,185300.0,PDC,False,0.0,False
T001887,D0047,2024-06-17,2024-07-02,2024-07-04,140400.0,CASH,False,2.0,False
T006940,D0186,2024-05-04,2024-05-19,2024-05-20,195400.0,CASH,False,1.0,False
T004660,D0125,2023-05-05,2023-06-19,,260600.0,PDC,True,,True
T006486,D0175,2023-08-05,2023-09-04,2023-09-05,167900.0,PDC,False,1.0,False
T003467,D0091,2025-05-11,2025-05-26,2025-06-01,293600.0,PDC,False,6.0,True
T002539,D0066,2024-02-19,2024-04-04,2024-04-19,237300.0,CASH,False,15.0,True
T006536,D0175,2025-04-29,2025-06-13,2025-06-13,216700.0,PDC,False,0.0,True
T004482,D0121,2025-06-20,2025-07-05,2025-07-09,61100.0,BANK_TRANSFER,False,4.0,False
T004619,D0124,2024-01-29,2024-02-28,2024-03-02,137200.0,PDC,False,3.0,True
T000592,D0017,2025-10-01,2025-10-31,2025-10-31,26100.0,PDC,False,0.0,False
T006826,D0183,2024-08-21,2024-09-20,2024-10-06,57300.0,BANK_TRANSFER,False,16.0,False
T002203,D0056,2023-02-12,2023-03-29,2023-04-01,246200.0,PDC,False,3.0,True
T002226,D0057,2024-02-02,2024-03-03,,287200.0,PDC,True,,True
T002260,D0057,2025-09-05,2025-10-05,,108300.0,PDC,True,,False
T004479,D0121,2024-12-15,2024-12-30,2025-01-01,262100.0,PDC,False,2.0,False
T000519,D0015,2024-03-23,2024-04-07,2024-04-25,53300.0,CASH,False,18.0,True
T004670,D0126,2023-12-30,2024-02-13,2024-02-17,209600.0,PDC,False,4.0,False
T005685,D0150,2024-10-20,2024-11-19,2024-11-19,168100.0,BANK_TRANSFER,False,0.0,False
T007718,D0207,2025-12-21,2026-01-05,2026-01-18,70600.0,CASH,False,13.0,False
T003105,D0083,2024-03-16,2024-03-31,2024-05-22,53400.0,CASH,False,52.0,True
T004063,D0108,2024-07-21,2024-09-04,2024-09-04,245100.0,BANK_TRANSFER,False,0.0,False
T003046,D0081,2024-11-13,2024-11-28,2024-11-28,107400.0,CASH,False,0.0,False
T004673,D0126,2023-08-09,2023-09-08,2023-09-13,269000.0,CASH,False,5.0,False
T001651,D0042,2024-11-25,2025-01-09,2025-01-14,76600.0,BANK_TRANSFER,False,5.0,False
T007617,D0203,2023-11-26,2023-12-26,2024-01-09,36400.0,PDC,False,14.0,False
T008071,D0216,2023-03-01,2023-04-15,2023-04-16,81500.0,PDC,False,1.0,True
T005732,D0152,2023-10-20,2023-12-04,2023-12-06,195400.0,PDC,False,2.0,False
T001275,D0034,2025-05-23,2025-06-07,2025-07-25,74600.0,PDC,False,48.0,True
T001817,D0046,2025-07-02,2025-08-16,2025-08-25,292900.0,PDC,False,9.0,False
T004852,D0131,2023-07-07,2023-07-22,2023-07-22,134400.0,PDC,False,0.0,False
T002635,D0068,2024-04-16,2024-05-31,2024-06-01,202700.0,PDC,False,1.0,False
T001328,D0035,2024-10-30,2024-11-29,2024-12-26,278800.0,CASH,False,27.0,False
T004736,D0127,2025-10-15,2025-10-30,2025-10-30,147300.0,CASH,False,0.0,False
T007328,D0195,2024-03-28,2024-04-27,2024-05-24,179100.0,PDC,False,27.0,False
T000044,D0002,2024-08-26,2024-09-10,2024-09-12,165900.0,CASH,False,2.0,False
T000008,D0001,2024-12-27,2025-01-26,2025-01-26,218500.0,PDC,False,0.0,False
T000481,D0014,2024-05-05,2024-05-20,2024-05-21,48500.0,PDC,False,1.0,False
T005591,D0148,2025-02-21,2025-04-07,2025-04-11,42500.0,PDC,False,4.0,True
T000472,D0014,2024-02-29,2024-04-14,2024-04-15,28200.0,CASH,False,1.0,True
T004518,D0121,2024-03-30,2024-04-14,2024-04-21,149100.0,PDC,False,7.0,True
T006739,D0181,2024-07-03,2024-08-17,2024-10-11,77700.0,CASH,False,55.0,False
T002238,D0057,2024-12-05,2025-01-19,2025-02-21,227700.0,PDC,False,33.0,False
T007843,D0210,2024-04-14,2024-04-29,2024-04-30,244300.0,PDC,False,1.0,False
T006101,D0164,2024-04-17,2024-06-01,,128000.0,PDC,False,,False
T000655,D0018,2023-06-07,2023-07-07,2023-07-11,118100.0,PDC,False,4.0,True
T005993,D0160,2024-08-17,2024-10-01,2024-10-01,179400.0,PDC,False,0.0,False
T007713,D0207,2025-02-25,2025-03-27,2025-05-01,155300.0,CASH,False,35.0,True
T004405,D0118,2024-10-04,2024-11-03,2024-11-10,99200.0,BANK_TRANSFER,False,7.0,False
T000465,D0013,2024-10-27,2024-12-11,2024-12-15,106800.0,PDC,False,4.0,False
T003903,D0105,2024-12-26,2025-01-10,2025-01-13,148500.0,PDC,False,3.0,False
T004564,D0123,2025-07-02,2025-08-16,2025-08-17,123600.0,PDC,False,1.0,False
T001692,D0043,2025-08-18,2025-10-02,2025-10-14,270300.0,CASH,False,12.0,False
T005130,D0137,2024-06-29,2024-07-29,,268700.0,PDC,True,,False
T000698,D0019,2024-06-15,2024-07-30,2024-07-30,209700.0,PDC,False,0.0,False
T002231,D0057,2025-10-11,2025-11-25,2025-12-09,281400.0,BANK_TRANSFER,False,14.0,False
T006490,D0175,2023-06-20,2023-08-04,,197100.0,PDC,True,,False
T002696,D0070,2024-04-04,2024-04-19,2024-05-21,279700.0,PDC,False,32.0,True
T000066,D0003,2025-04-18,2025-05-18,2025-05-28,265300.0,PDC,False,10.0,False
T001349,D0035,2025-06-29,2025-08-13,2025-09-03,22000.0,PDC,False,21.0,False
T002416,D0061,2023-06-16,2023-07-16,2023-07-19,80500.0,CASH,False,3.0,False
T002481,D0064,2025-07-03,2025-07-18,2025-07-18,95100.0,PDC,False,0.0,False
T005529,D0146,2024-12-19,2025-02-02,2025-02-04,152900.0,CASH,False,2.0,False
T002150,D0054,2025-12-14,2026-01-28,2026-01-30,136200.0,PDC,False,2.0,False
T007849,D0210,2025-05-21,2025-06-05,2025-06-05,152900.0,PDC,False,0.0,True
T005092,D0136,2023-12-28,2024-01-27,2024-01-31,127000.0,PDC,False,4.0,False
T008112,D0217,2023-05-29,2023-06-28,2023-06-29,79200.0,BANK_TRANSFER,False,1.0,True
T006121,D0165,2024-03-27,2024-05-11,2024-05-30,107400.0,PDC,False,19.0,False
T007033,D0189,2024-10-18,2024-12-02,2024-12-02,195300.0,CASH,False,0.0,False
T006866,D0184,2025-09-05,2025-10-05,2025-10-20,82200.0,PDC,False,15.0,False
T005920,D0158,2024-04-15,2024-05-15,2024-05-17,187800.0,PDC,False,2.0,False
T002048,D0051,2023-06-20,2023-08-04,2023-08-14,91500.0,CASH,False,10.0,False
T003853,D0103,2024-06-25,2024-08-09,2024-09-23,284600.0,PDC,False,45.0,False
T004226,D0113,2025-04-22,2025-05-07,2025-05-22,84600.0,CASH,False,15.0,False
T006395,D0172,2025-04-22,2025-06-06,2025-06-06,299700.0,PDC,False,0.0,True
T000850,D0022,2023-04-05,2023-05-05,2023-05-05,270200.0,PDC,False,0.0,True
T006628,D0178,2023-01-29,2023-02-13,2023-02-14,263000.0,BANK_TRANSFER,False,1.0,False
T003966,D0106,2024-06-05,2024-06-20,2024-06-22,282000.0,PDC,False,2.0,True
T000418,D0012,2023-11-01,2023-12-01,2023-12-02,36300.0,BANK_TRANSFER,False,1.0,False
T003719,D0099,2025-08-24,2025-10-08,2025-11-10,213700.0,BANK_TRANSFER,False,33.0,False
T006625,D0178,2025-05-13,2025-06-27,2025-06-29,245700.0,PDC,False,2.0,False
T002286,D0058,2023-05-18,2023-07-02,2023-07-19,191000.0,CASH,False,17.0,True
T005295,D0140,2024-10-19,2024-11-03,2024-11-07,89000.0,PDC,False,4.0,False
T002550,D0066,2024-09-27,2024-11-11,2024-11-22,180100.0,PDC,False,11.0,False
T007620,D0203,2023-08-31,2023-10-15,2023-10-27,50700.0,PDC,False,12.0,False
T004357,D0117,2023-12-28,2024-01-27,2024-01-29,108000.0,PDC,False,2.0,False
T001923,D0048,2024-08-03,2024-09-02,2024-09-05,110100.0,PDC,False,3.0,False
T006887,D0184,2025-07-29,2025-08-28,,291800.0,PDC,False,,False
T005490,D0145,2023-01-06,2023-02-20,,102500.0,PDC,True,,False
T002571,D0067,2024-06-05,2024-07-05,2024-07-05,80000.0,PDC,False,0.0,False
T007364,D0196,2024-05-25,2024-06-24,2024-06-25,220400.0,PDC,False,1.0,True
T008223,D0220,2023-03-26,2023-05-10,2023-05-15,171700.0,CASH,False,5.0,False
T002103,D0053,2024-07-08,2024-08-07,2024-08-23,193300.0,PDC,False,16.0,False
T006642,D0178,2023-09-16,2023-10-01,2023-10-04,167200.0,BANK_TRANSFER,False,3.0,False
T007970,D0213,2024-06-20,2024-08-04,,144900.0,PDC,False,,False
T002233,D0057,2024-08-31,2024-09-30,2024-10-29,20200.0,PDC,False,29.0,False
T007639,D0203,2025-01-16,2025-01-31,2025-02-20,110500.0,CASH,False,20.0,False
T001482,D0039,2023-11-15,2023-11-30,2024-01-08,27500.0,CASH,False,39.0,False
T000383,D0011,2025-10-02,2025-10-17,2025-10-29,147100.0,PDC,False,12.0,False
T006162,D0167,2024-04-25,2024-06-09,2024-06-09,171800.0,PDC,False,0.0,True
T007939,D0212,2025-12-07,2026-01-06,,138300.0,PDC,True,,False
T004273,D0114,2025-02-24,2025-04-10,2025-04-24,128900.0,CASH,False,14.0,True
T004782,D0129,2024-02-13,2024-02-28,2024-03-03,110600.0,PDC,False,4.0,True
T004655,D0125,2024-05-31,2024-06-30,,60100.0,PDC,True,,True
T004932,D0132,2024-08-07,2024-09-06,2024-09-09,130600.0,CASH,False,3.0,False
T006954,D0187,2024-10-28,2024-12-12,2024-12-13,162400.0,CASH,False,1.0,False
T000030,D0002,2025-10-01,2025-10-16,2025-10-16,119400.0,BANK_TRANSFER,False,0.0,False
T004560,D0123,2023-07-19,2023-08-03,2023-08-08,249300.0,PDC,False,5.0,False
T003812,D0102,2023-10-18,2023-11-02,2023-11-04,191900.0,BANK_TRANSFER,False,2.0,False
T006524,D0175,2025-01-21,2025-03-07,2025-03-09,96600.0,PDC,False,2.0,True
T008148,D0217,2023-01-09,2023-01-24,,123800.0,PDC,False,,False
T008124,D0217,2023-07-15,2023-08-14,2023-08-15,272500.0,PDC,False,1.0,False
T006956,D0187,2025-08-31,2025-09-30,2025-09-30,113100.0,PDC,False,0.0,False
T000322,D0009,2024-03-17,2024-04-01,2024-04-07,49500.0,PDC,False,6.0,True
T007327,D0195,2025-05-20,2025-06-19,2025-07-13,151100.0,PDC,False,24.0,True
T003698,D0097,2023-11-13,2023-12-13,2023-12-16,254900.0,CASH,False,3.0,False
T004615,D0124,2025-06-20,2025-08-04,2025-08-08,278300.0,CASH,False,4.0,False
T006034,D0162,2023-04-24,2023-05-24,2023-05-28,220800.0,PDC,False,4.0,False
T003685,D0097,2024-05-11,2024-06-25,2024-07-02,232500.0,PDC,False,7.0,True
T003345,D0089,2025-09-30,2025-10-15,2025-10-18,53000.0,PDC,False,3.0,False
T006450,D0174,2025-04-20,2025-06-04,2025-06-04,193400.0,PDC,False,0.0,True
T006199,D0167,2024-10-21,2024-11-05,2024-11-29,260900.0,CASH,False,24.0,False
T006125,D0165,2024-02-27,2024-03-28,2024-04-05,228100.0,PDC,False,8.0,True
T004692,D0126,2024-08-11,2024-09-25,2024-09-25,159600.0,CASH,False,0.0,False
T006296,D0170,2025-06-16,2025-07-16,2025-07-20,62200.0,PDC,False,4.0,False
T004566,D0123,2024-10-07,2024-11-21,2024-11-24,205700.0,PDC,False,3.0,False
T003945,D0105,2025-12-03,2026-01-02,2026-01-02,205500.0,PDC,False,0.0,False
T006152,D0166,2024-06-28,2024-07-28,2024-07-28,70100.0,PDC,False,0.0,False
T006114,D0165,2024-10-07,2024-11-21,2024-11-26,102600.0,PDC,False,5.0,False
T008064,D0216,2025-12-03,2026-01-17,2026-01-21,25400.0,PDC,False,4.0,False
T003281,D0087,2024-05-07,2024-05-22,2024-05-26,227900.0,CASH,False,4.0,False
T002948,D0078,2023-05-26,2023-06-25,2023-06-25,159700.0,BANK_TRANSFER,False,0.0,True
T005651,D0149,2025-02-04,2025-03-06,2025-03-07,285100.0,BANK_TRANSFER,False,1.0,True
T003186,D0085,2024-10-27,2024-11-26,2024-11-30,188400.0,PDC,False,4.0,False
T003168,D0085,2023-08-08,2023-08-23,2023-08-28,153800.0,PDC,False,5.0,False
T000098,D0004,2025-08-29,2025-09-28,2025-09-29,40200.0,PDC,False,1.0,False
T006845,D0183,2024-04-14,2024-05-29,2024-06-14,297300.0,CASH,False,16.0,False
T002430,D0062,2025-06-04,2025-07-19,2025-07-21,83200.0,CASH,False,2.0,False
T002246,D0057,2025-12-10,2026-01-24,2026-03-15,99100.0,PDC,False,50.0,False
T006776,D0182,2025-02-05,2025-03-22,2025-03-25,94000.0,CASH,False,3.0,True
T002077,D0052,2025-07-28,2025-09-11,2025-10-01,275800.0,CASH,False,20.0,False
T000448,D0013,2025-11-21,2025-12-06,2025-12-11,37000.0,PDC,False,5.0,False
T005773,D0153,2023-10-29,2023-11-28,2023-11-29,258800.0,PDC,False,1.0,False
T005830,D0154,2025-06-02,2025-07-02,2025-07-02,134000.0,PDC,False,0.0,False
T007420,D0198,2023-10-23,2023-11-07,2023-11-19,99100.0,CASH,False,12.0,False
T000015,D0001,2024-05-13,2024-06-12,2024-06-12,272000.0,CASH,False,0.0,True
T004394,D0118,2025-09-24,2025-10-09,2025-10-10,36500.0,PDC,False,1.0,False
T006192,D0167,2025-05-30,2025-07-14,,160400.0,PDC,True,,False
T001216,D0033,2023-07-29,2023-09-12,2023-09-12,107900.0,BANK_TRANSFER,False,0.0,False
T007242,D0193,2025-01-23,2025-03-09,2025-04-27,58700.0,CASH,False,49.0,True
T006721,D0181,2025-11-17,2026-01-01,2026-02-09,114900.0,BANK_TRANSFER,False,39.0,False
T003795,D0101,2023-04-04,2023-04-19,2023-04-24,254500.0,BANK_TRANSFER,False,5.0,True
T005984,D0160,2024-11-06,2024-12-06,2024-12-06,198000.0,PDC,False,0.0,False
T005925,D0158,2024-05-27,2024-06-26,2024-06-26,204500.0,BANK_TRANSFER,False,0.0,True
T007997,D0214,2025-09-08,2025-10-23,2025-10-23,110200.0,CASH,False,0.0,False
T006235,D0169,2024-05-24,2024-07-08,2024-07-11,67500.0,PDC,False,3.0,False
T002343,D0059,2025-06-26,2025-07-26,2025-07-26,88800.0,CASH,False,0.0,False
T000287,D0009,2024-11-03,2024-11-18,2024-11-19,209100.0,CASH,False,1.0,False
T003844,D0103,2024-01-26,2024-02-25,,124900.0,PDC,True,,False
T004219,D0112,2025-07-27,2025-08-11,2025-08-12,136700.0,PDC,False,1.0,False
T002313,D0059,2024-05-04,2024-06-03,2024-06-07,37700.0,CASH,False,4.0,False
T002860,D0075,2024-10-29,2024-11-28,2024-11-29,205700.0,PDC,False,1.0,False
T000780,D0020,2024-04-17,2024-05-02,2024-05-03,253800.0,PDC,False,1.0,False
T005751,D0152,2024-08-28,2024-09-12,2024-09-12,192000.0,PDC,False,0.0,False
T008027,D0215,2023-01-13,2023-02-27,2023-04-15,229300.0,PDC,False,47.0,False
T004020,D0108,2025-08-27,2025-10-11,2025-10-12,137600.0,CASH,False,1.0,False
T002053,D0051,2023-02-19,2023-03-21,2023-03-31,291100.0,PDC,False,10.0,True
T004525,D0121,2024-04-08,2024-05-23,2024-06-02,30900.0,PDC,False,10.0,False
T006256,D0169,2024-10-19,2024-12-03,2024-12-04,173800.0,PDC,False,1.0,False
T007086,D0190,2024-08-12,2024-08-27,2024-08-27,51500.0,CASH,False,0.0,False
T005564,D0147,2025-09-16,2025-10-01,2025-10-01,47400.0,CASH,False,0.0,False
T007098,D0190,2023-11-17,2023-12-02,2023-12-12,296700.0,PDC,False,10.0,False
T004997,D0134,2025-03-06,2025-04-20,2025-04-24,62500.0,PDC,False,4.0,False
T005005,D0134,2023-11-23,2023-12-08,2023-12-08,102700.0,PDC,False,0.0,False
T004447,D0119,2023-07-10,2023-07-25,,22700.0,PDC,True,,False
T007634,D0203,2025-03-05,2025-03-20,2025-03-27,41100.0,CASH,False,7.0,True
T000166,D0005,2024-04-25,2024-06-09,2024-06-10,35700.0,PDC,False,1.0,True
T000661,D0018,2023-10-06,2023-11-05,2023-11-05,105900.0,PDC,False,0.0,False
T003109,D0083,2025-02-20,2025-04-06,2025-05-23,239500.0,BANK_TRANSFER,False,47.0,True
T001340,D0035,2024-10-17,2024-12-01,2025-01-23,153100.0,CASH,False,53.0,False
T001139,D0031,2024-11-04,2024-12-04,2024-12-06,201600.0,BANK_TRANSFER,False,2.0,False
T002619,D0068,2024-03-12,2024-03-27,2024-03-30,114900.0,CASH,False,3.0,True
T004480,D0121,2023-05-16,2023-05-31,2023-06-03,127300.0,BANK_TRANSFER,False,3.0,False
T006075,D0163,2024-03-14,2024-03-29,2024-03-29,110500.0,PDC,False,0.0,True
T002217,D0056,2024-09-21,2024-10-21,2024-10-21,179500.0,PDC,False,0.0,False
T002189,D0055,2023-08-09,2023-08-24,2023-08-31,30900.0,CASH,False,7.0,False
T003833,D0103,2025-04-11,2025-05-26,2025-06-24,114100.0,BANK_TRANSFER,False,29.0,True
T007315,D0195,2024-06-28,2024-07-13,2024-08-06,22900.0,PDC,False,24.0,False
T004562,D0123,2024-09-12,2024-09-27,2024-09-28,281700.0,PDC,False,1.0,False
T005229,D0139,2025-08-05,2025-09-19,2025-10-04,220100.0,CASH,False,15.0,False
T000300,D0009,2024-05-01,2024-05-31,2024-06-03,200900.0,CASH,False,3.0,False
T001616,D0041,2023-01-24,2023-03-10,2023-03-12,47800.0,CASH,False,2.0,True
T005328,D0141,2023-11-08,2023-11-23,2023-11-23,50400.0,PDC,False,0.0,False
T006833,D0183,2023-04-11,2023-05-11,2023-05-13,167100.0,PDC,False,2.0,False
T005660,D0150,2024-11-24,2025-01-08,2025-01-08,113100.0,BANK_TRANSFER,False,0.0,False
T001134,D0030,2024-07-21,2024-08-05,2024-08-27,54100.0,BANK_TRANSFER,False,22.0,False
T003082,D0083,2023-07-13,2023-08-27,,143800.0,PDC,True,,False
T003143,D0084,2023-06-28,2023-07-28,2023-07-28,201300.0,PDC,False,0.0,False
T001938,D0049,2025-07-23,2025-08-07,2025-08-14,201800.0,CASH,False,7.0,False
T007653,D0204,2024-11-24,2024-12-09,2024-12-22,197200.0,PDC,False,13.0,False
T007097,D0190,2023-09-23,2023-11-07,2023-12-02,224200.0,PDC,False,25.0,False
T001049,D0029,2023-12-21,2024-02-04,2024-02-04,207400.0,CASH,False,0.0,False
T007540,D0201,2024-08-14,2024-08-29,2024-08-29,172500.0,PDC,False,0.0,False
T005244,D0139,2025-04-07,2025-05-22,2025-05-29,196100.0,PDC,False,7.0,False
T005625,D0149,2024-10-20,2024-11-19,2024-11-19,22000.0,CASH,False,0.0,False
T007813,D0209,2024-07-26,2024-08-25,2024-08-25,123400.0,PDC,False,0.0,False
T000847,D0022,2023-06-09,2023-07-24,2023-07-24,150100.0,PDC,False,0.0,False
T000252,D0008,2024-05-18,2024-06-17,2024-06-21,289600.0,PDC,False,4.0,True
T003035,D0081,2023-09-16,2023-10-31,2023-11-03,163500.0,CASH,False,3.0,False
T001028,D0028,2024-01-20,2024-02-19,,279900.0,PDC,True,,False
T007690,D0206,2025-08-10,2025-08-25,2025-08-25,247100.0,PDC,False,0.0,False
T000807,D0021,2025-10-28,2025-12-12,2025-12-12,104000.0,PDC,False,0.0,False
T001553,D0040,2025-01-25,2025-02-24,2025-02-27,288500.0,PDC,False,3.0,True
T000032,D0002,2025-08-11,2025-09-10,2025-09-10,266400.0,PDC,False,0.0,False
T000716,D0019,2025-08-25,2025-09-09,2025-09-11,226500.0,CASH,False,2.0,False
T002385,D0061,2025-02-19,2025-03-21,2025-03-24,169600.0,BANK_TRANSFER,False,3.0,True
T006020,D0161,2023-12-17,2024-01-01,2024-01-05,233600.0,BANK_TRANSFER,False,4.0,False
T000812,D0021,2024-02-27,2024-03-28,2024-03-31,131900.0,BANK_TRANSFER,False,3.0,True
T007648,D0204,2023-02-26,2023-04-12,2023-04-23,64100.0,CASH,False,11.0,True
T007081,D0190,2024-02-19,2024-03-20,2024-04-07,110300.0,CASH,False,18.0,True
T007305,D0195,2025-01-29,2025-02-28,2025-03-19,277100.0,PDC,False,19.0,True
T003460,D0091,2024-08-06,2024-09-20,2024-09-24,90600.0,CASH,False,4.0,False
T007059,D0189,2024-10-12,2024-11-11,2024-11-15,277000.0,CASH,False,4.0,False
T001045,D0029,2024-03-14,2024-03-29,2024-04-04,132800.0,CASH,False,6.0,True
T005856,D0155,2025-10-13,2025-10-28,2025-11-04,161400.0,BANK_TRANSFER,False,7.0,False
T002145,D0054,2025-04-28,2025-05-13,2025-05-13,246100.0,PDC,False,0.0,False
T002490,D0064,2025-11-12,2025-12-12,2025-12-24,75400.0,PDC,False,12.0,False
T003245,D0087,2024-09-23,2024-11-07,2024-11-12,112600.0,PDC,False,5.0,False
T005463,D0144,2025-06-29,2025-07-14,2025-07-16,31000.0,PDC,False,2.0,False
T005166,D0138,2024-07-21,2024-09-04,2024-09-06,292200.0,PDC,False,2.0,False
T003192,D0085,2023-01-17,2023-02-16,2023-02-17,270200.0,PDC,False,1.0,False
T006350,D0171,2024-09-14,2024-10-14,2024-10-14,56600.0,PDC,False,0.0,False
T006471,D0174,2024-07-13,2024-08-27,,130500.0,PDC,False,,False
T003988,D0106,2025-03-19,2025-05-03,2025-05-06,188800.0,PDC,False,3.0,False
T000331,D0009,2024-01-19,2024-03-04,2024-03-06,28700.0,CASH,False,2.0,True
T007682,D0206,2024-03-23,2024-04-07,2024-04-22,39600.0,PDC,False,15.0,True
T003511,D0093,2025-02-17,2025-03-19,2025-03-22,75300.0,PDC,False,3.0,True
T008058,D0215,2023-05-15,2023-06-14,2023-08-09,218100.0,PDC,False,56.0,False
T005612,D0149,2025-09-03,2025-10-03,2025-10-03,190900.0,PDC,False,0.0,False
T000862,D0022,2023-08-01,2023-08-16,2023-08-16,140700.0,PDC,False,0.0,False
T001199,D0032,2025-11-15,2025-12-15,2025-12-18,167300.0,CASH,False,3.0,False
T005208,D0139,2025-02-19,2025-03-06,2025-03-21,137900.0,PDC,False,15.0,True
T004424,D0118,2024-01-08,2024-02-22,2024-02-22,232400.0,PDC,False,0.0,False
T003952,D0106,2024-05-08,2024-06-22,2024-06-24,158500.0,BANK_TRANSFER,False,2.0,True
T001089,D0029,2023-01-10,2023-02-09,2023-02-11,281700.0,PDC,False,2.0,False
T004220,D0112,2025-02-02,2025-02-17,2025-02-21,130000.0,PDC,False,4.0,True
T002516,D0065,2024-07-05,2024-07-20,2024-07-24,197800.0,CASH,False,4.0,False
T000004,D0001,2023-06-27,2023-07-27,2023-07-27,171000.0,BANK_TRANSFER,False,0.0,False
T003758,D0100,2024-02-29,2024-04-14,2024-04-30,194800.0,CASH,False,16.0,True
T003725,D0099,2025-10-26,2025-12-10,2026-01-20,33400.0,PDC,False,41.0,False
T002094,D0053,2025-11-20,2026-01-04,2026-01-07,85600.0,PDC,False,3.0,False
T004041,D0108,2024-02-23,2024-04-08,2024-04-12,60500.0,BANK_TRANSFER,False,4.0,True
T005587,D0148,2025-09-13,2025-09-28,2025-09-28,245000.0,CASH,False,0.0,False
T002460,D0063,2025-09-23,2025-10-23,2025-10-24,193100.0,CASH,False,1.0,False
T004711,D0126,2024-05-19,2024-07-03,2024-07-03,270500.0,CASH,False,0.0,False
T000550,D0016,2023-02-19,2023-03-06,2023-03-12,217300.0,PDC,False,6.0,False
T004653,D0125,2024-01-10,2024-01-25,2024-02-27,128300.0,PDC,False,33.0,False
T005582,D0148,2024-06-12,2024-07-27,2024-07-29,146200.0,PDC,False,2.0,False
T006773,D0182,2025-12-23,2026-01-07,2026-01-08,116500.0,PDC,False,1.0,False
T004361,D0117,2025-10-27,2025-11-26,2025-11-26,115300.0,CASH,False,0.0,False
T006302,D0170,2023-11-14,2023-12-14,2023-12-24,134200.0,PDC,False,10.0,False
T007772,D0208,2024-06-29,2024-07-14,2024-08-10,229400.0,CASH,False,27.0,False
T001472,D0038,2025-03-20,2025-04-19,2025-04-23,275100.0,BANK_TRANSFER,False,4.0,False
T001235,D0033,2025-01-03,2025-01-18,2025-01-21,210600.0,CASH,False,3.0,False
T001155,D0031,2024-04-03,2024-05-18,2024-05-29,231300.0,BANK_TRANSFER,False,11.0,False
T001402,D0036,2024-12-13,2025-01-12,2025-01-15,79100.0,BANK_TRANSFER,False,3.0,False
T006181,D0167,2025-01-01,2025-02-15,2025-03-17,46600.0,PDC,False,30.0,True
T000919,D0024,2023-04-25,2023-05-10,2023-05-11,194400.0,PDC,False,1.0,False
T004521,D0121,2025-12-11,2025-12-26,2026-01-01,171900.0,CASH,False,6.0,False
T005161,D0138,2025-07-29,2025-09-12,2025-09-12,22100.0,PDC,False,0.0,False
T002349,D0060,2025-06-27,2025-08-11,2025-08-17,96000.0,PDC,False,6.0,False
T007320,D0195,2025-06-08,2025-07-23,2025-08-17,192800.0,PDC,False,25.0,False
T003661,D0096,2023-09-10,2023-09-25,2023-09-30,134900.0,PDC,False,5.0,False
T006790,D0182,2024-11-14,2024-11-29,,38200.0,BANK_TRANSFER,False,,False
T002602,D0067,2023-10-21,2023-12-05,2023-12-08,157700.0,CASH,False,3.0,False
T005609,D0149,2023-08-24,2023-10-08,2023-10-12,28300.0,CASH,False,4.0,False
T007286,D0194,2024-01-12,2024-01-27,2024-01-30,221100.0,CASH,False,3.0,False
T001822,D0046,2025-08-11,2025-09-10,2025-09-26,90000.0,PDC,False,16.0,False
T000468,D0013,2024-12-26,2025-02-09,2025-02-11,239600.0,CASH,False,2.0,False
T004441,D0119,2024-03-20,2024-04-19,2024-05-19,234300.0,PDC,False,30.0,True
T005098,D0136,2025-05-30,2025-06-14,2025-06-19,88900.0,CASH,False,5.0,True
T001493,D0039,2023-07-03,2023-08-02,,288200.0,PDC,True,,False
T004631,D0125,2023-04-19,2023-05-19,2023-06-08,125900.0,CASH,False,20.0,False
T007756,D0208,2025-04-04,2025-05-19,2025-06-15,71100.0,CASH,False,27.0,False
T005514,D0146,2024-09-21,2024-11-05,2024-11-06,65000.0,PDC,False,1.0,False
T007236,D0193,2024-06-02,2024-06-17,2024-08-08,277800.0,BANK_TRANSFER,False,52.0,True
T004171,D0111,2025-08-25,2025-10-09,2025-10-10,140700.0,PDC,False,1.0,False
T005545,D0147,2025-03-16,2025-03-31,2025-04-03,221900.0,PDC,False,3.0,True
T006285,D0169,2023-08-21,2023-09-05,2023-09-05,233100.0,PDC,False,0.0,False
T006830,D0183,2024-12-25,2025-01-24,2025-02-10,108300.0,PDC,False,17.0,False
T003755,D0100,2025-04-15,2025-05-30,2025-06-12,279800.0,PDC,False,13.0,True
T004940,D0133,2023-01-23,2023-02-22,2023-02-26,21100.0,PDC,False,4.0,False
T001889,D0047,2024-08-20,2024-10-04,2024-10-05,35300.0,CASH,False,1.0,False
T006736,D0181,2025-08-14,2025-09-28,2025-10-25,234400.0,PDC,False,27.0,False
T007661,D0205,2025-03-20,2025-04-04,2025-04-08,203700.0,PDC,False,4.0,True
T004862,D0131,2023-06-05,2023-06-20,2023-06-21,201200.0,PDC,False,1.0,True
T003129,D0083,2023-07-22,2023-08-06,2023-08-19,280200.0,PDC,False,13.0,False
T002488,D0064,2024-09-03,2024-10-18,2024-10-26,198100.0,PDC,False,8.0,False
T006493,D0175,2025-12-26,2026-01-25,2026-01-25,282200.0,PDC,False,0.0,False
T000022,D0001,2024-01-15,2024-01-30,2024-01-31,190000.0,PDC,False,1.0,False
T007729,D0207,2025-02-11,2025-03-28,2025-05-15,179900.0,PDC,False,48.0,True
T005176,D0138,2023-05-03,2023-05-18,2023-05-21,191100.0,PDC,False,3.0,False
T006381,D0171,2023-12-26,2024-01-25,2024-01-29,264000.0,PDC,False,4.0,False
T003884,D0104,2025-01-11,2025-01-26,,119500.0,PDC,True,,False
T005626,D0149,2025-01-19,2025-02-18,2025-02-22,248300.0,CASH,False,4.0,True
T008002,D0214,2025-10-20,2025-11-19,2025-11-20,213500.0,PDC,False,1.0,False
T003276,D0087,2025-02-08,2025-02-23,2025-02-24,280100.0,CASH,False,1.0,True
T002404,D0061,2025-09-20,2025-10-20,2025-10-27,176200.0,PDC,False,7.0,False
T003593,D0094,2025-11-17,2025-12-02,2025-12-06,82800.0,CASH,False,4.0,False
T001315,D0035,2024-10-21,2024-12-05,2024-12-13,156700.0,PDC,False,8.0,False
T001048,D0029,2023-01-19,2023-02-18,2023-02-18,64400.0,BANK_TRANSFER,False,0.0,False
T003248,D0087,2024-10-03,2024-10-18,2024-10-21,234800.0,PDC,False,3.0,False
T006619,D0178,2025-07-29,2025-09-12,2025-09-14,108400.0,PDC,False,2.0,False
T004067,D0108,2023-01-01,2023-01-31,2023-02-04,125000.0,PDC,False,4.0,False
T006074,D0163,2024-02-10,2024-03-26,2024-03-28,257600.0,CASH,False,2.0,True
T008163,D0218,2025-07-19,2025-08-03,2025-08-05,95900.0,PDC,False,2.0,False
T000811,D0021,2024-04-27,2024-06-11,2024-06-15,271500.0,BANK_TRANSFER,False,4.0,True
T003742,D0100,2023-12-23,2024-02-06,2024-02-16,163100.0,BANK_TRANSFER,False,10.0,False
T002480,D0064,2025-05-23,2025-06-07,2025-06-26,239300.0,CASH,False,19.0,True
T004823,D0130,2023-10-10,2023-11-24,2023-12-11,152100.0,PDC,False,17.0,False
T004204,D0112,2024-06-12,2024-06-27,2024-06-28,85600.0,PDC,False,1.0,True
T000034,D0002,2025-09-18,2025-10-03,2025-10-03,207500.0,CASH,False,0.0,False
T001369,D0036,2023-01-15,2023-03-01,,274700.0,PDC,True,,False
T002669,D0070,2025-09-28,2025-10-28,2025-12-09,122600.0,PDC,False,42.0,False
T006489,D0175,2025-11-26,2025-12-26,2025-12-26,55300.0,PDC,False,0.0,False
T001521,D0039,2025-03-14,2025-03-29,2025-04-21,274900.0,PDC,False,23.0,True
T004032,D0108,2023-09-06,2023-09-21,2023-09-22,250700.0,PDC,False,1.0,False
T008022,D0215,2023-06-14,2023-07-29,2023-08-27,235300.0,BANK_TRANSFER,False,29.0,False
T005033,D0135,2024-12-11,2025-01-10,2025-01-12,50400.0,PDC,False,2.0,False
T001206,D0032,2024-12-22,2025-02-05,2025-02-07,76600.0,PDC,False,2.0,False
T005299,D0140,2024-06-28,2024-07-28,2024-07-29,223100.0,BANK_TRANSFER,False,1.0,False
T002333,D0059,2025-12-18,2026-01-02,2026-01-02,92100.0,CASH,False,0.0,False
T006716,D0181,2023-10-28,2023-11-27,2023-12-21,34600.0,PDC,False,24.0,False
T006484,D0174,2025-04-08,2025-05-08,2025-05-08,187200.0,CASH,False,0.0,False
T003850,D0103,2024-04-28,2024-05-13,2024-06-23,241600.0,CASH,False,41.0,False
T004227,D0113,2025-09-10,2025-10-10,2025-10-16,241500.0,BANK_TRANSFER,False,6.0,False
T004618,D0124,2025-06-17,2025-07-17,2025-07-18,213600.0,PDC,False,1.0,False
T000956,D0026,2023-05-30,2023-06-29,2023-06-30,238500.0,PDC,False,1.0,True
T005010,D0134,2023-09-03,2023-10-03,2023-10-06,40300.0,PDC,False,3.0,False
T000860,D0022,2023-01-20,2023-02-19,2023-02-19,147200.0,PDC,False,0.0,False
T002034,D0051,2023-11-18,2024-01-02,2024-01-10,91300.0,BANK_TRANSFER,False,8.0,False
T005748,D0152,2025-05-11,2025-06-25,2025-06-28,72300.0,PDC,False,3.0,False
T001316,D0035,2024-10-15,2024-10-30,2024-11-08,47800.0,PDC,False,9.0,False
T002400,D0061,2023-04-22,2023-05-07,2023-05-08,125600.0,PDC,False,1.0,False
T005906,D0157,2025-12-08,2026-01-07,2026-01-12,159000.0,PDC,False,5.0,False
T007199,D0192,2023-04-07,2023-04-22,2023-04-27,110100.0,PDC,False,5.0,True
T004720,D0126,2023-05-25,2023-07-09,2023-07-09,186200.0,PDC,False,0.0,True
T004785,D0129,2025-06-26,2025-07-11,2025-07-11,170000.0,CASH,False,0.0,False
T003905,D0105,2024-11-20,2024-12-20,2024-12-20,268200.0,PDC,False,0.0,False
T006825,D0183,2025-11-07,2025-11-22,2025-12-06,270300.0,CASH,False,14.0,False
T001367,D0036,2023-06-21,2023-07-21,2023-07-21,44400.0,PDC,False,0.0,False
T003044,D0081,2025-10-10,2025-11-09,2025-11-09,155900.0,CASH,False,0.0,False
T003925,D0105,2023-12-13,2024-01-12,2024-01-15,57600.0,BANK_TRANSFER,False,3.0,False
T006844,D0183,2025-11-07,2025-12-07,2025-12-17,98900.0,CASH,False,10.0,False
T004707,D0126,2024-08-17,2024-09-01,2024-09-02,95300.0,BANK_TRANSFER,False,1.0,False
T002507,D0065,2025-10-17,2025-11-16,2025-11-19,20100.0,BANK_TRANSFER,False,3.0,False
T005876,D0155,2025-06-06,2025-07-21,2025-07-27,220400.0,PDC,False,6.0,False
T000463,D0013,2025-08-23,2025-10-07,2025-10-08,286800.0,CASH,False,1.0,False
T001574,D0041,2024-03-03,2024-04-17,2024-04-20,279400.0,PDC,False,3.0,True
T004889,D0132,2025-07-14,2025-08-28,2025-08-29,33400.0,BANK_TRANSFER,False,1.0,False
T000309,D0009,2023-07-30,2023-09-13,2023-09-13,258500.0,CASH,False,0.0,False
T002122,D0053,2025-03-07,2025-03-22,2025-03-30,35400.0,PDC,False,8.0,True
T000580,D0016,2024-11-06,2024-12-06,2024-12-17,286400.0,PDC,False,11.0,False
T004202,D0112,2025-02-24,2025-04-10,2025-04-14,176100.0,PDC,False,4.0,True
T001706,D0043,2024-05-18,2024-07-02,2024-07-04,173800.0,PDC,False,2.0,False
T007767,D0208,2023-08-01,2023-08-31,2023-10-02,256000.0,BANK_TRANSFER,False,32.0,False
T003787,D0101,2023-02-07,2023-03-24,2023-03-25,261400.0,PDC,False,1.0,True
T005108,D0136,2023-05-17,2023-07-01,2023-07-04,32400.0,PDC,False,3.0,True
T006515,D0175,2025-01-23,2025-02-07,2025-02-07,279000.0,PDC,False,0.0,False
T002995,D0080,2023-01-07,2023-02-06,2023-03-24,53100.0,BANK_TRANSFER,False,46.0,False
T005131,D0137,2025-10-16,2025-10-31,2025-11-24,133800.0,CASH,False,24.0,False
T005901,D0157,2024-11-10,2024-12-25,2024-12-27,191100.0,PDC,False,2.0,False
T005433,D0144,2024-01-31,2024-02-15,2024-02-18,274200.0,CASH,False,3.0,False
T002038,D0051,2024-03-19,2024-05-03,2024-05-08,150300.0,PDC,False,5.0,False
T006801,D0182,2024-01-11,2024-02-25,2024-02-25,290500.0,CASH,False,0.0,False
T007066,D0189,2025-11-19,2025-12-04,2025-12-04,170500.0,CASH,False,0.0,False
T002096,D0053,2025-04-05,2025-04-20,2025-04-30,63200.0,CASH,False,10.0,False
T000871,D0022,2025-06-09,2025-07-24,2025-07-24,285500.0,BANK_TRANSFER,False,0.0,False
T006803,D0182,2024-04-01,2024-05-16,2024-05-17,181800.0,CASH,False,1.0,False
T008037,D0215,2023-01-05,2023-02-04,2023-03-24,186000.0,PDC,False,48.0,False
T003050,D0081,2024-09-04,2024-10-19,2024-10-20,151900.0,BANK_TRANSFER,False,1.0,False
T001101,D0030,2024-06-15,2024-06-30,2024-08-20,240600.0,PDC,False,51.0,True
T002657,D0069,2025-12-29,2026-02-12,2026-04-12,296200.0,PDC,False,59.0,False
T006253,D0169,2023-08-10,2023-08-25,2023-08-25,283800.0,PDC,False,0.0,False
T003503,D0092,2024-03-01,2024-03-31,2024-04-03,262700.0,PDC,False,3.0,True
T004358,D0117,2025-11-19,2025-12-19,2025-12-19,150100.0,BANK_TRANSFER,False,0.0,False
T000977,D0026,2023-06-28,2023-07-13,2023-07-14,52000.0,PDC,False,1.0,False
T005804,D0154,2023-12-09,2024-01-08,2024-01-08,182000.0,PDC,False,0.0,False
T003353,D0089,2025-11-26,2026-01-10,2026-01-13,91500.0,CASH,False,3.0,False
T000958,D0026,2024-04-20,2024-05-20,2024-05-22,85100.0,CASH,False,2.0,False
T005915,D0157,2024-11-22,2025-01-06,2025-01-08,38600.0,BANK_TRANSFER,False,2.0,False
T005270,D0140,2024-05-17,2024-06-01,2024-06-02,276500.0,PDC,False,1.0,False
T003700,D0098,2024-02-16,2024-03-02,2024-03-16,46100.0,PDC,False,14.0,True
T001341,D0035,2024-05-27,2024-06-11,2024-07-05,231900.0,PDC,False,24.0,True
T006072,D0163,2024-12-03,2025-01-17,2025-01-18,243100.0,CASH,False,1.0,False
T001823,D0046,2024-04-03,2024-04-18,2024-05-07,69600.0,BANK_TRANSFER,False,19.0,True
T002330,D0059,2024-07-06,2024-08-05,2024-08-08,78700.0,PDC,False,3.0,False
T005606,D0149,2025-01-30,2025-02-14,2025-02-16,159600.0,CASH,False,2.0,False
T001930,D0049,2024-11-21,2024-12-21,2025-01-04,30600.0,PDC,False,14.0,False
T003881,D0104,2025-12-10,2026-01-24,2026-02-03,237000.0,PDC,False,10.0,False
T007096,D0190,2025-03-15,2025-03-30,2025-04-19,157300.0,PDC,False,20.0,True
T007104,D0190,2024-12-26,2025-01-25,2025-01-26,252700.0,PDC,False,1.0,False
T000354,D0010,2025-08-29,2025-09-28,2025-10-15,294600.0,BANK_TRANSFER,False,17.0,False
T004828,D0130,2024-01-01,2024-02-15,2024-02-24,269300.0,BANK_TRANSFER,False,9.0,False
T001446,D0038,2024-07-26,2024-08-25,,218900.0,PDC,True,,False
T004799,D0129,2024-10-08,2024-11-22,2024-11-22,261500.0,BANK_TRANSFER,False,0.0,False
T002727,D0071,2024-01-16,2024-01-31,2024-02-09,83200.0,PDC,False,9.0,False
T007895,D0211,2024-09-20,2024-10-05,2024-10-09,268800.0,PDC,False,4.0,False
T004257,D0114,2025-10-02,2025-10-17,2025-10-17,102700.0,PDC,False,0.0,False
T003201,D0085,2023-11-01,2023-11-16,2023-11-19,190900.0,PDC,False,3.0,False
T006447,D0173,2024-02-03,2024-03-04,2024-03-07,295200.0,PDC,False,3.0,True
T007370,D0197,2024-02-24,2024-03-25,2024-03-26,222200.0,PDC,False,1.0,True
T001386,D0036,2025-08-23,2025-10-07,2025-10-09,183300.0,PDC,False,2.0,False
T007361,D0196,2024-01-08,2024-02-07,2024-02-07,248800.0,PDC,False,0.0,False
T003722,D0099,2025-11-12,2025-12-12,2026-01-20,48500.0,PDC,False,39.0,False
T000502,D0014,2024-01-31,2024-02-15,2024-02-18,257600.0,CASH,False,3.0,False
T003525,D0093,2024-12-15,2025-01-14,2025-01-15,286400.0,PDC,False,1.0,False
T007428,D0198,2023-08-09,2023-09-23,2023-09-23,216700.0,CASH,False,0.0,False
T002105,D0053,2024-12-23,2025-02-06,2025-02-13,117600.0,CASH,False,7.0,False
T002234,D0057,2023-12-11,2024-01-10,2024-01-29,44500.0,PDC,False,19.0,False
T007985,D0213,2025-08-31,2025-10-15,2025-10-15,53300.0,PDC,False,0.0,False
T001008,D0028,2025-03-24,2025-05-08,,153900.0,PDC,True,,False
T008072,D0216,2023-10-29,2023-11-13,2023-11-16,97500.0,PDC,False,3.0,False
T006443,D0173,2025-07-04,2025-08-18,2025-08-23,274500.0,PDC,False,5.0,False
T002172,D0054,2024-06-24,2024-07-09,2024-07-09,61500.0,PDC,False,0.0,False
T005987,D0160,2024-08-03,2024-09-02,2024-09-07,23200.0,CASH,False,5.0,False
T005384,D0143,2024-04-17,2024-05-17,2024-05-21,211300.0,CASH,False,4.0,False
T004465,D0120,2025-06-16,2025-07-01,2025-07-02,137400.0,PDC,False,1.0,False
T003217,D0086,2023-09-24,2023-10-24,2023-11-16,60600.0,PDC,False,23.0,False
T007910,D0212,2025-01-09,2025-02-08,,66100.0,PDC,False,,False
T006240,D0169,2023-11-24,2023-12-24,2023-12-25,160900.0,PDC,False,1.0,False
T001319,D0035,2025-05-07,2025-05-22,,131800.0,PDC,True,,False
T004590,D0123,2025-07-02,2025-07-17,2025-07-19,49800.0,CASH,False,2.0,False
T003983,D0106,2024-02-29,2024-03-30,2024-04-01,132400.0,PDC,False,2.0,True
T004430,D0118,2024-04-01,2024-05-16,2024-05-16,100100.0,CASH,False,0.0,False
T001476,D0038,2024-05-30,2024-07-14,2024-08-03,183100.0,CASH,False,20.0,False
T000680,D0018,2023-04-01,2023-05-16,2023-05-21,206700.0,BANK_TRANSFER,False,5.0,False
T005235,D0139,2023-04-10,2023-05-10,2023-05-26,32900.0,PDC,False,16.0,False
T005318,D0141,2023-03-04,2023-04-03,2023-04-05,104600.0,BANK_TRANSFER,False,2.0,True
T006767,D0182,2023-11-10,2023-11-25,2023-11-25,64600.0,PDC,False,0.0,False
T003927,D0105,2024-04-19,2024-06-03,2024-06-03,255200.0,PDC,False,0.0,False
T000381,D0011,2025-07-02,2025-07-17,2025-07-18,232700.0,BANK_TRANSFER,False,1.0,False
T007075,D0189,2023-08-19,2023-10-03,,294900.0,PDC,False,,False
T007282,D0194,2024-06-21,2024-07-21,2024-07-22,78800.0,PDC,False,1.0,False
T004164,D0111,2023-10-30,2023-11-14,2023-11-17,177300.0,BANK_TRANSFER,False,3.0,False
T006282,D0169,2024-01-05,2024-01-20,2024-01-22,113000.0,CASH,False,2.0,False
T006681,D0180,2025-01-05,2025-01-20,2025-01-20,97500.0,CASH,False,0.0,False
T001883,D0047,2025-08-18,2025-10-02,2025-10-03,99900.0,CASH,False,1.0,False
T000478,D0014,2024-06-09,2024-07-24,2024-07-28,240500.0,PDC,False,4.0,False
T007741,D0207,2024-06-15,2024-06-30,,175500.0,PDC,True,,True
T002383,D0061,2024-04-25,2024-05-25,2024-05-27,124700.0,BANK_TRANSFER,False,2.0,False
T005269,D0140,2025-11-18,2025-12-18,2025-12-20,141500.0,PDC,False,2.0,False
T008174,D0218,2023-10-01,2023-10-31,2023-10-31,94900.0,PDC,False,0.0,False
T002360,D0060,2024-04-13,2024-04-28,2024-05-08,286400.0,BANK_TRANSFER,False,10.0,False
T000426,D0012,2023-12-04,2024-01-03,2024-01-14,107300.0,BANK_TRANSFER,False,11.0,False
T002256,D0057,2025-01-16,2025-03-02,,173700.0,PDC,True,,True
T001334,D0035,2025-07-29,2025-08-13,2025-09-11,99000.0,PDC,False,29.0,False
T000200,D0006,2024-10-27,2024-11-26,2024-11-26,165400.0,BANK_TRANSFER,False,0.0,False
T006268,D0169,2023-01-06,2023-02-05,2023-02-10,114000.0,PDC,False,5.0,False
T001939,D0049,2024-09-05,2024-10-20,2024-10-26,215500.0,PDC,False,6.0,False
T000144,D0005,2023-03-22,2023-04-21,2023-04-25,58600.0,CASH,False,4.0,True
T003821,D0102,2025-06-01,2025-07-16,2025-07-19,107100.0,PDC,False,3.0,False
T005945,D0159,2024-06-10,2024-06-25,2024-06-26,105600.0,PDC,False,1.0,True
T004346,D0116,2025-11-27,2026-01-11,2026-01-15,99800.0,PDC,False,4.0,False
T008076,D0216,2024-11-26,2025-01-10,2025-01-10,75700.0,PDC,False,0.0,False
T000305,D0009,2025-02-21,2025-04-07,2025-04-11,169100.0,PDC,False,4.0,True
T001455,D0038,2023-04-08,2023-05-08,2023-06-21,202100.0,PDC,False,44.0,False
T004789,D0129,2024-02-10,2024-02-25,2024-02-28,119700.0,PDC,False,3.0,False
T004514,D0121,2024-08-28,2024-09-12,2024-09-15,252100.0,BANK_TRANSFER,False,3.0,False
T000912,D0024,2025-10-25,2025-11-24,2025-11-25,25100.0,PDC,False,1.0,False
T007977,D0213,2025-07-13,2025-08-27,2025-08-27,277700.0,BANK_TRANSFER,False,0.0,False
T002597,D0067,2024-05-24,2024-06-08,2024-06-09,161300.0,BANK_TRANSFER,False,1.0,True
T004682,D0126,2025-09-10,2025-10-25,2025-10-30,198800.0,CASH,False,5.0,False
T005370,D0143,2023-01-19,2023-03-05,2023-03-06,283500.0,PDC,False,1.0,False
T002310,D0058,2024-07-22,2024-09-05,2024-09-15,33500.0,PDC,False,10.0,False
T002113,D0053,2025-03-25,2025-04-24,2025-05-25,113200.0,BANK_TRANSFER,False,31.0,False
T007955,D0213,2025-03-07,2025-04-21,2025-04-21,294100.0,PDC,False,0.0,False
T000594,D0017,2025-09-27,2025-10-12,2025-10-13,49500.0,BANK_TRANSFER,False,1.0,False
T003571,D0094,2023-03-30,2023-04-14,2023-04-17,132500.0,PDC,False,3.0,True
T003534,D0093,2025-04-26,2025-05-26,2025-05-31,276900.0,CASH,False,5.0,True
T001289,D0034,2025-05-06,2025-05-21,2025-06-25,98900.0,CASH,False,35.0,False
T001656,D0043,2023-05-17,2023-06-16,2023-07-04,41700.0,CASH,False,18.0,True
T005009,D0134,2023-02-15,2023-03-17,2023-03-21,287200.0,CASH,False,4.0,True
T006682,D0180,2023-07-31,2023-08-15,2023-08-16,116600.0,PDC,False,1.0,False
T002132,D0054,2025-04-08,2025-05-23,2025-05-23,299700.0,BANK_TRANSFER,False,0.0,False
T000766,D0020,2024-11-16,2024-12-31,2025-01-19,232900.0,CASH,False,19.0,False
T003738,D0100,2023-11-22,2023-12-07,2023-12-22,96300.0,PDC,False,15.0,False
T007278,D0194,2024-10-03,2024-11-17,2024-11-18,140200.0,PDC,False,1.0,False
T000147,D0005,2024-10-31,2024-12-15,2024-12-15,132700.0,PDC,False,0.0,False
T005230,D0139,2024-01-02,2024-01-17,2024-01-26,175400.0,PDC,False,9.0,False
T000395,D0011,2025-09-07,2025-10-22,2025-11-02,280600.0,PDC,False,11.0,False
T003809,D0102,2025-09-22,2025-10-22,2025-10-22,41700.0,PDC,False,0.0,False
T000046,D0002,2025-01-17,2025-02-01,2025-02-03,251300.0,PDC,False,2.0,False
T003495,D0092,2024-05-17,2024-07-01,2024-07-05,179700.0,CASH,False,4.0,False
T007839,D0210,2024-07-03,2024-08-17,2024-08-19,42500.0,PDC,False,2.0,False
T003337,D0088,2023-06-11,2023-06-26,2023-07-16,141300.0,PDC,False,20.0,True
T004418,D0118,2023-08-19,2023-10-03,2023-10-04,96400.0,PDC,False,1.0,False
T002160,D0054,2024-10-15,2024-11-14,2024-11-17,240900.0,PDC,False,3.0,False
T001958,D0050,2024-03-21,2024-05-05,2024-05-08,142100.0,PDC,False,3.0,False
T004953,D0133,2023-12-31,2024-01-30,2024-02-02,281000.0,CASH,False,3.0,False
T005713,D0151,2023-03-16,2023-04-30,2023-05-07,286500.0,CASH,False,7.0,True
T002185,D0055,2023-09-14,2023-09-29,2023-10-11,276000.0,PDC,False,12.0,False
T007072,D0189,2023-06-21,2023-07-06,2023-07-09,89200.0,BANK_TRANSFER,False,3.0,True
T003411,D0090,2023-10-08,2023-11-22,2023-11-24,263500.0,PDC,False,2.0,False
T006909,D0185,2024-05-22,2024-06-21,2024-06-22,40100.0,BANK_TRANSFER,False,1.0,True
T003498,D0092,2023-02-17,2023-04-03,2023-04-08,114700.0,BANK_TRANSFER,False,5.0,True
T002072,D0052,2024-09-17,2024-10-17,2024-11-13,65000.0,PDC,False,27.0,False
T001368,D0036,2025-04-16,2025-05-16,2025-05-19,290600.0,PDC,False,3.0,False
T003096,D0083,2023-12-18,2024-01-17,2024-01-31,93600.0,BANK_TRANSFER,False,14.0,False
T002365,D0060,2023-08-29,2023-09-13,2023-09-16,84500.0,CASH,False,3.0,False
T000931,D0025,2023-10-30,2023-12-14,2024-01-28,284900.0,CASH,False,45.0,False
T003513,D0093,2024-08-12,2024-09-26,2024-09-29,162500.0,CASH,False,3.0,False
T002976,D0079,2023-10-03,2023-10-18,2023-10-18,25600.0,PDC,False,0.0,False
T006385,D0172,2025-08-04,2025-08-19,2025-08-22,211100.0,PDC,False,3.0,False
T004575,D0123,2024-10-11,2024-10-26,2024-10-29,183000.0,BANK_TRANSFER,False,3.0,False
T003142,D0084,2024-04-13,2024-05-13,2024-05-17,126300.0,CASH,False,4.0,False
T006042,D0162,2023-04-22,2023-06-06,2023-06-06,238400.0,PDC,False,0.0,False
T007248,D0193,2025-11-20,2025-12-05,2026-01-24,204600.0,PDC,False,50.0,False
T002582,D0067,2023-10-10,2023-11-09,2023-11-09,110400.0,CASH,False,0.0,False
T007523,D0200,2025-12-07,2025-12-22,2025-12-24,81200.0,PDC,False,2.0,False
T000607,D0017,2023-07-17,2023-08-31,2023-09-03,74300.0,PDC,False,3.0,False
T000075,D0003,2024-01-23,2024-03-08,2024-03-27,68700.0,BANK_TRANSFER,False,19.0,True
T005861,D0155,2024-12-16,2025-01-15,2025-01-26,253800.0,CASH,False,11.0,False
T006527,D0175,2025-02-18,2025-03-20,2025-03-25,35700.0,PDC,False,5.0,True
T001323,D0035,2025-05-09,2025-06-08,2025-07-09,196100.0,PDC,False,31.0,True
T005673,D0150,2025-11-20,2026-01-04,2026-01-09,133900.0,PDC,False,5.0,False
T006730,D0181,2025-01-16,2025-03-02,,71900.0,PDC,True,,True
T000114,D0004,2025-03-23,2025-05-07,2025-05-08,82900.0,BANK_TRANSFER,False,1.0,False
T003914,D0105,2023-12-28,2024-02-11,2024-02-11,139000.0,CASH,False,0.0,False
T000987,D0027,2024-08-22,2024-09-21,2024-10-02,181600.0,PDC,False,11.0,False
T007820,D0210,2023-05-02,2023-05-17,2023-05-19,260400.0,CASH,False,2.0,False
T004844,D0131,2025-02-03,2025-02-18,2025-02-21,47600.0,PDC,False,3.0,True
T005960,D0160,2025-02-19,2025-04-05,2025-04-06,103600.0,PDC,False,1.0,True
T000223,D0007,2024-09-24,2024-10-24,,114300.0,PDC,True,,False
T005445,D0144,2024-11-11,2024-11-26,2024-11-29,266500.0,PDC,False,3.0,False
T005599,D0148,2025-02-03,2025-03-05,2025-03-07,30300.0,PDC,False,2.0,True
T006004,D0161,2024-08-23,2024-09-22,2024-09-23,114300.0,PDC,False,1.0,False
T005762,D0152,2025-03-26,2025-05-10,2025-05-12,65700.0,PDC,False,2.0,False
T001993,D0050,2025-12-11,2026-01-25,2026-01-29,175900.0,CASH,False,4.0,False
T007298,D0194,2025-01-25,2025-02-24,2025-03-02,187100.0,CASH,False,6.0,True
T004132,D0110,2025-12-07,2026-01-06,2026-01-09,73600.0,CASH,False,3.0,False
T004927,D0132,2025-06-17,2025-07-17,2025-07-19,184200.0,CASH,False,2.0,False
T005663,D0150,2024-10-24,2024-12-08,2024-12-12,299000.0,PDC,False,4.0,False
T007178,D0192,2024-12-04,2024-12-19,2024-12-23,129800.0,PDC,False,4.0,False
T001762,D0045,2025-08-10,2025-09-24,2025-09-24,225900.0,CASH,False,0.0,False
T004444,D0119,2024-03-03,2024-04-02,,76100.0,PDC,True,,True
T004264,D0114,2024-07-25,2024-08-24,2024-08-30,158300.0,CASH,False,6.0,False
T004181,D0111,2025-03-26,2025-04-10,2025-04-14,53200.0,CASH,False,4.0,True
T004213,D0112,2023-03-16,2023-04-30,2023-04-30,178600.0,CASH,False,0.0,True
T004044,D0108,2024-11-07,2024-12-22,2024-12-23,118700.0,CASH,False,1.0,False
T003457,D0091,2024-11-18,2024-12-03,2024-12-05,259200.0,BANK_TRANSFER,False,2.0,False
T000531,D0015,2023-02-14,2023-03-16,2023-04-04,209600.0,PDC,False,19.0,True
T005491,D0145,2023-08-15,2023-09-29,2023-10-08,103100.0,PDC,False,9.0,False
T002591,D0067,2024-06-19,2024-07-19,2024-07-19,99500.0,PDC,False,0.0,False
T005125,D0137,2025-03-15,2025-04-14,2025-05-16,238000.0,CASH,False,32.0,True
T003955,D0106,2024-08-08,2024-08-23,2024-08-25,64900.0,PDC,False,2.0,False
T000163,D0005,2024-09-10,2024-10-25,2024-10-27,66300.0,PDC,False,2.0,False
T003631,D0096,2024-08-18,2024-09-02,2024-09-08,132200.0,PDC,False,6.0,False
T002522,D0065,2025-05-24,2025-06-23,2025-06-23,245200.0,CASH,False,0.0,False
T005064,D0135,2025-04-05,2025-04-20,2025-04-20,121700.0,CASH,False,0.0,False
T003052,D0082,2025-01-23,2025-02-22,2025-02-26,141900.0,CASH,False,4.0,True
T006762,D0181,2025-07-16,2025-08-30,,210800.0,PDC,True,,False
T006379,D0171,2024-12-01,2024-12-31,2024-12-31,168400.0,PDC,False,0.0,False
T007216,D0192,2024-12-03,2025-01-02,2025-01-02,241300.0,PDC,False,0.0,False
T005721,D0151,2023-02-06,2023-02-21,2023-02-27,265600.0,BANK_TRANSFER,False,6.0,False
T007805,D0209,2025-05-07,2025-06-21,,226200.0,PDC,False,,False
T007215,D0192,2023-03-30,2023-04-29,2023-05-02,47400.0,PDC,False,3.0,True
T008120,D0217,2025-06-07,2025-06-22,2025-06-26,168600.0,PDC,False,4.0,False
T003205,D0085,2025-02-17,2025-03-19,2025-03-26,176600.0,PDC,False,7.0,True
T005629,D0149,2025-04-12,2025-04-27,2025-04-28,118100.0,PDC,False,1.0,False
T006582,D0177,2025-05-30,2025-06-14,2025-08-02,77000.0,CASH,False,49.0,True
T001780,D0045,2024-07-28,2024-08-12,2024-08-13,285000.0,PDC,False,1.0,False
T001026,D0028,2025-06-26,2025-07-26,2025-09-08,231900.0,PDC,False,44.0,False
T006338,D0170,2024-04-16,2024-05-01,2024-05-14,225600.0,PDC,False,13.0,False
T003779,D0101,2023-06-15,2023-07-30,2023-07-30,277700.0,PDC,False,0.0,False
T000082,D0003,2025-10-28,2025-12-12,2025-12-28,253600.0,CASH,False,16.0,False
T006513,D0175,2025-12-07,2025-12-22,2025-12-22,286000.0,CASH,False,0.0,False
T002031,D0051,2023-05-03,2023-06-02,2023-06-09,110900.0,PDC,False,7.0,False
T004055,D0108,2025-05-22,2025-07-06,2025-07-08,80900.0,CASH,False,2.0,False
T001793,D0045,2025-12-08,2026-01-07,2026-01-10,176700.0,CASH,False,3.0,False
T006735,D0181,2025-02-04,2025-03-21,,235600.0,PDC,True,,True
T005573,D0147,2024-01-04,2024-01-19,2024-01-23,278500.0,PDC,False,4.0,False
T002717,D0070,2025-04-21,2025-05-06,2025-06-16,69800.0,BANK_TRANSFER,False,41.0,False
T006207,D0167,2024-10-16,2024-11-30,2024-12-20,232800.0,PDC,False,20.0,False
T003820,D0102,2024-04-04,2024-04-19,2024-04-22,186100.0,PDC,False,3.0,True
T006477,D0174,2025-05-18,2025-06-17,,182000.0,BANK_TRANSFER,False,,True
T002674,D0070,2023-09-13,2023-10-13,2023-10-31,236600.0,PDC,False,18.0,False
T005574,D0147,2025-06-15,2025-06-30,2025-07-02,167200.0,PDC,False,2.0,False
T003483,D0091,2025-03-10,2025-04-24,2025-04-29,276200.0,PDC,False,5.0,False
T004654,D0125,2023-12-30,2024-02-13,2024-03-22,115600.0,PDC,False,38.0,False
T003502,D0092,2025-10-09,2025-11-08,2025-11-12,88800.0,BANK_TRANSFER,False,4.0,False
T002564,D0067,2025-03-05,2025-04-19,2025-04-19,83800.0,PDC,False,0.0,False
T003403,D0090,2025-01-25,2025-02-09,2025-02-09,56600.0,CASH,False,0.0,False
T002457,D0063,2025-12-30,2026-01-14,2026-01-15,64400.0,PDC,False,1.0,False
T006254,D0169,2025-04-14,2025-04-29,,113300.0,PDC,True,,False
T005983,D0160,2025-08-08,2025-08-23,2025-08-25,36500.0,PDC,False,2.0,False
T001957,D0050,2025-11-09,2025-12-09,2025-12-09,173100.0,CASH,False,0.0,False
T005726,D0152,2024-03-11,2024-03-26,2024-03-29,55600.0,BANK_TRANSFER,False,3.0,True
T003870,D0103,2024-05-21,2024-07-05,,203300.0,PDC,True,,False
T007490,D0200,2023-09-19,2023-10-04,2023-10-07,178800.0,CASH,False,3.0,False
T004137,D0110,2025-10-28,2025-12-12,2025-12-12,80100.0,CASH,False,0.0,False
T005801,D0154,2025-02-17,2025-04-03,2025-04-03,42900.0,PDC,False,0.0,True
T008051,D0215,2024-11-03,2024-11-18,2024-12-18,151200.0,PDC,False,30.0,False
T007468,D0199,2024-12-24,2025-01-23,2025-02-06,203800.0,PDC,False,14.0,False
T003137,D0084,2025-01-28,2025-03-14,2025-03-16,217500.0,CASH,False,2.0,True
T000312,D0009,2025-11-17,2025-12-02,2025-12-08,127600.0,CASH,False,6.0,False
T001632,D0042,2024-01-18,2024-02-17,2024-02-19,236500.0,CASH,False,2.0,False
T004261,D0114,2024-01-01,2024-01-16,2024-02-03,249000.0,CASH,False,18.0,False
T002068,D0052,2024-08-27,2024-09-11,2024-09-20,179700.0,BANK_TRANSFER,False,9.0,False
T001427,D0037,2023-08-07,2023-08-22,2023-09-25,145800.0,BANK_TRANSFER,False,34.0,False
T002003,D0050,2025-06-10,2025-06-25,2025-06-27,93300.0,CASH,False,2.0,False
T004454,D0119,2025-07-24,2025-08-08,2025-08-27,202600.0,PDC,False,19.0,False
T005226,D0139,2024-02-05,2024-03-21,2024-04-01,220700.0,CASH,False,11.0,True
T003811,D0102,2024-03-07,2024-03-22,2024-03-29,84700.0,PDC,False,7.0,True
T005467,D0144,2025-06-01,2025-06-16,2025-06-17,294100.0,PDC,False,1.0,True
T002338,D0059,2025-03-17,2025-04-16,2025-04-18,270300.0,PDC,False,2.0,False
T005924,D0158,2023-09-27,2023-11-11,2023-11-12,291800.0,PDC,False,1.0,False
T002441,D0062,2025-06-14,2025-06-29,2025-07-01,242200.0,BANK_TRANSFER,False,2.0,False
T000129,D0004,2025-01-07,2025-02-21,2025-02-24,185300.0,PDC,False,3.0,True
T001010,D0028,2023-01-26,2023-03-12,2023-05-02,240600.0,CASH,False,51.0,True
T001814,D0046,2023-09-24,2023-10-09,2023-10-16,52700.0,PDC,False,7.0,False
T001291,D0034,2024-07-16,2024-07-31,2024-08-03,275600.0,PDC,False,3.0,False
T004754,D0127,2023-10-20,2023-11-19,2023-11-23,268300.0,CASH,False,4.0,False
T005343,D0142,2025-03-16,2025-04-15,2025-04-16,82000.0,CASH,False,1.0,True
T003874,D0103,2024-07-27,2024-08-26,2024-10-02,292500.0,CASH,False,37.0,False
T005198,D0139,2025-06-24,2025-08-08,2025-08-09,284500.0,PDC,False,1.0,False
T002772,D0072,2025-12-31,2026-01-30,2026-01-30,196800.0,PDC,False,0.0,False
T000202,D0006,2025-05-31,2025-06-15,2025-06-15,295800.0,CASH,False,0.0,True
T007592,D0202,2023-01-31,2023-02-15,2023-02-15,207700.0,PDC,False,0.0,False
T005518,D0146,2025-07-22,2025-08-21,2025-08-23,142400.0,CASH,False,2.0,False
T007904,D0212,2023-12-25,2024-02-08,2024-02-19,216300.0,PDC,False,11.0,False
T000955,D0026,2023-12-18,2024-01-02,2024-01-06,298500.0,PDC,False,4.0,False
T002419,D0061,2024-11-05,2024-11-20,2024-11-25,260800.0,CASH,False,5.0,False
T004021,D0108,2024-04-21,2024-05-06,2024-05-08,191700.0,CASH,False,2.0,False
T000830,D0022,2023-10-09,2023-11-23,2023-11-26,210200.0,PDC,False,3.0,False
T002362,D0060,2023-12-12,2023-12-27,2024-01-11,270000.0,PDC,False,15.0,False
T007606,D0203,2023-06-14,2023-07-29,2023-07-31,170000.0,PDC,False,2.0,False
T004690,D0126,2023-08-02,2023-09-01,2023-09-03,58400.0,PDC,False,2.0,False
T003908,D0105,2025-07-10,2025-08-24,2025-08-26,85000.0,CASH,False,2.0,False
T000971,D0026,2025-01-19,2025-02-03,2025-02-06,290600.0,CASH,False,3.0,False
T000203,D0006,2023-08-23,2023-10-07,2023-10-10,236200.0,CASH,False,3.0,False
T005822,D0154,2024-05-08,2024-06-22,2024-06-23,66600.0,PDC,False,1.0,True
T006071,D0163,2023-03-07,2023-04-06,2023-04-09,155600.0,PDC,False,3.0,True
T000983,D0027,2023-10-20,2023-11-19,2023-12-09,132400.0,CASH,False,20.0,False
T003697,D0097,2025-10-11,2025-10-26,2025-10-26,149300.0,PDC,False,0.0,False
T006143,D0166,2024-06-03,2024-07-03,2024-07-09,72700.0,PDC,False,6.0,False
T003319,D0088,2025-10-15,2025-11-29,2025-12-01,130300.0,PDC,False,2.0,False
T006842,D0183,2023-05-27,2023-06-11,2023-06-11,163200.0,CASH,False,0.0,False
T004913,D0132,2025-10-16,2025-11-15,2025-11-17,111200.0,CASH,False,2.0,False
T006077,D0163,2024-03-02,2024-04-16,2024-04-17,165000.0,PDC,False,1.0,True
T002381,D0061,2024-06-08,2024-06-23,2024-06-24,289900.0,PDC,False,1.0,True
T002487,D0064,2024-07-24,2024-08-23,2024-09-05,106700.0,PDC,False,13.0,False
T007054,D0189,2023-10-18,2023-12-02,2023-12-02,61300.0,PDC,False,0.0,False
T005959,D0160,2025-06-05,2025-07-05,2025-07-07,164100.0,PDC,False,2.0,False
T003098,D0083,2025-11-29,2025-12-29,2026-01-25,191500.0,CASH,False,27.0,False
T007776,D0208,2023-02-09,2023-02-24,2023-04-05,204100.0,CASH,False,40.0,False
T003090,D0083,2023-08-29,2023-09-13,2023-10-15,127200.0,BANK_TRANSFER,False,32.0,False
T006167,D0167,2024-05-23,2024-07-07,2024-08-03,154500.0,CASH,False,27.0,False
T001188,D0032,2025-10-29,2025-11-13,2025-11-13,193700.0,BANK_TRANSFER,False,0.0,False
T006426,D0173,2024-10-15,2024-11-29,2024-11-30,224200.0,PDC,False,1.0,False
T006439,D0173,2023-06-01,2023-06-16,2023-06-17,203200.0,BANK_TRANSFER,False,1.0,True
T004448,D0119,2025-11-23,2025-12-08,,53400.0,PDC,True,,False
T003920,D0105,2023-03-27,2023-05-11,2023-05-15,79500.0,BANK_TRANSFER,False,4.0,False
T005852,D0155,2023-02-16,2023-03-18,2023-03-30,175500.0,CASH,False,12.0,True
T001596,D0041,2025-07-05,2025-08-04,2025-08-07,76300.0,PDC,False,3.0,False
T004093,D0109,2025-11-06,2025-12-06,2025-12-07,224600.0,BANK_TRANSFER,False,1.0,False
T000043,D0002,2024-07-17,2024-08-31,2024-09-04,279600.0,BANK_TRANSFER,False,4.0,False
T003402,D0090,2024-01-01,2024-02-15,2024-02-15,213200.0,PDC,False,0.0,False
T006246,D0169,2024-06-13,2024-07-13,,250600.0,PDC,False,,False
T003348,D0089,2025-01-22,2025-03-08,2025-03-08,158300.0,PDC,False,0.0,True
T007769,D0208,2024-01-02,2024-01-17,2024-02-12,291200.0,PDC,False,26.0,False
T005169,D0138,2023-08-10,2023-09-09,2023-09-09,91500.0,PDC,False,0.0,False
T001274,D0034,2024-09-30,2024-10-30,2024-11-19,140200.0,CASH,False,20.0,False
T002183,D0055,2024-03-31,2024-04-15,2024-04-23,225800.0,BANK_TRANSFER,False,8.0,True
T000575,D0016,2024-11-29,2024-12-29,2025-01-03,265700.0,BANK_TRANSFER,False,5.0,False
T001921,D0048,2023-07-20,2023-09-03,2023-09-07,74000.0,PDC,False,4.0,False
T007945,D0213,2023-07-24,2023-09-07,,97000.0,PDC,True,,False
T000857,D0022,2024-05-17,2024-06-01,2024-06-03,110800.0,PDC,False,2.0,False
T006273,D0169,2024-06-26,2024-08-10,2024-08-12,177300.0,PDC,False,2.0,False
T005943,D0159,2025-12-04,2026-01-18,2026-01-19,149800.0,PDC,False,1.0,False
T006144,D0166,2023-09-04,2023-10-19,2023-11-03,22600.0,PDC,False,15.0,False
T001809,D0046,2023-07-29,2023-08-13,2023-08-29,155400.0,PDC,False,16.0,False
T002621,D0068,2025-11-18,2026-01-02,2026-01-02,81300.0,CASH,False,0.0,False
T004915,D0132,2024-10-18,2024-11-17,2024-11-18,195100.0,PDC,False,1.0,False
T005995,D0160,2025-04-14,2025-05-29,2025-06-02,106000.0,PDC,False,4.0,True
T001847,D0046,2025-07-16,2025-08-30,2025-09-01,140100.0,PDC,False,2.0,False
T004972,D0134,2023-02-09,2023-03-26,2023-03-28,241000.0,CASH,False,2.0,True
T004035,D0108,2025-12-10,2026-01-09,2026-01-11,215000.0,PDC,False,2.0,False
T004200,D0112,2025-12-31,2026-01-30,2026-01-31,171100.0,PDC,False,1.0,False
T006673,D0180,2023-08-13,2023-08-28,2023-08-29,77300.0,PDC,False,1.0,False
T002459,D0063,2025-09-04,2025-10-04,2025-10-08,233800.0,CASH,False,4.0,False
T004890,D0132,2023-08-31,2023-10-15,2023-10-15,252400.0,BANK_TRANSFER,False,0.0,False
T004701,D0126,2023-04-02,2023-04-17,2023-04-20,104700.0,PDC,False,3.0,True
T000989,D0027,2024-04-23,2024-05-08,2024-05-13,274200.0,CASH,False,5.0,False
T005330,D0141,2025-01-21,2025-03-07,2025-03-08,134600.0,CASH,False,1.0,True
T007601,D0202,2024-12-30,2025-01-14,2025-01-17,250500.0,PDC,False,3.0,False
T001434,D0038,2025-05-16,2025-06-15,2025-06-16,29600.0,BANK_TRANSFER,False,1.0,True
T004481,D0121,2025-08-09,2025-09-08,2025-09-30,196500.0,BANK_TRANSFER,False,22.0,False
T004990,D0134,2024-02-26,2024-03-12,2024-03-14,213400.0,CASH,False,2.0,True
T004153,D0111,2024-11-22,2024-12-22,2024-12-23,215100.0,CASH,False,1.0,False
T000712,D0019,2025-09-15,2025-10-15,2025-10-16,43700.0,PDC,False,1.0,False
T002373,D0061,2025-05-06,2025-05-21,2025-05-21,105500.0,PDC,False,0.0,False
T003851,D0103,2024-05-18,2024-07-02,2024-08-27,66900.0,CASH,False,56.0,False
T006223,D0168,2024-12-21,2025-01-05,2025-01-05,134500.0,CASH,False,0.0,False
T004452,D0119,2023-07-05,2023-08-19,2023-10-07,276400.0,PDC,False,49.0,False
T003566,D0094,2023-01-22,2023-02-06,2023-02-06,177100.0,PDC,False,0.0,False
T005939,D0159,2023-11-09,2023-12-09,2023-12-10,47100.0,CASH,False,1.0,False
T001019,D0028,2025-04-02,2025-04-17,,298500.0,PDC,True,,False
T003888,D0104,2025-09-18,2025-11-02,2025-12-13,37900.0,PDC,False,41.0,False
T008026,D0215,2025-07-26,2025-09-09,2025-09-29,124800.0,BANK_TRANSFER,False,20.0,False
T003297,D0088,2023-08-19,2023-09-18,2023-09-26,178900.0,PDC,False,8.0,False
T002964,D0078,2025-05-16,2025-05-31,2025-06-01,88000.0,CASH,False,1.0,True
T004404,D0118,2023-05-20,2023-07-04,2023-07-07,79000.0,CASH,False,3.0,True
T003462,D0091,2023-07-23,2023-08-07,2023-08-11,169500.0,CASH,False,4.0,False
T004910,D0132,2025-12-17,2026-01-16,2026-01-16,227800.0,PDC,False,0.0,False
T004138,D0110,2024-07-04,2024-07-19,2024-07-19,293700.0,PDC,False,0.0,False
T006572,D0177,2025-04-04,2025-05-04,2025-05-12,227300.0,CASH,False,8.0,False
T005502,D0145,2023-05-06,2023-05-21,2023-06-01,109400.0,CASH,False,11.0,False
T008170,D0218,2024-04-16,2024-05-01,2024-05-04,119500.0,PDC,False,3.0,False
T001682,D0043,2025-12-27,2026-02-10,2026-02-14,118200.0,PDC,False,4.0,False
T004979,D0134,2023-12-03,2024-01-02,2024-01-04,45000.0,PDC,False,2.0,False
T001970,D0050,2023-11-05,2023-12-05,2023-12-09,98300.0,PDC,False,4.0,False
T004795,D0129,2023-04-19,2023-05-19,2023-05-22,57200.0,BANK_TRANSFER,False,3.0,False
T006819,D0182,2025-08-15,2025-09-29,2025-09-30,102600.0,CASH,False,1.0,False
T006064,D0162,2023-11-06,2023-12-21,2023-12-24,113500.0,PDC,False,3.0,False
T002052,D0051,2024-09-16,2024-10-01,2024-10-14,214800.0,CASH,False,13.0,False
T007658,D0205,2025-10-22,2025-11-06,2025-11-06,147200.0,PDC,False,0.0,False
T004312,D0115,2025-01-12,2025-02-26,2025-02-27,284400.0,PDC,False,1.0,True
T002147,D0054,2025-10-26,2025-12-10,2025-12-11,41900.0,PDC,False,1.0,False
T002323,D0059,2025-04-17,2025-05-02,2025-05-05,218600.0,PDC,False,3.0,False
T002697,D0070,2025-05-10,2025-06-24,2025-07-24,204600.0,PDC,False,30.0,False
T002483,D0064,2025-11-03,2025-12-03,2025-12-09,223800.0,BANK_TRANSFER,False,6.0,False
T001371,D0036,2024-02-25,2024-04-10,2024-04-12,45600.0,CASH,False,2.0,True
T001567,D0040,2023-10-25,2023-12-09,2023-12-12,193200.0,CASH,False,3.0,False
T006289,D0169,2024-05-24,2024-06-23,2024-06-25,293100.0,BANK_TRANSFER,False,2.0,True
T003597,D0094,2023-08-08,2023-09-22,2023-09-23,191600.0,PDC,False,1.0,False
T003772,D0100,2024-06-22,2024-08-06,2024-08-24,232000.0,PDC,False,18.0,False
T002793,D0072,2024-03-03,2024-04-02,2024-04-03,209700.0,CASH,False,1.0,True
T004355,D0117,2025-07-23,2025-08-07,2025-08-08,239900.0,PDC,False,1.0,False
T001517,D0039,2024-03-20,2024-04-19,2024-06-04,269500.0,PDC,False,46.0,True
T003994,D0107,2025-03-27,2025-04-11,2025-04-25,139600.0,PDC,False,14.0,True
T005863,D0155,2025-01-19,2025-02-03,2025-02-21,206600.0,CASH,False,18.0,False
T003628,D0096,2025-08-28,2025-10-12,2025-10-15,280100.0,PDC,False,3.0,False
T002187,D0055,2023-08-17,2023-09-01,2023-09-14,245600.0,PDC,False,13.0,False
T003309,D0088,2023-10-28,2023-11-27,2023-12-09,271400.0,PDC,False,12.0,False
T003732,D0099,2025-02-28,2025-04-14,2025-05-14,248400.0,CASH,False,30.0,True
T005252,D0140,2024-04-14,2024-05-14,2024-05-15,216400.0,PDC,False,1.0,False
T001038,D0028,2023-09-11,2023-10-26,2023-11-21,212400.0,PDC,False,26.0,False
T002438,D0062,2024-11-30,2024-12-30,2024-12-31,163800.0,CASH,False,1.0,False
T003000,D0080,2025-08-31,2025-10-15,2025-11-08,63300.0,PDC,False,24.0,False
T001511,D0039,2025-10-04,2025-10-19,2025-11-09,49300.0,PDC,False,21.0,False
T000412,D0012,2025-05-13,2025-06-27,2025-06-30,152200.0,CASH,False,3.0,False
T006861,D0183,2023-05-26,2023-07-10,2023-07-15,233300.0,BANK_TRANSFER,False,5.0,True
T006648,D0178,2025-12-10,2025-12-25,,255000.0,PDC,False,,False
T004076,D0109,2025-08-11,2025-09-10,2025-09-10,283100.0,CASH,False,0.0,False
T001302,D0034,2025-02-17,2025-03-04,2025-04-15,76500.0,BANK_TRANSFER,False,42.0,True
T003260,D0087,2025-08-12,2025-08-27,2025-08-29,119200.0,CASH,False,2.0,False
T005393,D0143,2024-09-19,2024-11-03,2024-11-09,226000.0,CASH,False,6.0,False
T001318,D0035,2024-10-01,2024-11-15,2024-12-01,278600.0,CASH,False,16.0,False
T003317,D0088,2024-11-13,2024-11-28,2024-12-05,259800.0,CASH,False,7.0,False
T000778,D0020,2024-06-09,2024-06-24,2024-07-09,202400.0,BANK_TRANSFER,False,15.0,True
T007025,D0189,2024-10-13,2024-11-27,2024-11-27,81400.0,BANK_TRANSFER,False,0.0,False
T007453,D0199,2023-08-18,2023-09-17,2023-09-30,71200.0,PDC,False,13.0,False
T004672,D0126,2023-09-04,2023-10-04,2023-10-05,126700.0,BANK_TRANSFER,False,1.0,False
T004855,D0131,2025-12-20,2026-01-04,2026-01-07,219300.0,PDC,False,3.0,False
T002368,D0060,2024-02-21,2024-03-07,2024-03-22,89300.0,BANK_TRANSFER,False,15.0,True
T002477,D0063,2024-08-18,2024-09-02,2024-09-07,33400.0,PDC,False,5.0,False
T004891,D0132,2023-11-07,2023-11-22,2023-11-25,269900.0,PDC,False,3.0,False
T005414,D0144,2024-05-16,2024-06-30,2024-06-30,101600.0,BANK_TRANSFER,False,0.0,True
T004170,D0111,2025-03-18,2025-05-02,2025-05-04,38800.0,PDC,False,2.0,False
T000026,D0001,2025-01-09,2025-01-24,2025-01-24,220900.0,PDC,False,0.0,False
T003393,D0090,2024-07-21,2024-08-20,2024-08-24,72400.0,BANK_TRANSFER,False,4.0,False
T001409,D0037,2024-05-27,2024-07-11,2024-08-08,232900.0,PDC,False,28.0,False
T005223,D0139,2023-07-08,2023-08-22,2023-08-25,114700.0,PDC,False,3.0,False
T001140,D0031,2024-07-03,2024-08-17,2024-08-17,91900.0,PDC,False,0.0,False
T000506,D0014,2024-05-23,2024-06-07,2024-06-07,205100.0,PDC,False,0.0,True
T001561,D0040,2025-09-20,2025-11-04,2025-11-04,187300.0,PDC,False,0.0,False
T006405,D0172,2025-12-29,2026-02-12,2026-02-12,154900.0,CASH,False,0.0,False
T006620,D0178,2023-05-06,2023-06-20,2023-06-23,275400.0,PDC,False,3.0,True
T001121,D0030,2024-08-08,2024-09-07,2024-10-26,132500.0,PDC,False,49.0,False
T008173,D0218,2025-01-02,2025-02-01,2025-02-06,143500.0,PDC,False,5.0,False
T004683,D0126,2023-07-22,2023-09-05,2023-09-07,232200.0,PDC,False,2.0,False
T000602,D0017,2023-01-14,2023-02-28,2023-02-28,252000.0,PDC,False,0.0,False
T004708,D0126,2024-11-08,2024-11-23,2024-11-23,34700.0,BANK_TRANSFER,False,0.0,False
T007973,D0213,2024-03-30,2024-04-29,2024-04-29,286000.0,PDC,False,0.0,False
T003942,D0105,2025-07-17,2025-08-31,2025-09-05,48200.0,CASH,False,5.0,False
T005186,D0138,2025-07-30,2025-09-13,2025-09-15,52600.0,PDC,False,2.0,False
T002738,D0071,2025-09-01,2025-10-16,2025-10-26,282600.0,CASH,False,10.0,False
T005632,D0149,2025-12-12,2025-12-27,2025-12-31,294900.0,PDC,False,4.0,False
T003852,D0103,2024-08-14,2024-08-29,2024-10-02,254600.0,CASH,False,34.0,False
T005505,D0145,2024-07-26,2024-08-10,2024-08-17,244700.0,PDC,False,7.0,False
T002614,D0068,2025-02-19,2025-04-05,2025-04-06,290100.0,CASH,False,1.0,True
T000349,D0010,2025-02-05,2025-03-07,2025-03-20,155400.0,PDC,False,13.0,True
T004982,D0134,2025-11-12,2025-12-12,2025-12-12,193700.0,PDC,False,0.0,False
T007768,D0208,2023-01-17,2023-02-01,2023-03-09,290700.0,PDC,False,36.0,False
T004879,D0131,2024-01-25,2024-02-09,2024-02-09,177600.0,PDC,False,0.0,False
T007975,D0213,2025-07-25,2025-08-09,2025-08-11,164600.0,PDC,False,2.0,False
T006943,D0187,2025-06-25,2025-07-10,,79800.0,PDC,True,,False
T000630,D0017,2023-10-14,2023-11-28,2023-11-28,60000.0,CASH,False,0.0,False
T007080,D0190,2024-10-29,2024-12-13,2024-12-29,287000.0,PDC,False,16.0,False
T002549,D0066,2025-04-19,2025-06-03,2025-06-10,138600.0,BANK_TRANSFER,False,7.0,True
T006705,D0180,2025-03-17,2025-04-01,2025-04-05,154400.0,PDC,False,4.0,True
T006554,D0176,2024-11-18,2024-12-18,2025-01-11,117100.0,PDC,False,24.0,False
T000409,D0012,2024-12-02,2025-01-16,2025-01-22,78500.0,PDC,False,6.0,False
T003392,D0090,2023-06-18,2023-07-03,2023-07-04,173100.0,CASH,False,1.0,True
T000165,D0005,2024-09-15,2024-10-15,2024-10-18,280300.0,PDC,False,3.0,False
T007963,D0213,2023-01-07,2023-02-21,2023-02-21,220200.0,PDC,False,0.0,False
T002337,D0059,2024-10-08,2024-11-07,2024-11-12,193000.0,PDC,False,5.0,False
T004050,D0108,2025-07-28,2025-08-27,2025-08-28,284100.0,PDC,False,1.0,False
T007599,D0202,2023-08-15,2023-08-30,2023-09-03,131600.0,PDC,False,4.0,False
T006066,D0163,2025-07-31,2025-08-30,2025-08-31,22500.0,PDC,False,1.0,False
T005746,D0152,2025-07-16,2025-08-15,2025-08-15,111500.0,PDC,False,0.0,False
T006069,D0163,2025-04-04,2025-04-19,2025-04-19,150000.0,PDC,False,0.0,False
T002427,D0062,2024-03-02,2024-03-17,2024-03-20,158500.0,PDC,False,3.0,True
T001088,D0029,2023-12-29,2024-01-28,2024-01-30,78700.0,CASH,False,2.0,False
T005819,D0154,2024-05-15,2024-05-30,2024-06-02,123700.0,PDC,False,3.0,False
T005282,D0140,2025-01-12,2025-02-26,2025-02-26,119100.0,PDC,False,0.0,True
T003771,D0100,2023-08-16,2023-09-30,2023-10-05,112300.0,PDC,False,5.0,False
T006853,D0183,2024-12-01,2024-12-31,2025-01-09,212800.0,PDC,False,9.0,False
T005964,D0160,2025-01-04,2025-02-18,2025-02-19,91700.0,CASH,False,1.0,True
T005851,D0155,2024-04-13,2024-05-28,2024-06-22,21200.0,CASH,False,25.0,False
T004391,D0118,2024-05-12,2024-05-27,2024-05-27,54200.0,PDC,False,0.0,False
T005062,D0135,2023-05-27,2023-06-11,2023-06-12,130100.0,PDC,False,1.0,False
T005919,D0158,2025-04-26,2025-05-11,2025-05-11,296700.0,BANK_TRANSFER,False,0.0,False
T007959,D0213,2023-10-08,2023-11-07,2023-11-17,112300.0,PDC,False,10.0,False
T002915,D0077,2023-03-23,2023-05-07,2023-05-25,128400.0,CASH,False,18.0,False
T002861,D0075,2024-06-01,2024-06-16,2024-06-22,247700.0,PDC,False,6.0,True
T002364,D0060,2023-07-02,2023-08-01,2023-08-14,87100.0,PDC,False,13.0,False
T004625,D0125,2023-10-03,2023-11-02,2023-12-05,109200.0,BANK_TRANSFER,False,33.0,False
T003882,D0104,2024-07-05,2024-07-20,2024-08-18,197300.0,CASH,False,29.0,False
T006065,D0163,2024-02-29,2024-03-15,2024-03-15,217000.0,PDC,False,0.0,True
T006334,D0170,2023-11-13,2023-12-13,2023-12-29,30900.0,PDC,False,16.0,False
T004124,D0110,2024-01-27,2024-03-12,2024-03-12,181700.0,CASH,False,0.0,True
T006968,D0188,2023-05-12,2023-06-11,2023-06-15,268000.0,PDC,False,4.0,False
T005770,D0153,2024-12-06,2025-01-05,2025-01-05,206700.0,BANK_TRANSFER,False,0.0,False
T000275,D0009,2024-12-04,2025-01-18,2025-01-21,295500.0,PDC,False,3.0,False
T001073,D0029,2024-01-06,2024-02-05,2024-02-07,44600.0,PDC,False,2.0,False
T005171,D0138,2023-09-09,2023-10-09,2023-10-10,34300.0,CASH,False,1.0,False
T006808,D0182,2025-02-22,2025-03-09,2025-03-09,69500.0,PDC,False,0.0,True
T006277,D0169,2025-02-19,2025-04-05,2025-04-09,39200.0,PDC,False,4.0,True
T000676,D0018,2025-11-03,2025-12-18,2025-12-19,250800.0,PDC,False,1.0,False
T008162,D0218,2025-02-20,2025-03-22,2025-03-25,113400.0,PDC,False,3.0,True
T006399,D0172,2023-12-16,2024-01-15,2024-01-16,158800.0,CASH,False,1.0,False
T003383,D0089,2025-06-03,2025-06-18,2025-06-18,97000.0,PDC,False,0.0,True
T007362,D0196,2023-11-21,2024-01-05,2024-01-05,230200.0,PDC,False,0.0,False
T003705,D0098,2023-09-07,2023-10-07,2023-10-26,53600.0,PDC,False,19.0,False
T000586,D0016,2024-07-05,2024-08-19,2024-08-30,123200.0,BANK_TRANSFER,False,11.0,False
T000838,D0022,2023-12-08,2024-01-07,2024-01-09,33100.0,PDC,False,2.0,False
T004807,D0129,2023-10-28,2023-11-27,2023-11-29,108500.0,PDC,False,2.0,False
T004400,D0118,2024-09-04,2024-10-19,2024-10-21,27100.0,PDC,False,2.0,False
T002616,D0068,2024-12-14,2025-01-28,2025-01-28,26500.0,BANK_TRANSFER,False,0.0,False
T005347,D0142,2024-04-26,2024-05-26,2024-05-30,150600.0,CASH,False,4.0,False
T002966,D0079,2025-12-27,2026-02-10,2026-02-12,291800.0,BANK_TRANSFER,False,2.0,False
T001438,D0038,2023-01-18,2023-02-02,2023-02-02,242600.0,CASH,False,0.0,False
T001554,D0040,2024-11-09,2024-12-09,2024-12-09,220900.0,BANK_TRANSFER,False,0.0,False
T000817,D0021,2024-02-29,2024-03-30,2024-04-02,282700.0,PDC,False,3.0,True
T001244,D0033,2025-07-01,2025-07-16,2025-07-16,255800.0,BANK_TRANSFER,False,0.0,False
T004313,D0115,2023-11-21,2024-01-05,2024-01-05,277700.0,CASH,False,0.0,False
T005054,D0135,2025-07-18,2025-08-02,2025-08-04,218100.0,CASH,False,2.0,False
T000303,D0009,2024-02-02,2024-03-03,2024-03-03,227500.0,CASH,False,0.0,True
T002620,D0068,2025-12-21,2026-02-04,2026-02-04,230800.0,PDC,False,0.0,False
T008211,D0219,2025-01-27,2025-03-13,2025-03-14,69300.0,PDC,False,1.0,True
T002679,D0070,2025-10-08,2025-11-07,,168800.0,PDC,True,,False
T002486,D0064,2025-03-31,2025-04-15,2025-04-19,93200.0,PDC,False,4.0,True
T003937,D0105,2025-10-07,2025-11-06,2025-11-06,202900.0,PDC,False,0.0,False
T000567,D0016,2025-08-23,2025-09-07,2025-09-16,90900.0,PDC,False,9.0,False
T003163,D0084,2024-08-24,2024-09-23,2024-09-26,63200.0,PDC,False,3.0,False
T001064,D0029,2025-04-07,2025-05-22,2025-05-25,174100.0,PDC,False,3.0,False
T000873,D0022,2024-10-07,2024-11-06,2024-11-07,30100.0,CASH,False,1.0,False
T002820,D0073,2024-09-05,2024-10-05,2024-11-10,36300.0,PDC,False,36.0,False
T006969,D0188,2023-03-18,2023-04-17,2023-04-18,218300.0,PDC,False,1.0,True
T000953,D0026,2023-06-20,2023-08-04,2023-08-08,53500.0,CASH,False,4.0,False
T000160,D0005,2025-08-23,2025-09-07,2025-09-10,158900.0,CASH,False,3.0,False
T000924,D0025,2023-10-19,2023-12-03,2024-01-24,269300.0,BANK_TRANSFER,False,52.0,False
T002771,D0072,2025-11-25,2026-01-09,2026-01-11,21100.0,BANK_TRANSFER,False,2.0,False
T004156,D0111,2025-05-22,2025-06-21,2025-06-21,278900.0,BANK_TRANSFER,False,0.0,False
T007671,D0206,2024-01-03,2024-01-18,2024-01-29,92100.0,PDC,False,11.0,False
T004335,D0116,2025-01-09,2025-02-23,2025-03-01,222500.0,BANK_TRANSFER,False,6.0,True
T001976,D0050,2025-01-17,2025-03-03,2025-03-03,31200.0,PDC,False,0.0,True
T004120,D0110,2023-02-11,2023-02-26,2023-02-28,62200.0,CASH,False,2.0,False
T006961,D0187,2025-06-29,2025-08-13,2025-08-17,80600.0,CASH,False,4.0,False
T004780,D0129,2023-08-11,2023-09-25,2023-09-29,278400.0,CASH,False,4.0,False
T003736,D0100,2024-12-13,2025-01-27,2025-02-07,87100.0,CASH,False,11.0,False
T002395,D0061,2024-06-23,2024-08-07,2024-08-07,282100.0,CASH,False,0.0,False
T007398,D0198,2025-12-06,2025-12-21,2026-01-03,188000.0,PDC,False,13.0,False
T003604,D0094,2024-07-12,2024-08-11,2024-08-11,51100.0,PDC,False,0.0,False
T006237,D0169,2025-11-13,2025-12-13,2025-12-13,105300.0,PDC,False,0.0,False
T002057,D0052,2024-04-12,2024-05-12,2024-06-13,276000.0,BANK_TRANSFER,False,32.0,False
T004325,D0115,2025-12-11,2026-01-10,2026-01-14,147100.0,PDC,False,4.0,False
T000490,D0014,2024-04-20,2024-06-04,2024-06-06,112800.0,CASH,False,2.0,False
T007916,D0212,2023-12-30,2024-01-14,2024-02-04,223200.0,PDC,False,21.0,False
T003714,D0098,2025-03-12,2025-04-11,2025-04-23,67500.0,CASH,False,12.0,True
T004926,D0132,2024-07-02,2024-08-01,2024-08-02,282400.0,CASH,False,1.0,False
T005847,D0155,2025-06-15,2025-06-30,2025-07-05,187400.0,CASH,False,5.0,False
T000386,D0011,2024-10-16,2024-11-30,2024-12-03,104900.0,PDC,False,3.0,False
T003489,D0092,2023-07-11,2023-07-26,2023-07-26,25400.0,PDC,False,0.0,False
T006594,D0177,2025-09-29,2025-11-13,2025-12-17,181100.0,BANK_TRANSFER,False,34.0,False
T002284,D0058,2023-07-08,2023-08-22,2023-10-09,103400.0,CASH,False,48.0,False
T004112,D0110,2023-04-02,2023-05-02,2023-05-05,267600.0,CASH,False,3.0,True
T001825,D0046,2024-11-07,2024-12-07,,274500.0,PDC,True,,False
T004366,D0117,2025-06-26,2025-07-26,2025-07-27,203100.0,CASH,False,1.0,False
T005485,D0145,2024-01-13,2024-02-27,2024-03-13,282500.0,PDC,False,15.0,False
T004420,D0118,2025-08-17,2025-10-01,2025-10-03,216500.0,CASH,False,2.0,False
T001589,D0041,2024-11-22,2025-01-06,2025-01-09,61100.0,PDC,False,3.0,False
T002872,D0076,2024-08-25,2024-09-09,2024-09-11,70200.0,PDC,False,2.0,False
T003349,D0089,2024-12-21,2025-01-20,2025-01-22,287300.0,BANK_TRANSFER,False,2.0,False
T008197,D0219,2024-05-17,2024-06-01,2024-06-01,199100.0,PDC,False,0.0,False
T001752,D0045,2024-03-05,2024-04-19,2024-04-21,223600.0,PDC,False,2.0,True
T005247,D0139,2025-04-14,2025-04-29,2025-05-04,246300.0,PDC,False,5.0,False
T005401,D0143,2024-06-12,2024-06-27,2024-07-03,74100.0,CASH,False,6.0,True
T001232,D0033,2023-11-14,2023-11-29,2023-12-04,49700.0,PDC,False,5.0,False
T004090,D0109,2024-12-13,2024-12-28,2025-01-11,299500.0,BANK_TRANSFER,False,14.0,False
T005889,D0156,2023-06-09,2023-07-24,2023-08-03,286200.0,PDC,False,10.0,False
T005366,D0143,2025-09-24,2025-10-24,2025-10-25,201600.0,PDC,False,1.0,False
T003161,D0084,2024-11-23,2025-01-07,2025-01-11,267300.0,PDC,False,4.0,False
T000964,D0026,2023-06-05,2023-06-20,2023-06-20,102800.0,PDC,False,0.0,True
T004594,D0123,2024-03-03,2024-03-18,2024-03-18,93400.0,BANK_TRANSFER,False,0.0,True
T000353,D0010,2024-08-09,2024-09-08,2024-09-16,262400.0,BANK_TRANSFER,False,8.0,False
T001839,D0046,2025-09-23,2025-10-08,,285400.0,PDC,True,,False
T003946,D0105,2023-03-14,2023-04-28,2023-05-02,168700.0,CASH,False,4.0,True
T006896,D0184,2024-03-06,2024-04-05,,272000.0,PDC,True,,True
T006587,D0177,2024-03-19,2024-04-03,2024-05-21,101100.0,PDC,False,48.0,True
T000002,D0001,2025-09-17,2025-10-17,2025-10-18,156000.0,PDC,False,1.0,False
T007322,D0195,2025-10-03,2025-11-17,,100200.0,PDC,True,,False
T004382,D0118,2025-04-07,2025-04-22,2025-04-22,249400.0,BANK_TRANSFER,False,0.0,False
T008216,D0220,2024-12-02,2025-01-16,2025-01-21,242200.0,PDC,False,5.0,False
T005743,D0152,2025-11-05,2025-12-05,2025-12-07,292300.0,BANK_TRANSFER,False,2.0,False
T000784,D0021,2024-05-22,2024-06-06,2024-06-08,289200.0,PDC,False,2.0,True
T006948,D0187,2025-05-24,2025-07-08,2025-07-12,36400.0,PDC,False,4.0,False
T005034,D0135,2025-04-02,2025-05-02,2025-05-03,209800.0,PDC,False,1.0,False
T002397,D0061,2023-12-04,2024-01-03,2024-01-03,113800.0,CASH,False,0.0,False
T006925,D0186,2024-04-23,2024-05-08,2024-05-09,141500.0,BANK_TRANSFER,False,1.0,False
T000069,D0003,2025-03-15,2025-04-14,2025-05-07,73700.0,PDC,False,23.0,True
T000404,D0012,2025-12-08,2026-01-07,2026-01-17,49500.0,CASH,False,10.0,False
T003435,D0090,2025-12-20,2026-02-03,2026-02-05,228100.0,PDC,False,2.0,False
T004894,D0132,2023-09-08,2023-10-08,2023-10-13,24900.0,CASH,False,5.0,False
T001162,D0031,2025-10-12,2025-10-27,2025-11-01,20200.0,PDC,False,5.0,False
T007679,D0206,2023-12-04,2024-01-18,2024-02-04,110500.0,PDC,False,17.0,False
T006120,D0165,2024-03-19,2024-04-03,2024-04-19,186600.0,PDC,False,16.0,True
T004274,D0114,2025-05-06,2025-06-05,2025-06-05,73300.0,PDC,False,0.0,True
T005050,D0135,2025-12-07,2026-01-21,2026-01-24,280400.0,CASH,False,3.0,False
T003429,D0090,2025-10-07,2025-11-06,2025-11-06,221800.0,PDC,False,0.0,False
T002140,D0054,2025-03-09,2025-03-24,,206900.0,PDC,True,,True
T001201,D0032,2024-03-21,2024-04-05,2024-04-09,152000.0,PDC,False,4.0,True
T006073,D0163,2025-12-19,2026-01-18,2026-01-18,62800.0,BANK_TRANSFER,False,0.0,False
T002916,D0077,2025-04-29,2025-06-13,2025-06-28,139600.0,CASH,False,15.0,True
T002301,D0058,2023-05-12,2023-06-26,2023-07-24,190500.0,PDC,False,28.0,True
T001757,D0045,2024-12-25,2025-01-09,2025-01-15,26600.0,CASH,False,6.0,False
T003487,D0092,2025-03-13,2025-04-27,2025-04-27,28700.0,BANK_TRANSFER,False,0.0,False
T006703,D0180,2025-03-16,2025-04-15,2025-04-15,150700.0,BANK_TRANSFER,False,0.0,True
T001578,D0041,2023-04-30,2023-06-14,2023-06-14,290400.0,PDC,False,0.0,False
T002720,D0070,2024-11-26,2025-01-10,2025-02-01,94500.0,BANK_TRANSFER,False,22.0,False
T002242,D0057,2025-05-20,2025-07-04,2025-08-14,266900.0,CASH,False,41.0,False
T007461,D0199,2023-02-01,2023-02-16,2023-02-21,220500.0,PDC,False,5.0,False
T002775,D0072,2024-08-08,2024-09-22,2024-09-25,101600.0,CASH,False,3.0,False
T001508,D0039,2023-05-21,2023-06-05,,104400.0,PDC,True,,False
T005594,D0148,2025-07-26,2025-08-10,2025-08-10,141400.0,PDC,False,0.0,False
T003750,D0100,2024-02-17,2024-04-02,2024-04-16,129700.0,PDC,False,14.0,True
T007252,D0193,2025-06-02,2025-07-02,,52800.0,PDC,True,,False
T002494,D0064,2024-06-23,2024-08-07,2024-08-17,48300.0,PDC,False,10.0,False
T007260,D0193,2025-10-06,2025-11-05,2025-11-21,285100.0,PDC,False,16.0,False
T000539,D0015,2025-02-12,2025-03-14,2025-04-01,265800.0,PDC,False,18.0,True
T001331,D0035,2024-12-19,2025-02-02,2025-02-08,287100.0,PDC,False,6.0,False
T002304,D0058,2024-04-28,2024-05-28,2024-06-24,142100.0,PDC,False,27.0,False
T002500,D0064,2024-01-28,2024-02-27,2024-03-08,58300.0,BANK_TRANSFER,False,10.0,False
T001613,D0041,2024-11-15,2024-12-15,2024-12-15,172900.0,BANK_TRANSFER,False,0.0,False
T001489,D0039,2023-12-29,2024-02-12,2024-03-30,247600.0,PDC,False,47.0,False
T002019,D0051,2023-05-26,2023-06-10,2023-06-21,105700.0,CASH,False,11.0,False
T001745,D0044,2025-12-28,2026-01-12,2026-01-12,209700.0,BANK_TRANSFER,False,0.0,False
T007549,D0201,2023-11-23,2024-01-07,2024-01-10,135900.0,PDC,False,3.0,False
T006882,D0184,2025-02-02,2025-03-04,2025-04-02,248300.0,CASH,False,29.0,True
T008073,D0216,2023-10-01,2023-10-31,2023-11-05,44000.0,PDC,False,5.0,False
T007794,D0209,2023-08-30,2023-09-29,2023-10-02,31700.0,PDC,False,3.0,False
T007915,D0212,2025-01-29,2025-02-13,2025-02-27,186500.0,PDC,False,14.0,False
T000183,D0006,2023-01-06,2023-02-05,2023-02-05,34600.0,BANK_TRANSFER,False,0.0,False
T005045,D0135,2023-03-27,2023-05-11,2023-05-16,193300.0,PDC,False,5.0,False
T004607,D0124,2024-11-27,2025-01-11,2025-01-15,96700.0,PDC,False,4.0,False
T001394,D0036,2025-11-11,2025-12-26,2025-12-26,119000.0,CASH,False,0.0,False
T001509,D0039,2023-08-15,2023-09-29,,105000.0,PDC,True,,False
T001195,D0032,2025-05-07,2025-06-21,2025-06-23,193400.0,BANK_TRANSFER,False,2.0,False
T007405,D0198,2023-08-19,2023-09-18,,75300.0,PDC,True,,False
T005428,D0144,2024-05-26,2024-06-10,2024-06-10,162000.0,PDC,False,0.0,True
T005406,D0143,2023-05-21,2023-06-05,2023-06-05,245000.0,BANK_TRANSFER,False,0.0,False
T003646,D0096,2025-02-12,2025-03-29,2025-03-29,66000.0,PDC,False,0.0,True
T008213,D0220,2024-11-23,2024-12-08,2024-12-12,265400.0,BANK_TRANSFER,False,4.0,False
T003801,D0101,2023-06-07,2023-06-22,2023-06-24,254000.0,PDC,False,2.0,True
T007302,D0194,2025-07-05,2025-08-19,2025-08-25,37600.0,CASH,False,6.0,False
T004678,D0126,2023-05-15,2023-06-14,2023-06-14,53600.0,PDC,False,0.0,False
T007447,D0199,2024-02-23,2024-04-08,2024-04-27,263500.0,CASH,False,19.0,True
T001932,D0049,2024-12-15,2025-01-14,2025-01-19,136500.0,CASH,False,5.0,False
T002813,D0073,2024-01-20,2024-02-19,2024-03-27,114600.0,CASH,False,37.0,False
T003975,D0106,2025-04-18,2025-05-18,2025-05-18,177600.0,PDC,False,0.0,False
T002540,D0066,2025-10-31,2025-11-30,2025-12-18,106700.0,PDC,False,18.0,False
T002670,D0070,2023-06-08,2023-07-23,,94500.0,PDC,True,,False
T006806,D0182,2024-06-05,2024-07-05,2024-07-05,155200.0,PDC,False,0.0,False
T003720,D0099,2025-07-29,2025-08-28,2025-10-26,46900.0,PDC,False,59.0,False
T007146,D0191,2025-12-06,2025-12-21,2025-12-23,85300.0,BANK_TRANSFER,False,2.0,False
T003249,D0087,2024-02-14,2024-03-30,2024-04-01,262300.0,BANK_TRANSFER,False,2.0,True
T004760,D0128,2025-07-09,2025-08-23,2025-08-26,261300.0,PDC,False,3.0,False
T002823,D0074,2025-03-05,2025-04-19,2025-04-20,102800.0,PDC,False,1.0,False
T000574,D0016,2024-04-06,2024-05-06,2024-05-10,45600.0,PDC,False,4.0,False
T000697,D0019,2025-10-23,2025-11-07,2025-11-12,34900.0,CASH,False,5.0,False
T005508,D0146,2025-01-31,2025-03-02,2025-03-08,87000.0,CASH,False,6.0,True
T007999,D0214,2024-11-17,2025-01-01,2025-01-03,217500.0,PDC,False,2.0,False
T007003,D0188,2024-01-10,2024-02-09,2024-02-12,34300.0,PDC,False,3.0,False
T007852,D0210,2025-12-27,2026-01-26,2026-01-30,281600.0,PDC,False,4.0,False
T007247,D0193,2025-07-28,2025-08-27,2025-09-07,65400.0,PDC,False,11.0,False
T002188,D0055,2025-09-18,2025-10-18,2025-10-25,255400.0,PDC,False,7.0,False
T004023,D0108,2024-11-22,2024-12-07,2024-12-10,103700.0,PDC,False,3.0,False
T002046,D0051,2025-03-18,2025-04-17,2025-04-26,173600.0,CASH,False,9.0,False
T000283,D0009,2023-11-04,2023-12-04,2023-12-04,142800.0,PDC,False,0.0,False
T000259,D0008,2024-06-13,2024-06-28,2024-07-02,272800.0,PDC,False,4.0,True
T002665,D0069,2024-11-03,2024-11-18,2024-11-25,294400.0,BANK_TRANSFER,False,7.0,False
T005908,D0157,2024-08-25,2024-09-09,2024-09-12,24900.0,CASH,False,3.0,False
T005894,D0156,2024-02-06,2024-03-07,2024-03-19,161700.0,BANK_TRANSFER,False,12.0,True
T007141,D0191,2023-05-10,2023-06-24,2023-06-28,49300.0,PDC,False,4.0,True
T003234,D0087,2024-10-15,2024-10-30,2024-10-31,109000.0,BANK_TRANSFER,False,1.0,False
T000726,D0019,2024-12-31,2025-01-15,2025-01-16,243500.0,PDC,False,1.0,False
T001637,D0042,2023-11-30,2023-12-30,2024-01-03,97900.0,PDC,False,4.0,False
T004774,D0128,2025-03-27,2025-04-11,2025-04-11,241400.0,CASH,False,0.0,True
T006985,D0188,2023-10-18,2023-11-17,2023-11-17,213300.0,CASH,False,0.0,False
T005249,D0139,2024-02-28,2024-03-14,2024-03-28,24800.0,PDC,False,14.0,True
T005443,D0144,2024-11-27,2024-12-12,2024-12-12,53000.0,PDC,False,0.0,False
T000056,D0003,2025-08-26,2025-09-25,,110300.0,PDC,True,,False
T006986,D0188,2024-12-12,2025-01-11,2025-01-13,66500.0,PDC,False,2.0,False
T007360,D0196,2025-11-06,2025-11-21,2025-11-23,293300.0,PDC,False,2.0,False
T001412,D0037,2025-07-28,2025-09-11,2025-09-11,104900.0,PDC,False,0.0,False
T007336,D0196,2025-08-29,2025-09-28,2025-09-28,84400.0,PDC,False,0.0,False
T002215,D0056,2024-11-03,2024-12-18,2024-12-18,159800.0,BANK_TRANSFER,False,0.0,False
T005458,D0144,2025-05-23,2025-07-07,2025-07-09,122800.0,PDC,False,2.0,False
T002936,D0078,2025-09-14,2025-09-29,2025-09-29,175100.0,CASH,False,0.0,False
T000889,D0023,2024-05-26,2024-06-10,2024-06-12,245500.0,PDC,False,2.0,True
T002955,D0078,2025-09-05,2025-09-20,2025-09-24,229500.0,BANK_TRANSFER,False,4.0,False
T001688,D0043,2024-06-30,2024-08-14,2024-08-25,296100.0,PDC,False,11.0,False
T001820,D0046,2025-08-11,2025-09-25,2025-10-06,264700.0,PDC,False,11.0,False
T003704,D0098,2025-11-01,2025-12-01,2025-12-13,269000.0,PDC,False,12.0,False
T001973,D0050,2025-03-25,2025-04-09,2025-04-10,174200.0,CASH,False,1.0,True
T006643,D0178,2023-08-23,2023-09-07,2023-09-08,85400.0,CASH,False,1.0,False
T000715,D0019,2025-12-21,2026-01-20,2026-01-21,261600.0,BANK_TRANSFER,False,1.0,False
T004702,D0126,2024-01-16,2024-01-31,2024-02-03,127200.0,CASH,False,3.0,False
T005153,D0138,2023-10-13,2023-11-27,2023-12-02,269300.0,PDC,False,5.0,False
T002287,D0058,2025-08-31,2025-09-30,2025-10-22,128800.0,PDC,False,22.0,False
T008036,D0215,2024-11-27,2025-01-11,,96600.0,PDC,False,,False
T002756,D0072,2024-04-01,2024-04-16,2024-04-16,117600.0,PDC,False,0.0,True
T006304,D0170,2024-10-13,2024-11-27,2024-12-10,219700.0,BANK_TRANSFER,False,13.0,False
T007017,D0188,2025-11-17,2025-12-02,2025-12-05,234700.0,PDC,False,3.0,False
T002849,D0075,2025-07-23,2025-08-22,2025-08-26,252000.0,CASH,False,4.0,False
T004714,D0126,2024-07-12,2024-08-11,2024-08-12,258700.0,CASH,False,1.0,False
T007822,D0210,2023-03-10,2023-03-25,2023-03-26,199200.0,BANK_TRANSFER,False,1.0,True
T000124,D0004,2025-06-16,2025-07-31,2025-07-31,295700.0,CASH,False,0.0,False
T007785,D0208,2024-05-09,2024-06-23,,204100.0,PDC,False,,True
T004431,D0118,2024-10-30,2024-12-14,2024-12-18,276800.0,PDC,False,4.0,False
T007917,D0212,2025-08-07,2025-08-22,2025-09-06,82000.0,PDC,False,15.0,False
T007413,D0198,2024-07-03,2024-08-02,,37600.0,PDC,False,,False
T004401,D0118,2023-06-30,2023-07-30,2023-08-01,252700.0,PDC,False,2.0,False
T000981,D0026,2024-07-25,2024-08-09,2024-08-09,57900.0,PDC,False,0.0,False
T008075,D0216,2024-07-23,2024-08-22,,135000.0,PDC,False,,False
T000176,D0006,2024-01-24,2024-02-08,2024-02-13,237500.0,BANK_TRANSFER,False,5.0,False
T000582,D0016,2025-12-03,2026-01-02,2026-01-16,76100.0,PDC,False,14.0,False
T008069,D0216,2025-03-27,2025-04-11,,268400.0,PDC,False,,True
T001617,D0041,2025-02-22,2025-03-09,2025-03-10,264900.0,PDC,False,1.0,True
T007542,D0201,2024-12-10,2025-01-24,2025-01-25,259700.0,BANK_TRANSFER,False,1.0,False
T005291,D0140,2025-12-03,2025-12-18,2025-12-20,124500.0,PDC,False,2.0,False
T002877,D0076,2025-06-24,2025-08-08,2025-08-08,290500.0,PDC,False,0.0,False
T007227,D0192,2025-03-07,2025-04-06,2025-04-10,243100.0,PDC,False,4.0,True
T003244,D0087,2024-10-29,2024-11-13,2024-11-13,229600.0,PDC,False,0.0,False
T005921,D0158,2025-11-09,2025-12-24,2025-12-24,142900.0,PDC,False,0.0,False
T005976,D0160,2024-06-02,2024-06-17,2024-06-18,91800.0,PDC,False,1.0,True
T006078,D0163,2024-01-02,2024-02-01,2024-02-03,38500.0,CASH,False,2.0,False
T001862,D0047,2023-09-15,2023-09-30,2023-09-30,177300.0,PDC,False,0.0,False
T005447,D0144,2023-12-01,2023-12-31,2024-01-01,32700.0,PDC,False,1.0,False
T003576,D0094,2025-04-26,2025-06-10,2025-06-13,209200.0,PDC,False,3.0,True
T003607,D0095,2023-12-28,2024-02-11,,273200.0,PDC,True,,False
T002975,D0079,2023-12-28,2024-01-27,2024-01-29,235200.0,PDC,False,2.0,False
T004506,D0121,2025-11-19,2025-12-19,2025-12-27,235500.0,PDC,False,8.0,False
T004772,D0128,2025-07-15,2025-08-14,2025-08-16,142500.0,BANK_TRANSFER,False,2.0,False
T000298,D0009,2023-12-06,2024-01-20,2024-01-24,272100.0,PDC,False,4.0,False
T000926,D0025,2025-10-01,2025-10-16,2025-12-12,45200.0,PDC,False,57.0,False
T004119,D0110,2024-10-12,2024-11-26,2024-11-28,204400.0,CASH,False,2.0,False
T007049,D0189,2024-01-14,2024-02-13,2024-02-15,177500.0,BANK_TRANSFER,False,2.0,False
T002116,D0053,2025-09-29,2025-10-14,2025-10-28,164500.0,PDC,False,14.0,False
T004825,D0130,2025-10-10,2025-10-25,2025-11-09,183100.0,PDC,False,15.0,False
T001308,D0035,2025-11-20,2025-12-20,2026-01-11,90700.0,PDC,False,22.0,False
T004768,D0128,2025-07-30,2025-08-29,2025-08-31,26400.0,CASH,False,2.0,False
T001673,D0043,2025-02-21,2025-04-07,2025-04-26,58000.0,BANK_TRANSFER,False,19.0,True
T001200,D0032,2024-10-04,2024-11-18,2024-11-18,232600.0,CASH,False,0.0,False
T002230,D0057,2025-03-12,2025-04-11,2025-05-17,229500.0,CASH,False,36.0,True
T001836,D0046,2025-06-10,2025-07-25,2025-08-11,39900.0,CASH,False,17.0,False
T000294,D0009,2023-07-27,2023-09-10,2023-09-11,220900.0,CASH,False,1.0,False
T006346,D0170,2024-03-09,2024-03-24,2024-04-06,219600.0,CASH,False,13.0,True
T002691,D0070,2025-07-18,2025-08-02,2025-09-17,177600.0,BANK_TRANSFER,False,46.0,False
T004223,D0112,2024-09-10,2024-10-10,2024-10-11,142200.0,PDC,False,1.0,False
T002580,D0067,2024-10-15,2024-11-29,2024-12-06,185100.0,BANK_TRANSFER,False,7.0,False
T006344,D0170,2025-08-11,2025-08-26,2025-09-07,235300.0,PDC,False,12.0,False
T007105,D0190,2024-09-29,2024-10-14,2024-10-18,291900.0,CASH,False,4.0,False
T006953,D0187,2024-11-23,2024-12-08,2024-12-09,245700.0,CASH,False,1.0,False
T000693,D0019,2024-12-20,2025-01-19,2025-01-20,187100.0,PDC,False,1.0,False
T000687,D0019,2025-08-23,2025-10-07,2025-10-11,203200.0,PDC,False,4.0,False
T000818,D0021,2024-04-16,2024-05-16,2024-05-17,295400.0,PDC,False,1.0,False
T000217,D0007,2023-11-13,2023-12-28,2024-01-24,227100.0,PDC,False,27.0,False
T003326,D0088,2023-10-01,2023-10-16,2023-10-20,99300.0,PDC,False,4.0,False
T004249,D0113,2025-09-11,2025-09-26,2025-10-25,153500.0,CASH,False,29.0,False
T007656,D0205,2023-01-31,2023-03-17,2023-03-19,272400.0,CASH,False,2.0,True
T006089,D0163,2023-01-03,2023-01-18,2023-01-18,105100.0,CASH,False,0.0,False
T003890,D0104,2023-09-14,2023-10-29,2023-11-04,160200.0,PDC,False,6.0,False
T007877,D0211,2023-09-09,2023-10-09,2023-10-12,157700.0,PDC,False,3.0,False
T008192,D0219,2025-12-02,2026-01-01,2026-01-06,55800.0,PDC,False,5.0,False
T006105,D0164,2023-02-15,2023-03-17,2023-03-18,90400.0,PDC,False,1.0,True
T000479,D0014,2024-02-18,2024-04-03,2024-04-03,177900.0,PDC,False,0.0,True
T005379,D0143,2024-08-17,2024-10-01,2024-10-01,195400.0,BANK_TRANSFER,False,0.0,False
T005701,D0150,2023-08-17,2023-09-16,2023-09-20,159300.0,CASH,False,4.0,False
T007024,D0189,2024-05-30,2024-07-14,2024-07-15,99200.0,PDC,False,1.0,False
T005763,D0152,2025-05-05,2025-05-20,2025-05-24,247800.0,CASH,False,4.0,False
T007604,D0203,2023-06-30,2023-07-15,2023-07-21,261000.0,PDC,False,6.0,False
T003199,D0085,2023-07-31,2023-09-14,2023-09-15,64500.0,CASH,False,1.0,False
T000813,D0021,2024-06-29,2024-07-29,2024-08-01,49200.0,BANK_TRANSFER,False,3.0,False
T004347,D0116,2024-07-16,2024-08-30,2024-08-31,145600.0,BANK_TRANSFER,False,1.0,False
T000844,D0022,2024-01-02,2024-01-17,2024-01-17,218800.0,PDC,False,0.0,False
T006222,D0168,2024-02-13,2024-03-14,2024-03-15,161400.0,PDC,False,1.0,True
T003057,D0082,2025-09-29,2025-10-14,2025-10-18,187400.0,CASH,False,4.0,False
T002376,D0061,2024-05-23,2024-06-22,2024-06-22,101200.0,PDC,False,0.0,True
T004070,D0108,2024-10-31,2024-11-30,2024-12-04,96000.0,PDC,False,4.0,False
T002033,D0051,2024-12-04,2024-12-19,2024-12-27,152000.0,BANK_TRANSFER,False,8.0,False
T000968,D0026,2024-10-02,2024-10-17,2024-10-17,40900.0,PDC,False,0.0,False
T007504,D0200,2024-05-24,2024-06-23,2024-06-25,296100.0,CASH,False,2.0,True
T000973,D0026,2024-02-24,2024-03-10,2024-03-14,123600.0,BANK_TRANSFER,False,4.0,True
T001897,D0047,2024-06-19,2024-08-03,2024-08-05,47500.0,PDC,False,2.0,False
T006332,D0170,2024-01-20,2024-02-04,2024-02-18,215600.0,PDC,False,14.0,False
T004343,D0116,2024-07-09,2024-08-23,2024-08-25,194200.0,PDC,False,2.0,False
T002705,D0070,2024-11-15,2024-12-15,,176900.0,PDC,True,,False
T006300,D0170,2025-01-14,2025-02-13,2025-02-14,145900.0,PDC,False,1.0,False
T007118,D0190,2023-04-10,2023-05-10,2023-05-26,137900.0,PDC,False,16.0,False
T003375,D0089,2024-06-10,2024-07-10,2024-07-11,38500.0,PDC,False,1.0,False
T007053,D0189,2025-03-28,2025-04-27,,79000.0,PDC,False,,False
T006428,D0173,2023-04-08,2023-05-08,2023-05-08,121300.0,PDC,False,0.0,False
T005019,D0135,2025-06-04,2025-07-04,2025-07-04,56300.0,PDC,False,0.0,False
T007115,D0190,2025-01-14,2025-01-29,2025-02-03,71900.0,PDC,False,5.0,False
T007464,D0199,2023-02-04,2023-03-21,2023-04-08,113300.0,PDC,False,18.0,True
T005602,D0148,2024-04-04,2024-05-19,2024-05-22,34500.0,PDC,False,3.0,False
T002952,D0078,2025-09-27,2025-11-11,2025-11-14,58700.0,CASH,False,3.0,False
T001346,D0035,2025-12-03,2026-01-17,2026-01-17,255000.0,PDC,False,0.0,False
T007630,D0203,2025-08-30,2025-09-14,2025-09-26,97600.0,PDC,False,12.0,False
T000976,D0026,2025-01-26,2025-02-25,2025-02-25,150700.0,PDC,False,0.0,True
T007250,D0193,2025-08-24,2025-10-08,2025-10-21,269100.0,PDC,False,13.0,False
T005742,D0152,2023-02-06,2023-03-23,2023-03-24,136900.0,CASH,False,1.0,True
T005776,D0153,2025-02-22,2025-04-08,2025-04-10,66800.0,PDC,False,2.0,True
T000510,D0014,2024-04-28,2024-05-13,2024-05-16,220000.0,CASH,False,3.0,False
T000123,D0004,2025-07-06,2025-07-21,2025-07-23,237400.0,PDC,False,2.0,False
T007637,D0203,2023-07-21,2023-09-04,2023-09-17,290400.0,CASH,False,13.0,False
T005631,D0149,2023-02-04,2023-03-21,2023-03-22,231000.0,CASH,False,1.0,True
T007707,D0207,2024-08-22,2024-09-21,2024-10-17,159600.0,CASH,False,26.0,False
T001711,D0043,2024-08-25,2024-10-09,2024-10-25,290600.0,BANK_TRANSFER,False,16.0,False
T006562,D0177,2025-06-14,2025-07-14,,27500.0,PDC,True,,False
T002101,D0053,2024-11-29,2024-12-14,2024-12-17,211500.0,CASH,False,3.0,False
T000870,D0022,2023-06-03,2023-07-18,2023-07-19,85800.0,PDC,False,1.0,False
T007720,D0207,2024-09-09,2024-10-24,2024-11-14,75000.0,CASH,False,21.0,False
T001031,D0028,2025-11-21,2025-12-06,2026-01-10,202800.0,PDC,False,35.0,False
T003464,D0091,2025-04-22,2025-05-07,2025-05-07,44100.0,PDC,False,0.0,False
T006791,D0182,2023-11-16,2023-12-01,2023-12-01,88600.0,CASH,False,0.0,False
T004853,D0131,2024-04-22,2024-05-07,2024-05-10,143500.0,PDC,False,3.0,False
T001999,D0050,2024-04-21,2024-05-06,2024-05-09,55600.0,CASH,False,3.0,False
T003591,D0094,2023-09-24,2023-10-09,2023-10-09,90700.0,BANK_TRANSFER,False,0.0,False
T001157,D0031,2023-07-15,2023-08-14,2023-08-25,260100.0,CASH,False,11.0,False
T003157,D0084,2025-12-08,2025-12-23,2025-12-25,33600.0,PDC,False,2.0,False
T006212,D0167,2025-12-02,2025-12-17,2026-01-28,137500.0,CASH,False,42.0,False
T007414,D0198,2023-04-26,2023-06-10,2023-06-17,100100.0,CASH,False,7.0,False
T004429,D0118,2024-10-22,2024-11-21,2024-11-25,106700.0,PDC,False,4.0,False
T005689,D0150,2023-06-10,2023-06-25,2023-06-25,260700.0,PDC,False,0.0,True
T006481,D0174,2024-12-23,2025-01-07,2025-01-07,246300.0,CASH,False,0.0,False
T001576,D0041,2023-05-05,2023-06-04,2023-06-07,295700.0,PDC,False,3.0,False
T008003,D0214,2025-10-15,2025-11-14,2025-11-19,300000.0,PDC,False,5.0,False
T000062,D0003,2024-09-12,2024-10-27,2024-11-05,206600.0,CASH,False,9.0,False
T000473,D0014,2024-10-11,2024-11-10,2024-11-11,154600.0,PDC,False,1.0,False
T004998,D0134,2025-03-11,2025-04-25,2025-04-25,187200.0,CASH,False,0.0,False
T003455,D0091,2025-07-22,2025-08-21,2025-08-22,272000.0,PDC,False,1.0,False
T000866,D0022,2025-11-30,2025-12-30,2026-01-01,178300.0,CASH,False,2.0,False
T003584,D0094,2025-10-09,2025-10-24,,193900.0,PDC,True,,False
T008115,D0217,2023-11-13,2023-12-28,2023-12-29,182300.0,BANK_TRANSFER,False,1.0,False
T006622,D0178,2024-09-22,2024-10-22,2024-10-22,82400.0,BANK_TRANSFER,False,0.0,False
T005426,D0144,2025-03-25,2025-05-09,2025-05-12,165100.0,CASH,False,3.0,False
T003615,D0095,2024-03-26,2024-05-10,2024-06-17,94400.0,CASH,False,38.0,False
T005439,D0144,2024-09-19,2024-11-03,2024-11-06,267700.0,CASH,False,3.0,False
T004838,D0131,2024-06-19,2024-08-03,2024-08-06,262900.0,PDC,False,3.0,False
T008220,D0220,2023-04-20,2023-05-20,,76500.0,PDC,False,,False
T003389,D0090,2024-07-15,2024-08-14,2024-08-16,260300.0,PDC,False,2.0,False
T008031,D0215,2024-04-25,2024-05-10,2024-05-16,285900.0,CASH,False,6.0,False
T002181,D0055,2024-12-01,2024-12-16,2024-12-23,258000.0,CASH,False,7.0,False
T004744,D0127,2025-08-29,2025-09-28,2025-10-01,37300.0,PDC,False,3.0,False
T003282,D0087,2024-09-23,2024-10-08,2024-10-08,81600.0,BANK_TRANSFER,False,0.0,False
T007083,D0190,2025-06-30,2025-07-30,2025-08-07,25300.0,PDC,False,8.0,False
T001629,D0042,2025-03-19,2025-04-18,2025-04-22,281700.0,CASH,False,4.0,False
T005489,D0145,2024-03-22,2024-04-21,2024-05-04,258200.0,BANK_TRANSFER,False,13.0,True
T002439,D0062,2023-11-14,2023-12-14,2023-12-18,87300.0,PDC,False,4.0,False
T001150,D0031,2023-09-25,2023-10-25,2023-11-01,244700.0,BANK_TRANSFER,False,7.0,False
T001161,D0031,2023-11-18,2024-01-02,2024-01-18,251700.0,CASH,False,16.0,False
T007873,D0211,2023-10-23,2023-11-07,2023-11-07,34000.0,CASH,False,0.0,False
T000257,D0008,2024-12-21,2025-01-20,2025-01-20,187500.0,CASH,False,0.0,False
T002599,D0067,2025-01-01,2025-01-31,2025-02-02,90400.0,BANK_TRANSFER,False,2.0,False
T004730,D0127,2023-12-14,2023-12-29,2023-12-31,284400.0,PDC,False,2.0,False
T006434,D0173,2024-07-25,2024-08-24,2024-08-24,122900.0,BANK_TRANSFER,False,0.0,False
T007755,D0208,2024-01-06,2024-02-05,,95200.0,PDC,True,,False
T004874,D0131,2025-01-10,2025-02-24,2025-02-24,97600.0,CASH,False,0.0,True
T001106,D0030,2024-09-25,2024-10-25,2024-11-18,47300.0,PDC,False,24.0,False
T006198,D0167,2023-12-21,2024-01-05,2024-01-19,205200.0,PDC,False,14.0,False
T007126,D0190,2024-10-29,2024-11-13,2024-11-18,62700.0,BANK_TRANSFER,False,5.0,False
T003408,D0090,2025-09-18,2025-10-18,2025-10-20,184700.0,CASH,False,2.0,False
T000558,D0016,2023-11-07,2023-12-22,,94900.0,PDC,True,,False
T001851,D0046,2024-12-06,2024-12-21,,105600.0,PDC,True,,False
T006082,D0163,2025-03-19,2025-05-03,2025-05-06,69600.0,PDC,False,3.0,False
T002089,D0053,2024-06-17,2024-07-17,2024-07-20,252300.0,PDC,False,3.0,False
T002900,D0077,2023-12-18,2024-01-17,2024-01-25,24000.0,BANK_TRANSFER,False,8.0,False
T003221,D0086,2023-06-28,2023-07-13,2023-07-25,255400.0,PDC,False,12.0,False
T000262,D0008,2025-07-13,2025-08-27,2025-08-27,29700.0,BANK_TRANSFER,False,0.0,False
T007200,D0192,2024-12-07,2025-01-21,2025-01-24,88900.0,PDC,False,3.0,False
T006763,D0181,2025-07-26,2025-08-10,2025-09-24,70000.0,PDC,False,45.0,False
T006228,D0168,2024-10-09,2024-11-23,2024-11-23,145400.0,BANK_TRANSFER,False,0.0,False
T007668,D0205,2023-05-16,2023-06-15,2023-06-15,270500.0,CASH,False,0.0,True
T000628,D0017,2025-03-07,2025-04-21,2025-04-21,52300.0,BANK_TRANSFER,False,0.0,False
T001890,D0047,2024-08-10,2024-09-09,2024-09-09,119400.0,PDC,False,0.0,False
T003043,D0081,2025-09-06,2025-10-21,2025-10-21,72100.0,CASH,False,0.0,False
T004306,D0115,2025-10-03,2025-10-18,2025-10-25,281400.0,CASH,False,7.0,False
T002079,D0052,2025-12-20,2026-02-03,2026-03-03,28700.0,CASH,False,28.0,False
T003586,D0094,2024-01-20,2024-02-19,2024-02-20,121200.0,PDC,False,1.0,False
T007203,D0192,2025-01-02,2025-02-01,2025-02-04,251900.0,PDC,False,3.0,False
T005454,D0144,2024-08-14,2024-09-13,2024-09-15,243000.0,CASH,False,2.0,False
T006329,D0170,2025-06-24,2025-08-08,2025-08-25,28600.0,BANK_TRANSFER,False,17.0,False
T004305,D0115,2023-06-01,2023-07-01,2023-07-03,28300.0,BANK_TRANSFER,False,2.0,True
T005245,D0139,2025-11-30,2025-12-30,2026-01-05,169000.0,CASH,False,6.0,False
T006010,D0161,2025-08-14,2025-08-29,2025-08-29,276400.0,CASH,False,0.0,False
T001607,D0041,2025-03-29,2025-05-13,2025-05-16,64000.0,BANK_TRANSFER,False,3.0,False
T001021,D0028,2025-08-31,2025-09-30,2025-12-08,276900.0,BANK_TRANSFER,False,69.0,False
T000609,D0017,2024-12-26,2025-01-25,2025-01-25,143000.0,CASH,False,0.0,False
T001404,D0036,2024-02-03,2024-03-04,2024-03-06,57500.0,BANK_TRANSFER,False,2.0,True
T007076,D0189,2023-11-11,2023-12-11,2023-12-11,122900.0,PDC,False,0.0,False
T003255,D0087,2024-10-20,2024-11-19,2024-11-20,33000.0,BANK_TRANSFER,False,1.0,False
T006823,D0183,2024-03-19,2024-05-03,,192600.0,BANK_TRANSFER,False,,False
T002097,D0053,2025-01-14,2025-02-13,2025-03-01,49600.0,PDC,False,16.0,False
T000210,D0006,2023-06-24,2023-07-09,2023-07-11,169200.0,PDC,False,2.0,True
T003799,D0101,2024-05-15,2024-06-14,2024-06-17,242800.0,PDC,False,3.0,True
T003540,D0093,2025-01-18,2025-02-02,2025-02-04,23100.0,PDC,False,2.0,False
T007038,D0189,2023-02-07,2023-03-09,2023-03-09,276300.0,PDC,False,0.0,False
T000154,D0005,2024-04-07,2024-05-22,2024-05-25,295000.0,CASH,False,3.0,False
T005870,D0155,2025-12-30,2026-02-13,2026-02-17,275100.0,PDC,False,4.0,False
T001591,D0041,2024-10-26,2024-11-25,2024-11-29,194300.0,PDC,False,4.0,False
T002443,D0062,2023-09-19,2023-11-03,2023-11-04,284800.0,BANK_TRANSFER,False,1.0,False
T001148,D0031,2024-01-07,2024-02-21,2024-02-24,117700.0,PDC,False,3.0,False
T003428,D0090,2024-06-09,2024-07-24,2024-07-24,124200.0,PDC,False,0.0,False
T001968,D0050,2024-12-26,2025-01-10,2025-01-10,125500.0,PDC,False,0.0,False
T003207,D0085,2025-09-08,2025-09-23,2025-09-24,255300.0,PDC,False,1.0,False
T006413,D0172,2023-10-20,2023-12-04,2023-12-06,230600.0,PDC,False,2.0,False
T002434,D0062,2025-07-01,2025-07-31,2025-08-03,142300.0,PDC,False,3.0,False
T001634,D0042,2024-02-05,2024-02-20,2024-02-23,145300.0,CASH,False,3.0,False
T003293,D0088,2024-04-04,2024-04-19,2024-04-28,149300.0,PDC,False,9.0,True
T006186,D0167,2025-12-08,2026-01-22,2026-02-12,272500.0,PDC,False,21.0,False
T000598,D0017,2024-04-18,2024-05-03,2024-05-05,248000.0,CASH,False,2.0,False
T003138,D0084,2025-05-06,2025-06-20,2025-06-23,101600.0,PDC,False,3.0,True
T006028,D0161,2023-04-07,2023-05-22,2023-05-24,76100.0,PDC,False,2.0,False
T001657,D0043,2025-01-07,2025-01-22,2025-01-31,198500.0,PDC,False,9.0,False
T004777,D0129,2025-01-14,2025-02-13,2025-02-15,101700.0,PDC,False,2.0,False
T007339,D0196,2025-12-23,2026-01-22,2026-01-24,35800.0,CASH,False,2.0,False
T003298,D0088,2023-08-14,2023-08-29,2023-09-08,118800.0,PDC,False,10.0,False
T001566,D0040,2024-09-10,2024-10-25,2024-10-30,101500.0,PDC,False,5.0,False
T006247,D0169,2025-12-15,2026-01-14,2026-01-17,271100.0,CASH,False,3.0,False
T005425,D0144,2025-12-06,2025-12-21,2025-12-24,165000.0,CASH,False,3.0,False
T006184,D0167,2023-08-08,2023-08-23,2023-09-24,56300.0,CASH,False,32.0,False
T007332,D0196,2023-09-17,2023-11-01,2023-11-03,219000.0,PDC,False,2.0,False
T001519,D0039,2023-03-06,2023-04-05,2023-05-25,296000.0,PDC,False,50.0,True
T006384,D0171,2024-02-03,2024-03-19,2024-03-20,80700.0,BANK_TRANSFER,False,1.0,True
T007206,D0192,2024-08-25,2024-09-24,2024-09-24,32600.0,PDC,False,0.0,False
T004318,D0115,2023-02-27,2023-03-14,2023-03-19,25200.0,PDC,False,5.0,True
T000226,D0007,2023-03-04,2023-03-19,2023-05-08,107900.0,CASH,False,50.0,True
T005304,D0141,2024-05-17,2024-06-01,2024-06-04,208700.0,CASH,False,3.0,False
T007593,D0202,2023-08-11,2023-09-25,2023-09-25,83300.0,PDC,False,0.0,False
T002518,D0065,2024-10-18,2024-11-17,2024-11-19,176000.0,BANK_TRANSFER,False,2.0,False
T007190,D0192,2024-06-01,2024-07-01,2024-07-01,273000.0,PDC,False,0.0,False
T002394,D0061,2025-05-30,2025-06-29,2025-06-30,87500.0,BANK_TRANSFER,False,1.0,False
T001761,D0045,2024-02-01,2024-02-16,2024-02-16,268100.0,PDC,False,0.0,False
T001361,D0036,2025-12-05,2026-01-04,2026-01-07,98000.0,PDC,False,3.0,False
T003305,D0088,2024-12-14,2024-12-29,2025-01-04,253200.0,PDC,False,6.0,False
T002325,D0059,2025-05-04,2025-06-03,2025-06-07,142800.0,PDC,False,4.0,True
T005736,D0152,2024-02-02,2024-03-03,2024-03-07,236700.0,PDC,False,4.0,True
T007399,D0198,2024-02-25,2024-04-10,,71800.0,PDC,False,,True
T005589,D0148,2025-11-22,2026-01-06,2026-01-10,75000.0,BANK_TRANSFER,False,4.0,False
T003559,D0094,2025-04-30,2025-06-14,2025-06-17,52800.0,PDC,False,3.0,True
T007321,D0195,2023-06-17,2023-08-01,,170500.0,PDC,True,,False
T001834,D0046,2025-09-14,2025-10-14,2025-10-28,166900.0,PDC,False,14.0,False
T003662,D0096,2023-01-11,2023-02-10,2023-02-12,228600.0,PDC,False,2.0,False
T002010,D0050,2024-07-02,2024-07-17,2024-07-21,274100.0,PDC,False,4.0,False
T003658,D0096,2023-11-30,2023-12-30,2023-12-30,132800.0,PDC,False,0.0,False
T004302,D0115,2025-04-25,2025-06-09,2025-06-09,188300.0,PDC,False,0.0,True
T005124,D0137,2023-08-26,2023-10-10,2023-10-29,181200.0,PDC,False,19.0,False
T004188,D0111,2025-05-13,2025-05-28,2025-06-01,127500.0,PDC,False,4.0,True
T007131,D0191,2023-08-22,2023-10-06,2023-10-11,183500.0,BANK_TRANSFER,False,5.0,False
T005143,D0138,2023-10-09,2023-11-08,2023-11-08,128400.0,PDC,False,0.0,False
T003858,D0103,2024-12-15,2025-01-29,2025-02-25,269000.0,CASH,False,27.0,False
T000694,D0019,2025-12-12,2026-01-11,2026-01-14,167700.0,PDC,False,3.0,False
T007598,D0202,2025-02-13,2025-03-30,2025-04-01,121000.0,PDC,False,2.0,True
T007761,D0208,2025-09-30,2025-10-30,2025-12-04,96600.0,CASH,False,35.0,False
T007539,D0201,2025-07-03,2025-08-17,2025-08-19,23100.0,BANK_TRANSFER,False,2.0,False
T002613,D0068,2023-11-10,2023-11-25,2023-11-26,71800.0,BANK_TRANSFER,False,1.0,False
T001187,D0032,2023-09-10,2023-10-10,2023-10-15,252200.0,PDC,False,5.0,False
T001370,D0036,2025-11-30,2025-12-15,2025-12-15,247000.0,PDC,False,0.0,False
T001908,D0047,2025-03-09,2025-04-08,2025-04-12,209300.0,PDC,False,4.0,True
T004089,D0109,2025-08-25,2025-09-24,2025-10-02,292500.0,CASH,False,8.0,False
T002478,D0063,2025-09-22,2025-11-06,2025-11-08,62000.0,PDC,False,2.0,False
T000017,D0001,2024-12-05,2025-01-04,2025-01-09,250300.0,BANK_TRANSFER,False,5.0,False
T002515,D0065,2025-06-21,2025-08-05,2025-08-08,26300.0,PDC,False,3.0,False
T007893,D0211,2023-09-02,2023-09-17,2023-09-18,104800.0,PDC,False,1.0,False
T002206,D0056,2024-02-18,2024-03-19,2024-03-22,103700.0,CASH,False,3.0,True
T006848,D0183,2025-09-02,2025-09-17,2025-09-23,232900.0,PDC,False,6.0,False
T003596,D0094,2023-07-29,2023-08-13,2023-08-13,48600.0,PDC,False,0.0,False
T001487,D0039,2024-10-28,2024-11-27,2024-12-31,289600.0,PDC,False,34.0,False
T001677,D0043,2024-02-28,2024-04-13,,78600.0,PDC,True,,True
T005281,D0140,2025-08-19,2025-10-03,2025-10-08,88700.0,CASH,False,5.0,False
T002354,D0060,2024-10-16,2024-11-15,2024-11-22,54300.0,PDC,False,7.0,False
T000657,D0018,2024-02-05,2024-03-06,2024-03-06,205500.0,PDC,False,0.0,True
T001572,D0041,2024-06-08,2024-06-23,2024-06-24,145100.0,PDC,False,1.0,True
T001738,D0044,2025-02-06,2025-03-23,2025-03-25,145300.0,PDC,False,2.0,True
T005516,D0146,2025-02-23,2025-04-09,2025-04-10,26300.0,PDC,False,1.0,True
T003856,D0103,2025-12-20,2026-01-19,2026-02-12,126300.0,BANK_TRANSFER,False,24.0,False
T004496,D0121,2025-02-06,2025-03-23,2025-04-06,294200.0,PDC,False,14.0,True
T002847,D0075,2025-10-02,2025-11-01,2025-11-05,132500.0,PDC,False,4.0,False
T002981,D0079,2023-08-12,2023-09-26,2023-09-29,56600.0,PDC,False,3.0,False
T000619,D0017,2023-07-15,2023-08-29,2023-08-31,88700.0,BANK_TRANSFER,False,2.0,False
T004605,D0124,2024-02-11,2024-02-26,2024-02-26,129700.0,PDC,False,0.0,False
T006224,D0168,2024-09-13,2024-09-28,2024-09-30,108900.0,CASH,False,2.0,False
T006881,D0184,2023-07-10,2023-08-09,2023-09-09,63400.0,CASH,False,31.0,False
T002848,D0075,2023-03-22,2023-05-06,2023-05-07,237600.0,PDC,False,1.0,False
T006419,D0172,2023-12-26,2024-01-10,2024-01-13,213000.0,BANK_TRANSFER,False,3.0,False
T007515,D0200,2024-11-20,2024-12-20,2024-12-23,211600.0,PDC,False,3.0,False
T000868,D0022,2023-06-23,2023-08-07,2023-08-10,213300.0,PDC,False,3.0,False
T002508,D0065,2025-09-04,2025-10-19,2025-10-21,100600.0,CASH,False,2.0,False
T004983,D0134,2024-02-17,2024-04-02,2024-04-02,74300.0,PDC,False,0.0,True
T002111,D0053,2024-11-02,2024-11-17,2024-11-29,151300.0,BANK_TRANSFER,False,12.0,False
T004696,D0126,2023-04-09,2023-05-24,2023-05-24,220700.0,PDC,False,0.0,False
T007212,D0192,2023-09-09,2023-09-24,2023-09-26,52400.0,PDC,False,2.0,False
T007004,D0188,2025-01-06,2025-02-20,,22800.0,PDC,True,,True
T000458,D0013,2025-02-17,2025-03-04,2025-03-07,198200.0,CASH,False,3.0,True
T007163,D0191,2023-01-19,2023-02-18,2023-02-18,221900.0,CASH,False,0.0,False
T005214,D0139,2024-02-05,2024-02-20,2024-03-04,211500.0,BANK_TRANSFER,False,13.0,False
T004967,D0134,2023-02-19,2023-03-06,2023-03-13,298300.0,CASH,False,7.0,False
T000791,D0021,2024-05-30,2024-06-29,2024-07-01,144000.0,PDC,False,2.0,True
T007585,D0202,2024-12-20,2025-02-03,2025-02-06,87500.0,CASH,False,3.0,False
T003608,D0095,2025-10-07,2025-11-21,2026-01-08,285400.0,PDC,False,48.0,False
T003823,D0102,2024-12-13,2024-12-28,2024-12-28,108300.0,BANK_TRANSFER,False,0.0,False
T002261,D0057,2023-08-11,2023-09-25,2023-10-16,50000.0,PDC,False,21.0,False
T007837,D0210,2025-01-31,2025-03-02,,148500.0,PDC,False,,True
T002809,D0073,2024-04-11,2024-04-26,2024-06-14,175500.0,CASH,False,49.0,False
T005051,D0135,2024-03-24,2024-05-08,2024-05-10,53000.0,PDC,False,2.0,False
T003519,D0093,2024-07-10,2024-08-09,2024-08-10,254300.0,PDC,False,1.0,False
T004747,D0127,2024-02-02,2024-02-17,2024-02-18,248600.0,PDC,False,1.0,False
T000734,D0020,2025-10-12,2025-11-11,2025-11-21,20900.0,PDC,False,10.0,False
T001186,D0032,2025-04-28,2025-05-13,2025-05-15,215900.0,BANK_TRANSFER,False,2.0,False
T004476,D0120,2024-07-17,2024-08-16,2024-08-19,173900.0,PDC,False,3.0,False
T006709,D0180,2025-06-22,2025-07-22,2025-07-24,87000.0,PDC,False,2.0,False
T003959,D0106,2024-08-10,2024-09-09,2024-09-09,129400.0,CASH,False,0.0,False
T002134,D0054,2025-03-19,2025-05-03,2025-05-06,154200.0,BANK_TRANSFER,False,3.0,False
T005053,D0135,2023-08-06,2023-08-21,2023-08-25,99900.0,CASH,False,4.0,False
T004268,D0114,2025-10-10,2025-11-09,2025-11-12,38100.0,PDC,False,3.0,False
T001945,D0049,2025-07-29,2025-08-13,2025-08-24,178600.0,CASH,False,11.0,False
T002280,D0058,2025-01-14,2025-02-13,2025-02-16,205200.0,PDC,False,3.0,False
T000660,D0018,2024-11-05,2024-12-05,2024-12-07,171700.0,PDC,False,2.0,False
T002431,D0062,2024-09-27,2024-11-11,2024-11-14,27000.0,CASH,False,3.0,False
T003752,D0100,2023-02-19,2023-04-05,2023-04-23,282800.0,BANK_TRANSFER,False,18.0,True
T002529,D0066,2023-04-24,2023-06-08,2023-06-10,137400.0,CASH,False,2.0,False
T006217,D0168,2025-11-13,2025-12-28,2025-12-30,113500.0,PDC,False,2.0,False
T005191,D0139,2023-07-25,2023-08-09,2023-08-09,115500.0,PDC,False,0.0,False
T007459,D0199,2024-08-23,2024-09-07,,229800.0,PDC,True,,False
T006316,D0170,2025-01-08,2025-01-23,2025-02-03,114500.0,BANK_TRANSFER,False,11.0,False
T000643,D0018,2024-09-23,2024-10-23,2024-10-26,31800.0,PDC,False,3.0,False
T000169,D0005,2023-11-13,2023-12-13,2023-12-14,217700.0,CASH,False,1.0,False
T001518,D0039,2025-10-17,2025-11-16,2025-11-30,208800.0,PDC,False,14.0,False
T001801,D0045,2023-04-05,2023-04-20,2023-04-24,42400.0,PDC,False,4.0,True
T006219,D0168,2025-07-19,2025-09-02,2025-09-07,279100.0,PDC,False,5.0,False
T003395,D0090,2023-08-28,2023-09-12,2023-09-14,130500.0,BANK_TRANSFER,False,2.0,False
T001918,D0048,2024-02-04,2024-03-20,2024-03-23,130000.0,PDC,False,3.0,True
T000273,D0009,2025-10-23,2025-11-07,2025-11-07,291800.0,BANK_TRANSFER,False,0.0,False
T005312,D0141,2025-11-01,2025-12-01,2025-12-01,124300.0,PDC,False,0.0,False
T002469,D0063,2023-02-14,2023-03-01,2023-03-04,45100.0,PDC,False,3.0,False
T005215,D0139,2025-01-16,2025-01-31,2025-02-08,207900.0,CASH,False,8.0,False
T008212,D0219,2024-09-04,2024-10-04,2024-10-05,53800.0,PDC,False,1.0,False
T008099,D0216,2025-02-23,2025-03-25,2025-03-27,252300.0,BANK_TRANSFER,False,2.0,True
T001067,D0029,2025-05-07,2025-06-06,2025-06-10,246800.0,PDC,False,4.0,True
T006201,D0167,2024-05-15,2024-06-29,,129100.0,PDC,True,,True
T000495,D0014,2023-08-08,2023-09-07,2023-09-07,62400.0,PDC,False,0.0,False
T004912,D0132,2023-10-30,2023-11-29,2023-12-02,213600.0,CASH,False,3.0,False
T006789,D0182,2024-04-11,2024-04-26,2024-04-28,196600.0,PDC,False,2.0,False
T001913,D0048,2025-06-03,2025-07-18,2025-07-20,25400.0,BANK_TRANSFER,False,2.0,False
T003647,D0096,2024-07-14,2024-08-28,2024-08-30,285300.0,CASH,False,2.0,False
T000039,D0002,2025-07-17,2025-08-31,2025-08-31,47100.0,PDC,False,0.0,False
T000307,D0009,2023-10-11,2023-11-10,2023-11-11,246200.0,PDC,False,1.0,False
T003741,D0100,2024-04-29,2024-05-14,2024-05-25,257000.0,BANK_TRANSFER,False,11.0,False
T004103,D0109,2024-05-18,2024-07-02,2024-07-14,122600.0,CASH,False,12.0,False
T003153,D0084,2023-01-15,2023-03-01,2023-03-05,219800.0,PDC,False,4.0,False
T006927,D0186,2025-12-15,2025-12-30,2026-01-01,23400.0,PDC,False,2.0,False
T006553,D0176,2023-04-13,2023-05-13,,224400.0,PDC,True,,False
T002830,D0074,2025-10-20,2025-12-04,2025-12-09,158000.0,CASH,False,5.0,False
T000782,D0020,2025-05-06,2025-06-05,2025-06-15,44500.0,CASH,False,10.0,True
T005287,D0140,2024-07-10,2024-08-09,2024-08-11,114700.0,PDC,False,2.0,False
T000535,D0015,2023-05-22,2023-06-21,2023-07-05,89300.0,PDC,False,14.0,True
T000584,D0016,2025-02-15,2025-03-17,2025-04-10,39200.0,PDC,False,24.0,True
T007626,D0203,2024-02-17,2024-03-03,,100700.0,PDC,False,,True
T004144,D0110,2023-03-11,2023-04-10,2023-04-13,178700.0,CASH,False,3.0,True
T004419,D0118,2025-11-17,2025-12-02,2025-12-07,64800.0,PDC,False,5.0,False
T007602,D0203,2023-12-19,2024-01-03,,184000.0,BANK_TRANSFER,False,,False
T003797,D0101,2023-09-17,2023-10-17,2023-10-19,113600.0,PDC,False,2.0,False
T001301,D0034,2024-11-01,2024-12-16,2025-01-17,106700.0,CASH,False,32.0,False
T002862,D0075,2025-08-04,2025-08-19,2025-08-19,279200.0,PDC,False,0.0,False
T000317,D0009,2023-02-27,2023-03-29,2023-04-01,164800.0,BANK_TRANSFER,False,3.0,True
T002198,D0055,2023-11-25,2024-01-09,2024-01-19,119600.0,CASH,False,10.0,False
T006511,D0175,2023-10-09,2023-11-23,,79100.0,PDC,True,,False
T002565,D0067,2025-01-31,2025-02-15,2025-02-15,170400.0,PDC,False,0.0,True
T007726,D0207,2025-11-23,2025-12-23,,87400.0,BANK_TRANSFER,False,,False
T002710,D0070,2023-09-13,2023-09-28,2023-10-24,136800.0,BANK_TRANSFER,False,26.0,False
T001795,D0045,2025-11-23,2026-01-07,2026-01-08,77900.0,BANK_TRANSFER,False,1.0,False
T006678,D0180,2024-03-01,2024-03-16,2024-03-22,73400.0,PDC,False,6.0,True
T007969,D0213,2024-03-27,2024-04-26,2024-04-26,152200.0,PDC,False,0.0,False
T007275,D0194,2023-09-30,2023-10-30,2023-11-01,127600.0,CASH,False,2.0,False
T000272,D0008,2024-01-26,2024-02-25,2024-02-27,127700.0,CASH,False,2.0,False
T000549,D0016,2025-05-25,2025-07-09,2025-07-28,51700.0,CASH,False,19.0,False
T001693,D0043,2024-01-12,2024-02-11,,277500.0,PDC,True,,False
T005816,D0154,2024-01-29,2024-02-13,2024-02-14,130600.0,PDC,False,1.0,False
T003526,D0093,2025-10-25,2025-11-24,2025-11-25,261500.0,PDC,False,1.0,False
T003013,D0080,2025-08-14,2025-08-29,2025-10-05,80300.0,BANK_TRANSFER,False,37.0,False
T001631,D0042,2025-11-28,2026-01-12,2026-01-18,176100.0,PDC,False,6.0,False
T008209,D0219,2024-05-11,2024-06-25,2024-06-28,69800.0,BANK_TRANSFER,False,3.0,True
T002391,D0061,2023-10-18,2023-11-17,2023-11-17,156200.0,PDC,False,0.0,False
T003877,D0103,2024-03-08,2024-03-23,2024-05-06,276500.0,PDC,False,44.0,True
T004695,D0126,2023-12-22,2024-02-05,2024-02-06,166900.0,PDC,False,1.0,False
T005786,D0154,2024-01-02,2024-01-17,2024-01-17,81000.0,CASH,False,0.0,False
T000895,D0023,2024-02-09,2024-03-25,2024-03-28,87300.0,PDC,False,3.0,True
T005664,D0150,2024-03-08,2024-04-07,2024-04-09,44800.0,CASH,False,2.0,True
T005872,D0155,2024-08-14,2024-09-28,2024-10-19,228600.0,BANK_TRANSFER,False,21.0,False
T004667,D0125,2024-12-08,2024-12-23,2025-01-10,101900.0,BANK_TRANSFER,False,18.0,False
T002000,D0050,2025-03-11,2025-04-10,2025-04-13,119900.0,PDC,False,3.0,True
T002123,D0053,2025-11-29,2025-12-29,2026-01-12,71400.0,CASH,False,14.0,False
T004158,D0111,2025-11-14,2025-11-29,2025-12-05,48600.0,BANK_TRANSFER,False,6.0,False
T001248,D0033,2024-08-02,2024-08-17,2024-08-17,119700.0,BANK_TRANSFER,False,0.0,False
T004488,D0121,2023-09-23,2023-10-08,2023-10-20,133700.0,PDC,False,12.0,False
T001260,D0033,2023-03-19,2023-04-03,2023-04-04,271500.0,PDC,False,1.0,True
T000810,D0021,2024-10-18,2024-11-17,2024-11-22,204400.0,CASH,False,5.0,False
T006389,D0172,2025-11-27,2026-01-11,2026-01-15,279000.0,CASH,False,4.0,False
T001050,D0029,2024-04-03,2024-05-03,2024-05-03,155500.0,CASH,False,0.0,False
T001879,D0047,2023-06-09,2023-07-24,2023-07-24,176200.0,CASH,False,0.0,False
T002880,D0076,2025-06-28,2025-07-13,2025-07-14,68300.0,PDC,False,1.0,False
T000108,D0004,2025-07-15,2025-07-30,2025-07-30,236900.0,PDC,False,0.0,False
T006250,D0169,2024-03-15,2024-03-30,2024-04-07,135500.0,PDC,False,8.0,True
T000674,D0018,2025-05-16,2025-06-15,2025-06-19,62200.0,PDC,False,4.0,True
T006787,D0182,2024-03-07,2024-04-21,2024-04-21,293100.0,PDC,False,0.0,True
T007650,D0204,2023-11-13,2023-11-28,2023-12-09,255900.0,BANK_TRANSFER,False,11.0,False
T004762,D0128,2025-07-20,2025-08-19,2025-08-21,181100.0,BANK_TRANSFER,False,2.0,False
T004606,D0124,2025-04-08,2025-05-08,2025-05-09,268200.0,PDC,False,1.0,False
T006276,D0169,2025-06-20,2025-07-20,2025-07-20,230300.0,BANK_TRANSFER,False,0.0,False
T007419,D0198,2024-09-25,2024-10-10,2024-10-25,145100.0,BANK_TRANSFER,False,15.0,False
T005737,D0152,2025-09-03,2025-10-18,2025-10-19,100600.0,BANK_TRANSFER,False,1.0,False
T006589,D0177,2025-10-09,2025-10-24,2025-11-13,39600.0,BANK_TRANSFER,False,20.0,False
T005456,D0144,2024-01-25,2024-03-10,2024-03-15,193300.0,PDC,False,5.0,True
T001533,D0040,2024-07-22,2024-08-06,2024-08-06,210100.0,BANK_TRANSFER,False,0.0,False
T004963,D0133,2025-03-21,2025-05-05,2025-05-07,222900.0,PDC,False,2.0,False
T001856,D0046,2023-03-05,2023-03-20,,264900.0,PDC,True,,True
T005833,D0154,2024-04-14,2024-05-14,2024-05-14,123100.0,PDC,False,0.0,False
T000212,D0007,2024-11-06,2024-12-21,2025-02-25,191800.0,PDC,False,66.0,False
T003148,D0084,2025-10-06,2025-10-21,2025-10-26,56300.0,BANK_TRANSFER,False,5.0,False
T005157,D0138,2024-08-19,2024-10-03,2024-10-04,190300.0,PDC,False,1.0,False
T002257,D0057,2025-02-08,2025-02-23,2025-03-22,140100.0,PDC,False,27.0,True
T002106,D0053,2025-04-16,2025-05-16,2025-05-27,71300.0,PDC,False,11.0,False
T003269,D0087,2025-04-07,2025-04-22,2025-04-22,74200.0,CASH,False,0.0,False
T008178,D0218,2023-12-07,2023-12-22,2023-12-28,59700.0,CASH,False,6.0,False
T006996,D0188,2023-09-29,2023-10-29,2023-11-01,60600.0,PDC,False,3.0,False
T001974,D0050,2024-05-18,2024-06-02,2024-06-04,248700.0,PDC,False,2.0,False
T004686,D0126,2024-02-16,2024-03-17,2024-03-22,81200.0,PDC,False,5.0,True
T005832,D0154,2024-05-12,2024-06-26,2024-06-27,168800.0,PDC,False,1.0,True
T001502,D0039,2024-05-26,2024-06-10,2024-07-04,133500.0,CASH,False,24.0,True
T004183,D0111,2024-03-08,2024-04-07,2024-04-07,128700.0,PDC,False,0.0,True
T000647,D0018,2023-07-03,2023-08-02,2023-08-04,32000.0,PDC,False,2.0,False
T003634,D0096,2024-11-18,2024-12-18,2024-12-19,48000.0,PDC,False,1.0,False
T000772,D0020,2024-12-13,2025-01-12,2025-01-20,54600.0,BANK_TRANSFER,False,8.0,False
T000704,D0019,2024-07-19,2024-08-18,2024-08-18,147400.0,PDC,False,0.0,False
T003588,D0094,2025-11-18,2025-12-18,2025-12-19,244000.0,CASH,False,1.0,False
T001250,D0033,2025-07-01,2025-07-31,2025-08-02,227200.0,PDC,False,2.0,False
T004805,D0129,2025-08-19,2025-10-03,2025-10-03,163000.0,BANK_TRANSFER,False,0.0,False
T007254,D0193,2025-12-14,2025-12-29,,138200.0,PDC,True,,False
T002473,D0063,2024-08-26,2024-10-10,2024-10-12,147300.0,CASH,False,2.0,False
T007636,D0203,2023-04-15,2023-05-30,2023-06-17,45100.0,PDC,False,18.0,False
T006930,D0186,2024-10-27,2024-12-11,2024-12-13,267900.0,CASH,False,2.0,False
T008059,D0215,2023-11-04,2023-12-19,,168800.0,PDC,True,,False
T006683,D0180,2024-02-02,2024-02-17,2024-02-23,96200.0,BANK_TRANSFER,False,6.0,False
T001861,D0047,2025-01-07,2025-02-06,2025-02-09,209600.0,PDC,False,3.0,False
T006225,D0168,2025-03-01,2025-03-16,2025-03-18,208600.0,PDC,False,2.0,True
T000710,D0019,2025-11-15,2025-12-15,2025-12-16,183300.0,PDC,False,1.0,False
T002673,D0070,2023-12-29,2024-02-12,2024-03-18,131600.0,BANK_TRANSFER,False,35.0,False
T004515,D0121,2024-09-20,2024-10-20,2024-10-31,31200.0,PDC,False,11.0,False
T001462,D0038,2024-02-12,2024-03-28,2024-04-03,292300.0,PDC,False,6.0,True
T001485,D0039,2023-09-26,2023-11-10,2023-11-20,55300.0,CASH,False,10.0,False
T002546,D0066,2025-06-22,2025-08-06,2025-08-19,266200.0,PDC,False,13.0,False
T007218,D0192,2023-03-21,2023-04-20,2023-04-23,195600.0,PDC,False,3.0,True
T000231,D0007,2023-04-12,2023-05-27,2023-07-03,191900.0,PDC,False,37.0,False
T001357,D0036,2025-09-01,2025-10-16,2025-10-19,170000.0,PDC,False,3.0,False
T003012,D0080,2023-06-28,2023-07-28,2023-09-15,174700.0,CASH,False,49.0,False
T000852,D0022,2024-09-28,2024-10-28,2024-10-29,160100.0,PDC,False,1.0,False
T001005,D0027,2025-11-17,2026-01-01,2026-01-19,251300.0,PDC,False,18.0,False
T001997,D0050,2025-05-22,2025-06-21,2025-06-26,106800.0,PDC,False,5.0,False
T001835,D0046,2024-03-02,2024-04-16,2024-05-04,292400.0,PDC,False,18.0,True
T003974,D0106,2025-04-04,2025-05-04,2025-05-04,42100.0,CASH,False,0.0,False
T008184,D0218,2024-06-01,2024-07-16,2024-07-19,190100.0,PDC,False,3.0,False
T004533,D0121,2023-10-15,2023-10-30,2023-11-11,108200.0,PDC,False,12.0,False
T001317,D0035,2025-12-05,2026-01-19,2026-02-24,195700.0,BANK_TRANSFER,False,36.0,False
T003328,D0088,2023-10-13,2023-11-12,2023-11-21,200800.0,PDC,False,9.0,False
T001624,D0041,2024-11-19,2024-12-04,2024-12-08,232500.0,PDC,False,4.0,False
T001481,D0039,2023-06-20,2023-07-05,,187000.0,PDC,True,,True
T003834,D0103,2024-08-19,2024-09-03,2024-09-03,150700.0,BANK_TRANSFER,False,0.0,False
T005745,D0152,2024-01-08,2024-01-23,2024-01-23,100900.0,CASH,False,0.0,False
T005100,D0136,2025-05-07,2025-06-06,2025-06-11,155300.0,PDC,False,5.0,True
T001279,D0034,2025-03-14,2025-03-29,2025-05-04,93500.0,CASH,False,36.0,True
T003081,D0082,2025-09-21,2025-11-05,2025-11-05,56100.0,PDC,False,0.0,False
T001824,D0046,2024-06-12,2024-07-12,2024-07-31,155200.0,PDC,False,19.0,False
T001054,D0029,2025-08-13,2025-09-12,2025-09-16,78800.0,CASH,False,4.0,False
T004146,D0110,2025-08-31,2025-09-30,2025-10-02,61100.0,PDC,False,2.0,False
T005933,D0158,2025-05-06,2025-06-05,2025-06-06,210400.0,PDC,False,1.0,True
T000476,D0014,2023-10-27,2023-11-26,2023-11-26,231200.0,PDC,False,0.0,False
T006449,D0174,2024-10-10,2024-11-24,2024-11-24,114300.0,CASH,False,0.0,False
T002283,D0058,2025-04-03,2025-04-18,2025-04-26,295600.0,CASH,False,8.0,False
T003712,D0098,2024-08-15,2024-09-29,2024-10-08,139500.0,PDC,False,9.0,False
T003147,D0084,2023-06-23,2023-08-07,2023-08-09,161700.0,PDC,False,2.0,False
T005643,D0149,2024-08-27,2024-10-11,2024-10-12,123900.0,PDC,False,1.0,False
T000336,D0010,2024-08-15,2024-09-14,2024-09-24,95700.0,CASH,False,10.0,False
T007140,D0191,2024-12-16,2024-12-31,2025-01-03,109600.0,PDC,False,3.0,False
T002618,D0068,2024-02-15,2024-03-01,2024-03-03,234000.0,PDC,False,2.0,True
T003663,D0096,2023-01-02,2023-01-17,2023-01-17,78500.0,PDC,False,0.0,False
T000089,D0004,2024-12-26,2025-01-25,2025-01-29,287500.0,PDC,False,4.0,False
T000875,D0023,2024-04-23,2024-05-08,2024-05-08,23200.0,BANK_TRANSFER,False,0.0,False
T008024,D0215,2023-11-12,2023-12-12,,87300.0,CASH,False,,False
T000544,D0015,2024-09-03,2024-10-03,2024-10-12,239800.0,CASH,False,9.0,False
T005338,D0141,2023-05-27,2023-07-11,2023-07-11,169500.0,PDC,False,0.0,False
T003001,D0080,2024-01-20,2024-02-04,2024-03-31,122600.0,BANK_TRANSFER,False,56.0,False
T002761,D0072,2024-12-28,2025-02-11,2025-02-12,70700.0,BANK_TRANSFER,False,1.0,False
T003117,D0083,2025-06-07,2025-07-07,2025-08-03,55200.0,PDC,False,27.0,False
T001881,D0047,2024-12-04,2025-01-18,2025-01-22,299800.0,CASH,False,4.0,False
T007342,D0196,2023-10-05,2023-11-04,2023-11-04,104800.0,PDC,False,0.0,False
T000107,D0004,2025-03-26,2025-04-10,2025-04-13,77600.0,BANK_TRANSFER,False,3.0,True
T000927,D0025,2024-04-21,2024-06-05,2024-06-28,115500.0,PDC,False,23.0,True
T006366,D0171,2025-05-03,2025-06-17,2025-06-24,258800.0,PDC,False,7.0,True
T000320,D0009,2023-10-12,2023-11-26,2023-11-30,48400.0,PDC,False,4.0,False
T004616,D0124,2023-10-25,2023-11-09,2023-11-10,30000.0,PDC,False,1.0,False
T006031,D0162,2023-08-27,2023-09-11,2023-09-12,171100.0,BANK_TRANSFER,False,1.0,False
T000879,D0023,2025-01-03,2025-01-18,2025-01-18,273200.0,PDC,False,0.0,False
T006774,D0182,2024-04-09,2024-05-24,2024-05-26,48200.0,BANK_TRANSFER,False,2.0,False
T003995,D0107,2025-01-31,2025-02-15,2025-03-11,247900.0,PDC,False,24.0,True
T004922,D0132,2025-09-16,2025-10-01,2025-10-01,184100.0,PDC,False,0.0,False
T003247,D0087,2024-10-17,2024-11-01,2024-11-01,226600.0,CASH,False,0.0,False
T005387,D0143,2024-06-04,2024-07-04,2024-07-05,277800.0,PDC,False,1.0,False
T003079,D0082,2024-06-16,2024-07-16,2024-07-17,228000.0,CASH,False,1.0,False
T003762,D0100,2023-09-18,2023-11-02,2023-11-02,229800.0,PDC,False,0.0,False
T004731,D0127,2024-09-22,2024-10-07,2024-10-11,226100.0,PDC,False,4.0,False
T004235,D0113,2024-02-09,2024-03-10,2024-04-18,168400.0,PDC,False,39.0,True
T004260,D0114,2024-03-08,2024-03-23,2024-04-10,232400.0,PDC,False,18.0,True
T001619,D0041,2023-11-03,2023-12-03,2023-12-07,240900.0,PDC,False,4.0,False
T003727,D0099,2024-10-28,2024-12-12,2025-01-25,109100.0,CASH,False,44.0,False
T005888,D0156,2025-07-14,2025-08-13,2025-08-19,118800.0,PDC,False,6.0,False
T001046,D0029,2024-02-28,2024-03-29,2024-03-29,165500.0,CASH,False,0.0,True
T005057,D0135,2023-05-28,2023-07-12,2023-07-12,79100.0,BANK_TRANSFER,False,0.0,False
T006976,D0188,2024-04-23,2024-05-08,2024-05-09,87400.0,PDC,False,1.0,False
T001751,D0045,2024-11-05,2024-12-20,2024-12-20,139500.0,PDC,False,0.0,False
T005152,D0138,2024-01-21,2024-03-06,2024-03-10,49900.0,BANK_TRANSFER,False,4.0,True
T003879,D0104,2025-05-06,2025-06-20,2025-08-07,247100.0,CASH,False,48.0,True
T005865,D0155,2025-04-09,2025-05-24,2025-05-24,30100.0,PDC,False,0.0,False
T005601,D0148,2024-03-22,2024-04-06,2024-04-06,223200.0,CASH,False,0.0,True
T003918,D0105,2025-05-23,2025-06-22,2025-06-25,210500.0,PDC,False,3.0,False
T005190,D0138,2025-03-02,2025-04-01,2025-04-01,37100.0,PDC,False,0.0,True
T001044,D0028,2023-04-12,2023-04-27,2023-05-27,70700.0,BANK_TRANSFER,False,30.0,True
T003011,D0080,2025-10-30,2025-11-14,,98100.0,PDC,True,,False
T005156,D0138,2025-12-01,2025-12-16,2025-12-19,80100.0,PDC,False,3.0,False
T006778,D0182,2023-12-04,2024-01-18,2024-01-19,36200.0,PDC,False,1.0,False
T003291,D0088,2024-08-30,2024-09-14,2024-10-04,219400.0,PDC,False,20.0,False
T008168,D0218,2025-05-20,2025-07-04,2025-07-08,218900.0,CASH,False,4.0,False
T004752,D0127,2024-01-15,2024-01-30,2024-02-02,218700.0,CASH,False,3.0,False
T002065,D0052,2025-05-21,2025-07-05,2025-08-02,140400.0,PDC,False,28.0,False
T002965,D0078,2024-06-01,2024-07-16,2024-07-19,297700.0,PDC,False,3.0,False
T000642,D0018,2025-01-08,2025-01-23,2025-01-24,98600.0,PDC,False,1.0,False
T000138,D0005,2025-03-21,2025-04-20,2025-04-27,257500.0,PDC,False,7.0,False
T000881,D0023,2023-07-05,2023-07-20,2023-07-20,253100.0,CASH,False,0.0,False
T001977,D0050,2025-09-10,2025-10-25,2025-10-26,206700.0,PDC,False,1.0,False
T001582,D0041,2024-04-18,2024-06-02,2024-06-06,89500.0,PDC,False,4.0,False
T004794,D0129,2023-05-14,2023-05-29,2023-05-30,208600.0,PDC,False,1.0,False
T001098,D0030,2024-11-27,2025-01-11,2025-02-24,242600.0,BANK_TRANSFER,False,44.0,False
T007439,D0199,2023-03-05,2023-03-20,2023-04-09,201500.0,PDC,False,20.0,True
T008005,D0214,2024-06-30,2024-07-30,2024-07-30,163800.0,PDC,False,0.0,False
T006550,D0176,2024-09-02,2024-10-02,2024-10-16,272300.0,BANK_TRANSFER,False,14.0,False
T006593,D0177,2024-08-18,2024-09-17,2024-10-19,188700.0,PDC,False,32.0,False
T001393,D0036,2025-11-27,2025-12-27,2025-12-28,226200.0,PDC,False,1.0,False
T002084,D0052,2024-05-24,2024-07-08,2024-09-02,88900.0,PDC,False,56.0,False
T001267,D0033,2023-05-29,2023-06-28,2023-07-02,100600.0,BANK_TRANSFER,False,4.0,True
T006472,D0174,2025-10-24,2025-11-08,2025-11-10,233300.0,PDC,False,2.0,False
T006462,D0174,2023-12-18,2024-01-02,2024-01-02,219100.0,PDC,False,0.0,False
T004232,D0113,2024-08-12,2024-09-11,2024-10-11,175600.0,PDC,False,30.0,False
T005266,D0140,2025-11-22,2025-12-22,2025-12-22,295900.0,PDC,False,0.0,False
T002575,D0067,2024-08-31,2024-09-15,2024-09-15,114300.0,PDC,False,0.0,False
T002136,D0054,2024-06-05,2024-06-20,2024-06-25,127400.0,PDC,False,5.0,True
T001504,D0039,2023-06-12,2023-07-12,2023-07-19,276300.0,CASH,False,7.0,False
T005459,D0144,2024-12-22,2025-01-06,2025-01-07,99300.0,PDC,False,1.0,False
T007654,D0204,2025-05-08,2025-06-22,2025-07-03,21400.0,BANK_TRANSFER,False,11.0,False
T003368,D0089,2025-09-27,2025-10-12,2025-10-15,145900.0,PDC,False,3.0,False
T003730,D0099,2025-09-07,2025-10-07,2025-11-08,110600.0,BANK_TRANSFER,False,32.0,False
T000149,D0005,2025-01-19,2025-03-05,2025-03-08,83100.0,PDC,False,3.0,True
T000304,D0009,2025-06-21,2025-07-21,2025-07-24,168400.0,CASH,False,3.0,False
T007359,D0196,2023-03-29,2023-05-13,2023-05-14,144900.0,PDC,False,1.0,False
T005114,D0137,2025-04-24,2025-05-24,,281500.0,PDC,True,,False
T001925,D0048,2024-03-20,2024-05-04,2024-05-04,61800.0,CASH,False,0.0,False
T005149,D0138,2024-12-14,2025-01-13,2025-01-13,220400.0,PDC,False,0.0,False
T008182,D0218,2025-09-04,2025-10-19,2025-10-19,58100.0,BANK_TRANSFER,False,0.0,False
T006510,D0175,2025-10-31,2025-11-30,2025-11-30,257400.0,BANK_TRANSFER,False,0.0,False
T002638,D0068,2024-07-05,2024-08-04,2024-08-06,147200.0,PDC,False,2.0,False
T008101,D0216,2024-03-08,2024-03-23,2024-03-25,186600.0,PDC,False,2.0,True
T001905,D0047,2023-08-26,2023-09-10,2023-09-13,155000.0,PDC,False,3.0,False
T007986,D0213,2023-08-14,2023-08-29,2023-09-01,292700.0,CASH,False,3.0,False
T004295,D0115,2025-09-11,2025-10-26,2025-10-26,183100.0,PDC,False,0.0,False
T003843,D0103,2024-01-06,2024-02-05,,202200.0,PDC,True,,False
T007586,D0202,2023-11-09,2023-11-24,2023-11-27,268300.0,PDC,False,3.0,False
T001769,D0045,2024-11-13,2024-12-13,2024-12-13,206400.0,PDC,False,0.0,False
T002876,D0076,2023-03-12,2023-04-26,2023-04-28,97300.0,PDC,False,2.0,True
T002241,D0057,2025-04-12,2025-04-27,2025-05-12,89200.0,CASH,False,15.0,False
T004501,D0121,2024-10-22,2024-11-06,2024-11-17,92200.0,PDC,False,11.0,False
T005041,D0135,2023-10-25,2023-12-09,2023-12-09,295300.0,PDC,False,0.0,False
T002299,D0058,2025-08-05,2025-08-20,2025-09-08,44500.0,PDC,False,19.0,False
T000484,D0014,2025-08-25,2025-09-09,2025-09-16,232500.0,CASH,False,7.0,False
T005279,D0140,2025-12-03,2026-01-02,2026-01-03,147900.0,CASH,False,1.0,False
T005436,D0144,2025-03-25,2025-05-09,2025-05-09,26900.0,BANK_TRANSFER,False,0.0,False
T001281,D0034,2025-10-12,2025-10-27,2025-10-27,145700.0,PDC,False,0.0,False
T005128,D0137,2023-07-26,2023-08-25,2023-09-21,112200.0,CASH,False,27.0,False
T003681,D0097,2025-08-13,2025-09-12,2025-09-13,227000.0,BANK_TRANSFER,False,1.0,False
T000792,D0021,2024-12-17,2025-01-01,2025-01-04,116100.0,PDC,False,3.0,False
T004896,D0132,2023-10-10,2023-11-09,2023-11-10,63600.0,CASH,False,1.0,False
T006529,D0175,2025-07-09,2025-07-24,2025-07-27,249800.0,BANK_TRANSFER,False,3.0,False
T006895,D0184,2025-04-19,2025-05-19,,124000.0,PDC,True,,False
T001202,D0032,2024-08-18,2024-10-02,2024-10-02,125900.0,PDC,False,0.0,False
T004519,D0121,2024-12-25,2025-02-08,2025-02-25,45100.0,CASH,False,17.0,False
T003913,D0105,2025-07-17,2025-08-16,2025-08-17,104100.0,PDC,False,1.0,False
T002363,D0060,2025-05-28,2025-07-12,2025-07-19,168500.0,PDC,False,7.0,False
T000159,D0005,2025-01-30,2025-02-14,2025-02-14,198500.0,CASH,False,0.0,False
T003070,D0082,2025-10-12,2025-11-11,2025-11-13,262700.0,BANK_TRANSFER,False,2.0,False
T003430,D0090,2023-06-01,2023-06-16,2023-06-16,202300.0,BANK_TRANSFER,False,0.0,True
T005980,D0160,2024-07-04,2024-08-03,2024-08-04,158700.0,PDC,False,1.0,False
T001866,D0047,2025-05-01,2025-05-31,2025-06-02,249000.0,BANK_TRANSFER,False,2.0,True
T005576,D0147,2024-12-22,2025-01-21,2025-01-24,233100.0,PDC,False,3.0,False
T002592,D0067,2023-06-30,2023-07-15,2023-07-15,228100.0,PDC,False,0.0,False
T007058,D0189,2025-04-20,2025-05-05,2025-05-07,187800.0,PDC,False,2.0,False
T006025,D0161,2025-11-23,2026-01-07,2026-01-07,210400.0,CASH,False,0.0,False
T002711,D0070,2023-03-10,2023-04-09,2023-06-18,164900.0,PDC,False,70.0,True
T005717,D0151,2024-11-22,2024-12-07,2024-12-16,33700.0,PDC,False,9.0,False
T001530,D0040,2025-08-02,2025-08-17,2025-08-18,294300.0,CASH,False,1.0,False
T004999,D0134,2025-10-03,2025-11-02,2025-11-05,156900.0,PDC,False,3.0,False
T002810,D0073,2024-03-05,2024-04-04,,223100.0,PDC,True,,True
T000686,D0019,2025-02-02,2025-03-04,2025-03-09,107600.0,CASH,False,5.0,True
T001552,D0040,2024-12-01,2024-12-16,2024-12-19,116700.0,PDC,False,3.0,False
T008195,D0219,2023-11-27,2023-12-27,2023-12-27,165500.0,PDC,False,0.0,False
T004256,D0114,2023-02-17,2023-03-19,2023-03-31,137900.0,PDC,False,12.0,True
T005096,D0136,2023-09-28,2023-11-12,2023-11-16,233000.0,BANK_TRANSFER,False,4.0,False
T003872,D0103,2025-05-26,2025-07-10,2025-07-23,252600.0,CASH,False,13.0,False
T005123,D0137,2025-07-30,2025-08-14,2025-08-18,231600.0,PDC,False,4.0,False
T000561,D0016,2025-10-29,2025-11-13,2025-11-26,107600.0,BANK_TRANSFER,False,13.0,False
T002251,D0057,2025-05-19,2025-06-18,2025-07-27,165100.0,BANK_TRANSFER,False,39.0,True
T007168,D0191,2024-09-15,2024-09-30,2024-09-30,108400.0,CASH,False,0.0,False
T008019,D0215,2025-04-03,2025-04-18,2025-05-02,230300.0,PDC,False,14.0,False
T003501,D0092,2024-06-20,2024-07-05,2024-07-08,169200.0,PDC,False,3.0,False
T002690,D0070,2024-06-01,2024-07-16,2024-08-04,176400.0,PDC,False,19.0,False
T004209,D0112,2024-08-29,2024-09-13,2024-09-13,279600.0,PDC,False,0.0,False
T002268,D0058,2024-10-01,2024-11-15,2024-12-09,220300.0,PDC,False,24.0,False
T003380,D0089,2025-10-20,2025-11-19,2025-11-22,21600.0,PDC,False,3.0,False
T003194,D0085,2025-05-28,2025-06-12,2025-06-16,201000.0,CASH,False,4.0,True
T001447,D0038,2023-09-26,2023-11-10,2023-12-20,226100.0,CASH,False,40.0,False
T001953,D0049,2025-03-09,2025-04-08,2025-04-24,103500.0,CASH,False,16.0,True
T007125,D0190,2025-09-03,2025-09-18,2025-09-28,271000.0,PDC,False,10.0,False
T000923,D0025,2023-02-27,2023-04-13,2023-05-23,34100.0,CASH,False,40.0,True
T001625,D0042,2025-12-08,2025-12-23,2025-12-25,152900.0,PDC,False,2.0,False
T000311,D0009,2023-11-25,2023-12-25,2023-12-27,185300.0,PDC,False,2.0,False
T006950,D0187,2025-06-21,2025-07-06,2025-07-06,128400.0,PDC,False,0.0,False
T008199,D0219,2024-06-21,2024-07-21,2024-07-22,248200.0,PDC,False,1.0,False
T007052,D0189,2023-02-05,2023-03-07,2023-03-07,232600.0,PDC,False,0.0,False
T001320,D0035,2025-09-16,2025-10-01,2025-10-13,77000.0,PDC,False,12.0,False
T003532,D0093,2025-12-10,2025-12-25,2025-12-25,137500.0,PDC,False,0.0,False
T001664,D0043,2025-12-20,2026-01-19,2026-01-24,63300.0,PDC,False,5.0,False
T000816,D0021,2024-04-29,2024-05-14,2024-05-14,204400.0,PDC,False,0.0,False
T007780,D0208,2024-02-11,2024-02-26,2024-04-10,298200.0,PDC,False,44.0,False
T002267,D0058,2024-05-15,2024-05-30,2024-07-10,286900.0,PDC,False,41.0,False
T001474,D0038,2025-07-11,2025-08-10,,173000.0,PDC,True,,False
T001774,D0045,2024-11-17,2024-12-17,2024-12-18,189100.0,CASH,False,1.0,False
T004776,D0129,2024-01-27,2024-03-12,2024-03-14,117400.0,PDC,False,2.0,True
T006842,D0183,2023-05-27,2023-06-11,2023-06-11,163200.0,CASH,False,0.0,False
T001094,D0029,2023-03-19,2023-05-03,2023-05-08,107400.0,PDC,False,5.0,True
T004177,D0111,2023-05-27,2023-06-26,2023-06-29,43900.0,PDC,False,3.0,True
T001951,D0049,2025-04-04,2025-05-19,2025-06-04,287700.0,CASH,False,16.0,False
T006757,D0181,2024-06-26,2024-08-10,2024-09-03,82900.0,PDC,False,24.0,False
T003885,D0104,2023-08-25,2023-10-09,,255400.0,PDC,True,,False
T007749,D0208,2025-08-28,2025-10-12,2025-10-12,164500.0,PDC,False,0.0,False
T008018,D0215,2024-01-18,2024-02-02,2024-02-23,48500.0,CASH,False,21.0,False
T002801,D0072,2025-06-06,2025-07-06,2025-07-07,144500.0,PDC,False,1.0,False
T001240,D0033,2024-03-12,2024-04-26,2024-04-27,157900.0,PDC,False,1.0,False
T000330,D0009,2024-12-23,2025-01-07,2025-01-09,189900.0,PDC,False,2.0,False
T003103,D0083,2023-04-02,2023-04-17,2023-05-17,85100.0,PDC,False,30.0,True
T000243,D0007,2024-04-16,2024-05-31,2024-06-19,36500.0,PDC,False,19.0,False
T008033,D0215,2023-02-09,2023-02-24,,187100.0,PDC,True,,False
T004738,D0127,2023-09-05,2023-09-20,2023-09-23,83100.0,PDC,False,3.0,False
T004793,D0129,2023-03-14,2023-04-28,2023-04-28,30800.0,PDC,False,0.0,True
T002258,D0057,2024-08-17,2024-09-16,,30600.0,PDC,True,,False
T006647,D0178,2023-12-17,2024-01-01,2024-01-03,39700.0,PDC,False,2.0,False
T002819,D0073,2025-05-21,2025-07-05,2025-08-04,233300.0,CASH,False,30.0,False
T003825,D0103,2025-08-16,2025-08-31,2025-09-20,264200.0,CASH,False,20.0,False
T000754,D0020,2025-09-11,2025-10-11,2025-11-02,123900.0,BANK_TRANSFER,False,22.0,False
T004532,D0121,2023-05-17,2023-06-01,2023-06-01,186400.0,CASH,False,0.0,False
T001564,D0040,2025-06-17,2025-07-17,2025-07-19,275300.0,CASH,False,2.0,False
T001935,D0049,2025-04-02,2025-05-02,,281600.0,PDC,True,,False
T007208,D0192,2023-02-09,2023-03-26,2023-03-27,270900.0,PDC,False,1.0,True
T008202,D0219,2025-07-28,2025-09-11,2025-09-12,279500.0,PDC,False,1.0,False
T003494,D0092,2024-03-30,2024-04-29,2024-05-01,20300.0,PDC,False,2.0,False
T003023,D0081,2024-11-12,2024-11-27,2024-11-28,54300.0,BANK_TRANSFER,False,1.0,False
T005809,D0154,2024-04-10,2024-05-10,2024-05-14,238600.0,PDC,False,4.0,False
T004648,D0125,2024-01-03,2024-01-18,2024-03-03,52400.0,PDC,False,45.0,False
T002649,D0069,2025-05-17,2025-07-01,,107100.0,PDC,True,,False
T001857,D0047,2025-03-18,2025-05-02,2025-05-03,203500.0,PDC,False,1.0,False
T004698,D0126,2023-04-18,2023-06-02,2023-06-06,287200.0,BANK_TRANSFER,False,4.0,False
T003564,D0094,2023-09-06,2023-10-06,2023-10-06,140600.0,BANK_TRANSFER,False,0.0,False
T001965,D0050,2024-05-24,2024-06-23,2024-06-27,194000.0,PDC,False,4.0,True
T001014,D0028,2023-07-26,2023-08-25,2023-08-31,127800.0,BANK_TRANSFER,False,6.0,False
T005835,D0154,2024-09-08,2024-09-23,2024-09-24,289100.0,PDC,False,1.0,False
T001428,D0037,2025-10-05,2025-11-19,2025-12-14,54900.0,PDC,False,25.0,False
T006109,D0165,2023-12-04,2023-12-19,2023-12-29,147100.0,CASH,False,10.0,False
T003323,D0088,2024-03-25,2024-05-09,2024-05-13,164300.0,PDC,False,4.0,False
T005483,D0145,2025-04-10,2025-05-25,2025-06-19,86300.0,PDC,False,25.0,True
T001296,D0034,2025-03-22,2025-04-06,2025-05-07,281100.0,CASH,False,31.0,True
T000467,D0013,2025-07-30,2025-09-13,2025-09-17,233800.0,PDC,False,4.0,False
T004029,D0108,2023-06-16,2023-07-01,2023-07-01,172000.0,PDC,False,0.0,True
T005596,D0148,2025-08-23,2025-09-07,2025-09-07,87100.0,CASH,False,0.0,False
T000175,D0006,2025-01-04,2025-01-19,2025-01-20,89900.0,PDC,False,1.0,False
T004881,D0132,2024-07-18,2024-08-17,2024-08-19,73800.0,PDC,False,2.0,False
T000278,D0009,2023-11-22,2023-12-22,2023-12-22,146100.0,PDC,False,0.0,False
T001070,D0029,2024-03-31,2024-05-15,2024-05-15,95300.0,PDC,False,0.0,False
T001549,D0040,2025-07-29,2025-08-13,2025-08-16,274900.0,PDC,False,3.0,False
T007162,D0191,2024-07-12,2024-08-26,,282300.0,PDC,True,,False
T001025,D0028,2024-04-11,2024-04-26,2024-05-22,295500.0,PDC,False,26.0,False
T005562,D0147,2023-05-19,2023-07-03,2023-07-04,118700.0,PDC,False,1.0,True
T006867,D0184,2025-10-17,2025-11-01,,252500.0,PDC,True,,False
T005037,D0135,2025-01-07,2025-02-06,2025-02-07,100800.0,PDC,False,1.0,False
T002835,D0074,2023-07-08,2023-07-23,2023-07-23,221500.0,PDC,False,0.0,False
T006804,D0182,2024-02-28,2024-03-14,2024-03-16,103300.0,PDC,False,2.0,True
T001467,D0038,2023-10-24,2023-11-08,2023-12-09,269400.0,CASH,False,31.0,False
T005420,D0144,2024-10-18,2024-11-17,2024-11-17,161900.0,CASH,False,0.0,False
T006772,D0182,2025-10-07,2025-11-06,2025-11-09,281300.0,PDC,False,3.0,False
T005496,D0145,2024-07-17,2024-08-16,2024-08-30,247600.0,CASH,False,14.0,False
T007784,D0208,2024-07-24,2024-08-23,2024-09-03,216700.0,PDC,False,11.0,False
T005546,D0147,2023-03-11,2023-04-25,2023-04-28,198200.0,PDC,False,3.0,True
T007694,D0207,2024-07-19,2024-08-18,,224000.0,PDC,False,,False
T005003,D0134,2023-01-23,2023-02-22,2023-02-23,234700.0,BANK_TRANSFER,False,1.0,False
T001714,D0044,2024-09-24,2024-10-09,2024-10-13,102300.0,CASH,False,4.0,False
T003425,D0090,2025-01-16,2025-01-31,2025-02-01,67100.0,PDC,False,1.0,False
T002612,D0068,2025-06-05,2025-06-20,2025-06-20,52800.0,CASH,False,0.0,True
T005992,D0160,2024-05-27,2024-06-11,2024-06-16,214900.0,PDC,False,5.0,True
T007394,D0198,2023-09-03,2023-09-18,2023-09-26,263400.0,CASH,False,8.0,False
T000389,D0011,2023-12-23,2024-01-22,2024-02-05,96000.0,PDC,False,14.0,False
T002071,D0052,2025-09-16,2025-10-31,2025-12-01,49700.0,PDC,False,31.0,False
T003971,D0106,2025-07-11,2025-07-26,2025-07-31,222400.0,BANK_TRANSFER,False,5.0,False
T007577,D0202,2023-11-01,2023-12-01,2023-12-06,257100.0,PDC,False,5.0,False
T006269,D0169,2023-10-25,2023-11-09,2023-11-14,270600.0,PDC,False,5.0,False
T003496,D0092,2025-02-13,2025-03-15,2025-03-16,132000.0,CASH,False,1.0,True
T007026,D0189,2023-08-13,2023-09-12,2023-09-16,116700.0,PDC,False,4.0,False
T002822,D0073,2024-11-07,2024-12-22,2025-01-31,51500.0,CASH,False,40.0,False
T004977,D0134,2024-12-16,2025-01-30,2025-02-04,267000.0,PDC,False,5.0,False
T001425,D0037,2024-06-27,2024-07-12,2024-07-14,173100.0,PDC,False,2.0,False
T003543,D0093,2024-10-27,2024-12-11,2024-12-11,212600.0,PDC,False,0.0,False
T007289,D0194,2024-08-10,2024-09-09,2024-09-09,260900.0,BANK_TRANSFER,False,0.0,False
T003575,D0094,2023-09-16,2023-10-16,2023-10-19,39900.0,BANK_TRANSFER,False,3.0,False
T007311,D0195,2024-01-20,2024-03-05,2024-04-03,143800.0,CASH,False,29.0,True
T000051,D0003,2024-10-18,2024-12-02,2024-12-14,264500.0,PDC,False,12.0,False
T001888,D0047,2023-12-13,2024-01-27,2024-01-29,100400.0,PDC,False,2.0,False
T005799,D0154,2025-01-12,2025-01-27,2025-01-29,101900.0,BANK_TRANSFER,False,2.0,False
T006588,D0177,2025-02-17,2025-03-19,2025-04-28,285400.0,BANK_TRANSFER,False,40.0,True
T003696,D0097,2024-02-24,2024-04-09,2024-04-12,88100.0,PDC,False,3.0,True
T004230,D0113,2025-02-21,2025-04-07,2025-05-28,20700.0,PDC,False,51.0,True
T005202,D0139,2025-04-09,2025-05-09,2025-05-30,268500.0,PDC,False,21.0,False
T004800,D0129,2025-07-03,2025-08-02,2025-08-04,208000.0,PDC,False,2.0,False
T000483,D0014,2023-04-18,2023-05-03,2023-05-06,182900.0,PDC,False,3.0,True
T003394,D0090,2023-12-25,2024-01-24,2024-01-25,205100.0,CASH,False,1.0,False
T005242,D0139,2025-12-19,2026-01-18,2026-01-21,211000.0,CASH,False,3.0,False
T006135,D0165,2024-02-16,2024-03-02,2024-03-10,39900.0,CASH,False,8.0,True
T002252,D0057,2023-12-29,2024-01-28,,147500.0,PDC,True,,False
T004163,D0111,2023-12-05,2024-01-04,2024-01-06,36400.0,PDC,False,2.0,False
T008221,D0220,2025-11-01,2025-12-16,2025-12-18,294500.0,BANK_TRANSFER,False,2.0,False
T006878,D0184,2024-12-23,2025-01-22,2025-03-18,99500.0,PDC,False,55.0,False
T002314,D0059,2024-04-14,2024-05-14,2024-05-20,188800.0,BANK_TRANSFER,False,6.0,False
T002850,D0075,2024-09-01,2024-10-01,2024-10-04,250400.0,CASH,False,3.0,False
T008039,D0215,2024-07-10,2024-07-25,,146600.0,PDC,True,,False
T003104,D0083,2023-10-18,2023-11-17,2023-12-14,24100.0,BANK_TRANSFER,False,27.0,False
T005004,D0134,2024-09-13,2024-10-13,2024-10-16,236800.0,PDC,False,3.0,False
T004128,D0110,2024-01-21,2024-02-20,2024-02-24,95200.0,BANK_TRANSFER,False,4.0,False
T003868,D0103,2024-10-16,2024-11-30,2024-12-25,290500.0,PDC,False,25.0,False
T002466,D0063,2023-10-25,2023-12-09,2023-12-09,258700.0,PDC,False,0.0,False
T002930,D0078,2024-09-12,2024-10-12,2024-10-12,239100.0,PDC,False,0.0,False
T006777,D0182,2024-06-06,2024-07-06,2024-07-06,265300.0,PDC,False,0.0,False
T004970,D0134,2023-10-09,2023-11-23,2023-11-23,277500.0,PDC,False,0.0,False
T004107,D0109,2025-04-13,2025-04-28,2025-04-30,198400.0,BANK_TRANSFER,False,2.0,False
T000065,D0003,2024-07-19,2024-08-18,2024-08-31,237500.0,PDC,False,13.0,False
T008135,D0217,2025-08-20,2025-09-04,2025-09-04,64400.0,PDC,False,0.0,False
T007574,D0202,2024-11-12,2024-11-27,2024-11-29,72100.0,PDC,False,2.0,False
T000777,D0020,2025-07-10,2025-07-25,2025-08-13,179200.0,BANK_TRANSFER,False,19.0,False
T004174,D0111,2023-10-01,2023-10-31,2023-11-02,47900.0,CASH,False,2.0,False
T004588,D0123,2025-09-25,2025-11-09,2025-11-10,246500.0,CASH,False,1.0,False
T002735,D0071,2023-04-22,2023-05-22,2023-06-16,220900.0,PDC,False,25.0,False
T008010,D0214,2024-06-07,2024-07-22,2024-07-23,164600.0,CASH,False,1.0,False
T002581,D0067,2025-09-22,2025-10-07,2025-10-07,279800.0,PDC,False,0.0,False
T006210,D0167,2023-09-09,2023-10-09,,23400.0,PDC,True,,False
T004617,D0124,2023-02-12,2023-03-29,2023-04-01,172300.0,PDC,False,3.0,True
T003484,D0091,2024-10-13,2024-11-27,2024-11-27,284000.0,PDC,False,0.0,False
T003333,D0088,2025-05-19,2025-06-18,2025-06-20,158300.0,PDC,False,2.0,True
T002345,D0059,2024-05-21,2024-06-05,2024-06-06,259400.0,CASH,False,1.0,True
T004688,D0126,2025-05-23,2025-06-22,2025-06-24,209900.0,PDC,False,2.0,False
T007588,D0202,2025-04-17,2025-06-01,2025-06-04,178900.0,PDC,False,3.0,True
T002816,D0073,2023-09-20,2023-10-20,2023-11-20,79200.0,BANK_TRANSFER,False,31.0,False
T008066,D0216,2025-09-11,2025-10-26,2025-10-27,183700.0,PDC,False,1.0,False
T007607,D0203,2024-05-25,2024-06-09,2024-06-17,153100.0,BANK_TRANSFER,False,8.0,True
T005382,D0143,2023-05-09,2023-06-08,2023-06-12,239000.0,CASH,False,4.0,False
T005940,D0159,2024-02-14,2024-02-29,2024-03-03,101300.0,PDC,False,3.0,True
T004027,D0108,2024-04-27,2024-05-27,2024-05-30,233400.0,PDC,False,3.0,False
T000725,D0019,2025-04-04,2025-05-19,2025-05-19,61200.0,PDC,False,0.0,False
T007872,D0211,2025-07-20,2025-09-03,2025-09-06,82500.0,PDC,False,3.0,False
T007450,D0199,2023-10-19,2023-11-03,2023-11-11,111100.0,PDC,False,8.0,False
T006771,D0182,2024-03-03,2024-04-02,2024-04-03,243500.0,BANK_TRANSFER,False,1.0,True
T007521,D0200,2023-07-18,2023-09-01,2023-09-01,186000.0,CASH,False,0.0,False
T008147,D0217,2025-01-27,2025-02-26,2025-03-03,183400.0,PDC,False,5.0,True
T002794,D0072,2024-07-09,2024-07-24,2024-07-27,41500.0,PDC,False,3.0,False
T005309,D0141,2023-10-31,2023-12-15,2023-12-19,178900.0,PDC,False,4.0,False
T006579,D0177,2025-09-05,2025-10-05,,180000.0,PDC,True,,False
T006396,D0172,2024-02-05,2024-03-21,2024-03-27,268000.0,PDC,False,6.0,True
T005704,D0150,2024-12-03,2025-01-02,2025-01-04,67400.0,PDC,False,2.0,False
T005734,D0152,2023-03-24,2023-04-08,2023-04-11,185500.0,PDC,False,3.0,True
T002525,D0065,2024-08-14,2024-09-13,2024-09-13,46800.0,PDC,False,0.0,False
T001736,D0044,2025-10-01,2025-10-31,2025-11-02,95100.0,PDC,False,2.0,False
T003125,D0083,2023-08-04,2023-08-19,2023-10-19,257800.0,PDC,False,61.0,False
T004941,D0133,2023-10-23,2023-11-22,2023-11-23,72300.0,PDC,False,1.0,False
T005079,D0136,2025-08-19,2025-09-03,2025-09-05,283900.0,PDC,False,2.0,False
T007124,D0190,2025-05-22,2025-06-21,2025-06-26,23400.0,BANK_TRANSFER,False,5.0,False
T004803,D0129,2023-08-31,2023-10-15,2023-10-17,121100.0,BANK_TRANSFER,False,2.0,False
T006632,D0178,2024-11-16,2024-12-16,2024-12-17,122600.0,PDC,False,1.0,False
T005784,D0153,2024-05-07,2024-06-21,2024-06-25,163800.0,CASH,False,4.0,True
T005963,D0160,2025-03-04,2025-04-18,2025-04-22,243300.0,PDC,False,4.0,False
T000274,D0009,2025-07-11,2025-07-26,2025-07-26,152400.0,CASH,False,0.0,False
T005806,D0154,2024-01-20,2024-03-05,2024-03-06,246100.0,BANK_TRANSFER,False,1.0,True
T002945,D0078,2025-10-03,2025-11-02,2025-11-05,146300.0,BANK_TRANSFER,False,3.0,False
T008189,D0219,2025-01-02,2025-01-17,2025-01-20,253800.0,PDC,False,3.0,False
T005060,D0135,2024-01-27,2024-02-11,2024-02-11,132500.0,PDC,False,0.0,False
T007022,D0188,2024-04-06,2024-05-21,2024-05-23,72800.0,PDC,False,2.0,False
T007834,D0210,2023-10-02,2023-10-17,2023-10-20,243100.0,PDC,False,3.0,False
T005569,D0147,2023-06-25,2023-07-10,2023-07-13,253100.0,PDC,False,3.0,True
T006556,D0176,2024-01-10,2024-02-24,2024-04-03,136100.0,CASH,False,39.0,False
T005579,D0147,2024-04-29,2024-06-13,2024-06-13,170000.0,CASH,False,0.0,True
T005497,D0145,2023-10-26,2023-11-10,2023-11-21,145800.0,PDC,False,11.0,False
T001453,D0038,2025-11-24,2026-01-08,2026-02-12,38300.0,CASH,False,35.0,False
T002716,D0070,2025-02-20,2025-03-22,2025-05-13,284400.0,PDC,False,52.0,True
T007407,D0198,2023-09-19,2023-10-19,2023-10-27,289000.0,PDC,False,8.0,False
T004246,D0113,2025-06-28,2025-07-13,2025-08-16,240600.0,PDC,False,34.0,False
T002693,D0070,2025-04-13,2025-05-13,2025-06-12,90200.0,PDC,False,30.0,False
T002768,D0072,2025-11-28,2026-01-12,2026-01-15,163400.0,PDC,False,3.0,False
T005854,D0155,2023-09-01,2023-10-01,2023-10-10,119900.0,PDC,False,9.0,False
T000219,D0007,2025-01-22,2025-02-06,2025-03-11,223100.0,CASH,False,33.0,False
T000240,D0007,2024-08-15,2024-09-14,,120900.0,PDC,True,,False
T001132,D0030,2024-12-28,2025-02-11,2025-03-05,91600.0,PDC,False,22.0,False
T008146,D0217,2023-03-11,2023-04-25,2023-04-29,216200.0,BANK_TRANSFER,False,4.0,True
T003265,D0087,2025-08-10,2025-09-24,2025-09-26,59100.0,CASH,False,2.0,False
T006937,D0186,2024-08-23,2024-10-07,2024-10-10,189200.0,PDC,False,3.0,False
T002240,D0057,2024-06-12,2024-06-27,2024-07-23,55900.0,PDC,False,26.0,True
T006478,D0174,2024-12-09,2025-01-08,2025-01-09,270100.0,PDC,False,1.0,False
T005350,D0142,2023-08-30,2023-09-14,2023-09-20,190200.0,PDC,False,6.0,False
T005150,D0138,2024-11-17,2025-01-01,2025-01-03,165800.0,CASH,False,2.0,False
T007107,D0190,2025-05-01,2025-06-15,2025-07-05,93700.0,PDC,False,20.0,True
T005765,D0153,2024-04-12,2024-05-27,2024-05-28,286400.0,CASH,False,1.0,False
T001384,D0036,2023-04-17,2023-05-02,2023-05-09,144700.0,PDC,False,7.0,True
T003075,D0082,2025-12-30,2026-02-13,2026-02-18,163400.0,PDC,False,5.0,False
T004861,D0131,2024-01-23,2024-03-08,2024-03-11,36700.0,PDC,False,3.0,True
T007185,D0192,2023-03-06,2023-03-21,2023-03-23,299000.0,PDC,False,2.0,True
T001358,D0036,2025-12-24,2026-02-07,2026-02-11,129000.0,CASH,False,4.0,False
T004872,D0131,2025-07-02,2025-07-17,2025-07-17,177500.0,BANK_TRANSFER,False,0.0,False
T002631,D0068,2025-08-14,2025-08-29,2025-09-01,206700.0,PDC,False,3.0,False
T002833,D0074,2024-04-20,2024-06-04,2024-06-06,266200.0,PDC,False,2.0,False
T000625,D0017,2023-10-23,2023-12-07,2023-12-11,68100.0,CASH,False,4.0,False
T000840,D0022,2023-08-25,2023-09-09,2023-09-10,168900.0,CASH,False,1.0,False
T004724,D0126,2025-03-26,2025-04-25,2025-04-27,170400.0,PDC,False,2.0,False
T007664,D0205,2025-02-22,2025-04-08,2025-04-11,219000.0,PDC,False,3.0,True
T000324,D0009,2024-08-13,2024-08-28,2024-08-30,58000.0,PDC,False,2.0,False
T008160,D0218,2025-08-07,2025-09-21,2025-09-26,188100.0,PDC,False,5.0,False
T001868,D0047,2025-11-09,2025-12-09,2025-12-12,47600.0,PDC,False,3.0,False
T005257,D0140,2025-09-02,2025-10-02,2025-10-06,31500.0,PDC,False,4.0,False
T002827,D0074,2025-01-30,2025-03-01,2025-03-04,88700.0,CASH,False,3.0,True
T005173,D0138,2024-07-22,2024-08-06,2024-08-10,255200.0,PDC,False,4.0,False
T007084,D0190,2025-11-14,2025-12-29,2026-01-10,94700.0,BANK_TRANSFER,False,12.0,False
T007827,D0210,2025-03-18,2025-04-02,2025-04-04,146100.0,PDC,False,2.0,True
T000438,D0013,2025-01-12,2025-02-26,2025-02-28,208100.0,PDC,False,2.0,True
T000120,D0004,2024-08-01,2024-08-31,2024-08-31,261200.0,PDC,False,0.0,False
T007773,D0208,2024-07-04,2024-08-03,2024-08-12,153900.0,CASH,False,9.0,False
T008057,D0215,2025-11-26,2026-01-10,2026-02-21,179500.0,BANK_TRANSFER,False,42.0,False
T005911,D0157,2024-03-31,2024-04-15,2024-04-19,138200.0,PDC,False,4.0,True
T007510,D0200,2023-07-09,2023-08-08,2023-08-11,182400.0,PDC,False,3.0,False
T001840,D0046,2025-08-06,2025-09-05,2025-09-15,147800.0,PDC,False,10.0,False
T001027,D0028,2025-05-03,2025-06-17,2025-08-09,33200.0,CASH,False,53.0,True
T003302,D0088,2023-12-31,2024-01-30,,266000.0,PDC,True,,False
T007169,D0191,2025-03-22,2025-04-21,2025-04-23,94600.0,PDC,False,2.0,False
T007525,D0200,2025-10-23,2025-11-07,2025-11-09,242900.0,CASH,False,2.0,False
T004173,D0111,2023-07-16,2023-08-15,2023-08-15,119800.0,PDC,False,0.0,False
T003102,D0083,2024-03-05,2024-04-19,2024-06-13,210900.0,PDC,False,55.0,True
T000901,D0023,2023-12-20,2024-01-19,2024-01-19,101000.0,PDC,False,0.0,False
T004468,D0120,2024-07-31,2024-08-30,2024-09-01,244700.0,PDC,False,2.0,False
T001205,D0032,2024-10-22,2024-12-06,2024-12-09,120900.0,PDC,False,3.0,False
T007899,D0211,2024-10-09,2024-11-08,2024-11-08,32200.0,PDC,False,0.0,False
T005038,D0135,2024-06-02,2024-06-17,2024-06-20,60100.0,PDC,False,3.0,True
T006722,D0181,2023-03-22,2023-05-06,2023-06-13,84300.0,CASH,False,38.0,False
T004051,D0108,2025-08-17,2025-10-01,2025-10-02,43500.0,PDC,False,1.0,False
T006964,D0187,2024-10-11,2024-11-25,2024-11-26,262000.0,BANK_TRANSFER,False,1.0,False
T000553,D0016,2025-04-20,2025-05-20,2025-05-31,95200.0,PDC,False,11.0,False
T000407,D0012,2023-07-21,2023-09-04,2023-09-04,287900.0,CASH,False,0.0,False
T006214,D0168,2025-08-24,2025-09-23,2025-09-27,183900.0,PDC,False,4.0,False
T007728,D0207,2023-10-06,2023-10-21,2023-11-11,285600.0,PDC,False,21.0,False
T007798,D0209,2025-03-20,2025-05-04,2025-05-06,166900.0,PDC,False,2.0,False
T001614,D0041,2025-06-08,2025-07-08,2025-07-12,45100.0,BANK_TRANSFER,False,4.0,False
T002935,D0078,2025-06-06,2025-06-21,2025-06-24,26700.0,CASH,False,3.0,False
T005065,D0135,2024-09-06,2024-10-06,2024-10-06,92000.0,PDC,False,0.0,False
T003299,D0088,2024-07-31,2024-08-30,2024-08-31,278900.0,PDC,False,1.0,False
T002834,D0074,2024-10-04,2024-10-19,2024-10-21,206100.0,PDC,False,2.0,False
T006639,D0178,2023-10-17,2023-11-16,2023-11-16,24000.0,PDC,False,0.0,False
T007480,D0200,2023-09-17,2023-10-02,2023-10-02,111100.0,PDC,False,0.0,False
T006994,D0188,2023-02-03,2023-02-18,2023-02-18,186500.0,PDC,False,0.0,False
T002350,D0060,2025-03-31,2025-04-15,2025-05-09,51600.0,CASH,False,24.0,True
T005843,D0155,2024-01-09,2024-01-24,2024-02-02,204000.0,CASH,False,9.0,False
T004786,D0129,2025-03-01,2025-04-15,2025-04-17,182900.0,CASH,False,2.0,True
T006957,D0187,2025-07-10,2025-07-25,2025-07-26,32200.0,CASH,False,1.0,False
T003110,D0083,2025-03-30,2025-04-29,2025-06-09,165400.0,PDC,False,41.0,False
T007522,D0200,2025-07-01,2025-07-16,2025-07-16,184400.0,BANK_TRANSFER,False,0.0,False
T007666,D0205,2025-08-24,2025-09-08,2025-09-08,23400.0,PDC,False,0.0,False
T001739,D0044,2025-12-23,2026-01-07,2026-01-10,78500.0,PDC,False,3.0,False
T000237,D0007,2023-04-04,2023-04-19,2023-06-04,203500.0,PDC,False,46.0,True
T005782,D0153,2023-09-04,2023-10-04,2023-10-04,27900.0,CASH,False,0.0,False
T006083,D0163,2024-11-21,2024-12-06,2024-12-06,193700.0,PDC,False,0.0,False
T006080,D0163,2024-07-31,2024-08-15,2024-08-15,248300.0,PDC,False,0.0,False
T003164,D0084,2025-03-17,2025-04-01,2025-04-05,98200.0,BANK_TRANSFER,False,4.0,True
T006939,D0186,2025-01-06,2025-01-21,2025-01-21,271300.0,PDC,False,0.0,False
T000500,D0014,2024-01-17,2024-02-01,2024-02-01,20400.0,CASH,False,0.0,False
T004919,D0132,2024-12-13,2024-12-28,2024-12-28,258100.0,CASH,False,0.0,False
T003626,D0096,2023-12-16,2024-01-30,2024-01-31,34000.0,CASH,False,1.0,False
T003128,D0083,2024-07-31,2024-09-14,,268800.0,PDC,True,,False
T007471,D0199,2023-02-19,2023-04-05,,228700.0,PDC,True,,True
T000795,D0021,2024-02-23,2024-04-08,2024-04-11,291100.0,CASH,False,3.0,True
T003359,D0089,2025-04-11,2025-04-26,2025-04-30,35000.0,PDC,False,4.0,False
T008015,D0215,2025-05-15,2025-06-29,2025-08-03,257100.0,CASH,False,35.0,False
T003292,D0088,2025-04-30,2025-05-15,2025-05-24,202400.0,PDC,False,9.0,False
T003973,D0106,2025-01-03,2025-02-02,2025-02-02,187800.0,CASH,False,0.0,False
T000991,D0027,2025-07-11,2025-08-25,2025-09-03,141200.0,PDC,False,9.0,False
T004664,D0125,2025-02-06,2025-02-21,2025-04-20,136300.0,BANK_TRANSFER,False,58.0,True
T007079,D0190,2023-07-30,2023-09-13,2023-09-24,88800.0,PDC,False,11.0,False
T002436,D0062,2025-01-24,2025-03-10,2025-03-12,252500.0,PDC,False,2.0,True
T003377,D0089,2024-08-06,2024-09-20,2024-09-24,184900.0,PDC,False,4.0,False
T000391,D0011,2024-04-29,2024-05-29,2024-06-04,220200.0,PDC,False,6.0,False
T004840,D0131,2025-07-10,2025-08-24,2025-08-26,145200.0,PDC,False,2.0,False
T002401,D0061,2025-08-21,2025-09-20,2025-09-21,91400.0,PDC,False,1.0,False
T001218,D0033,2025-03-07,2025-03-22,2025-03-22,44400.0,PDC,False,0.0,True
T000236,D0007,2025-09-23,2025-11-07,2025-11-21,21100.0,CASH,False,14.0,False
T000332,D0010,2025-01-16,2025-02-15,2025-03-03,171700.0,PDC,False,16.0,True
T004577,D0123,2024-07-10,2024-08-24,2024-08-28,166700.0,BANK_TRANSFER,False,4.0,False
T006139,D0165,2024-06-15,2024-06-30,2024-07-18,193100.0,PDC,False,18.0,True
T006712,D0180,2025-05-03,2025-06-02,2025-06-06,102700.0,PDC,False,4.0,True
T003189,D0085,2024-12-05,2025-01-19,2025-01-22,70000.0,PDC,False,3.0,False
T005774,D0153,2025-01-04,2025-02-18,2025-02-18,258700.0,CASH,False,0.0,True
T000045,D0002,2025-02-11,2025-03-28,2025-03-29,194600.0,PDC,False,1.0,True
T006245,D0169,2023-03-26,2023-04-25,2023-04-27,41600.0,PDC,False,2.0,True
T005565,D0147,2024-05-23,2024-07-07,2024-07-07,241300.0,PDC,False,0.0,False
T008061,D0215,2024-08-29,2024-09-28,2024-11-30,61700.0,CASH,False,63.0,False
T004217,D0112,2024-12-08,2025-01-07,2025-01-09,111300.0,CASH,False,2.0,False
T003437,D0090,2025-07-27,2025-08-11,2025-08-13,151700.0,PDC,False,2.0,False
T003073,D0082,2025-06-27,2025-07-27,2025-07-27,27100.0,CASH,False,0.0,False
T003135,D0084,2025-02-14,2025-03-31,2025-04-04,271200.0,CASH,False,4.0,True
T005369,D0143,2024-01-05,2024-02-04,2024-02-05,120400.0,PDC,False,1.0,False
T007622,D0203,2025-12-17,2026-01-16,2026-01-26,166500.0,PDC,False,10.0,False
T004046,D0108,2025-08-28,2025-09-12,2025-09-12,203900.0,PDC,False,0.0,False
T005023,D0135,2023-02-19,2023-04-05,2023-04-10,78800.0,PDC,False,5.0,True
T006660,D0179,2025-02-07,2025-03-24,2025-03-30,31200.0,BANK_TRANSFER,False,6.0,True
T001595,D0041,2024-06-04,2024-07-04,2024-07-06,274200.0,BANK_TRANSFER,False,2.0,False
T000224,D0007,2024-01-07,2024-01-22,,277100.0,PDC,True,,False
T004863,D0131,2024-10-20,2024-11-04,2024-11-04,228000.0,PDC,False,0.0,False
T004710,D0126,2025-04-03,2025-04-18,2025-04-18,57600.0,PDC,False,0.0,False
T002892,D0076,2024-03-13,2024-03-28,2024-04-02,183000.0,PDC,False,5.0,True
T001246,D0033,2024-10-19,2024-11-18,2024-11-18,175500.0,BANK_TRANSFER,False,0.0,False
T007770,D0208,2024-01-05,2024-02-19,2024-03-02,135300.0,PDC,False,12.0,False
T001541,D0040,2024-12-11,2024-12-26,2024-12-29,240200.0,CASH,False,3.0,False
T003538,D0093,2025-03-04,2025-03-19,2025-03-23,99100.0,PDC,False,4.0,True
T004149,D0111,2024-01-17,2024-02-01,2024-02-01,27600.0,PDC,False,0.0,False
T004626,D0125,2024-05-20,2024-07-04,2024-08-03,198800.0,PDC,False,30.0,False
T002534,D0066,2025-01-29,2025-02-13,2025-03-02,98600.0,BANK_TRANSFER,False,17.0,False
T005996,D0160,2024-06-24,2024-08-08,2024-08-08,43100.0,PDC,False,0.0,False
T004499,D0121,2024-02-10,2024-02-25,2024-03-03,100000.0,PDC,False,7.0,False
T000819,D0021,2025-11-19,2026-01-03,2026-01-05,117300.0,PDC,False,2.0,False
T003459,D0091,2023-11-30,2024-01-14,2024-01-18,253000.0,PDC,False,4.0,False
T000156,D0005,2025-03-19,2025-04-03,2025-04-04,54300.0,PDC,False,1.0,True
T007511,D0200,2023-11-08,2023-11-23,2023-11-23,119100.0,PDC,False,0.0,False
T006745,D0181,2024-07-28,2024-08-12,,155000.0,PDC,True,,False
T000249,D0008,2024-11-01,2024-11-16,2024-11-17,101800.0,CASH,False,1.0,False
T004858,D0131,2023-05-06,2023-06-05,2023-06-10,108700.0,PDC,False,5.0,False
T005991,D0160,2024-07-10,2024-08-24,2024-08-25,278000.0,PDC,False,1.0,False
T003928,D0105,2023-07-16,2023-07-31,2023-08-04,295100.0,PDC,False,4.0,False
T006126,D0165,2025-05-08,2025-05-23,2025-06-04,281800.0,PDC,False,12.0,False
T004015,D0107,2024-09-11,2024-10-26,2024-11-02,72200.0,PDC,False,7.0,False
T007610,D0203,2024-08-11,2024-09-25,2024-09-27,185100.0,BANK_TRANSFER,False,2.0,False
T002637,D0068,2024-09-12,2024-09-27,2024-09-27,277700.0,PDC,False,0.0,False
T005227,D0139,2023-05-18,2023-06-02,2023-06-17,111000.0,PDC,False,15.0,False
T004639,D0125,2023-10-01,2023-10-31,2023-12-07,198700.0,PDC,False,37.0,False
T000794,D0021,2024-07-10,2024-07-25,2024-07-25,45900.0,PDC,False,0.0,False
T001726,D0044,2024-11-22,2024-12-22,2024-12-26,143900.0,PDC,False,4.0,False
T003190,D0085,2024-04-29,2024-05-14,2024-05-17,240800.0,CASH,False,3.0,False
T002650,D0069,2023-01-03,2023-02-02,2023-02-25,96300.0,BANK_TRANSFER,False,23.0,False
T000629,D0017,2024-11-10,2024-12-10,2024-12-12,114400.0,CASH,False,2.0,False
T006295,D0170,2024-03-18,2024-04-17,,260100.0,PDC,True,,True
T008159,D0218,2023-12-14,2024-01-28,2024-01-29,115000.0,PDC,False,1.0,False
T002340,D0059,2024-07-22,2024-08-21,2024-08-21,133700.0,CASH,False,0.0,False
T007708,D0207,2025-01-27,2025-02-26,2025-03-30,123600.0,PDC,False,32.0,True
T006526,D0175,2025-11-21,2025-12-21,2025-12-22,195300.0,PDC,False,1.0,False
T006831,D0183,2024-01-10,2024-02-24,2024-03-03,239100.0,BANK_TRANSFER,False,8.0,False
T005464,D0144,2025-03-07,2025-03-22,2025-03-25,75100.0,PDC,False,3.0,True
T007369,D0197,2025-08-03,2025-09-02,2025-09-04,250800.0,CASH,False,2.0,False
T001621,D0041,2025-03-15,2025-04-14,2025-04-17,55500.0,CASH,False,3.0,True
T007042,D0189,2025-02-05,2025-03-22,2025-03-24,180800.0,CASH,False,2.0,True
T001452,D0038,2023-12-28,2024-01-27,2024-03-02,292800.0,PDC,False,35.0,False
T002903,D0077,2024-10-13,2024-11-27,2024-12-14,144900.0,PDC,False,17.0,False
T005168,D0138,2025-05-25,2025-07-09,2025-07-12,30400.0,BANK_TRANSFER,False,3.0,False
T004651,D0125,2025-03-04,2025-04-03,,210300.0,PDC,True,,True
T001829,D0046,2023-09-18,2023-11-02,2023-11-10,249200.0,PDC,False,8.0,False
T000827,D0022,2025-06-08,2025-06-23,2025-06-25,59100.0,PDC,False,2.0,False
T001640,D0042,2023-12-21,2024-01-05,2024-01-09,86500.0,PDC,False,4.0,False
T003865,D0103,2024-11-18,2025-01-02,2025-01-02,23500.0,CASH,False,0.0,False
T006081,D0163,2024-08-05,2024-08-20,2024-08-24,77800.0,CASH,False,4.0,False
T002914,D0077,2023-10-02,2023-11-01,2023-11-07,151900.0,PDC,False,6.0,False
T005934,D0158,2024-03-22,2024-05-06,2024-05-06,61200.0,CASH,False,0.0,False
T003792,D0101,2025-06-13,2025-06-28,2025-06-30,287200.0,PDC,False,2.0,False
T007674,D0206,2023-08-15,2023-09-14,2023-09-25,154500.0,BANK_TRANSFER,False,11.0,False
T002940,D0078,2024-09-18,2024-10-18,2024-10-19,139500.0,PDC,False,1.0,False
T003421,D0090,2025-07-12,2025-08-11,2025-08-12,196500.0,CASH,False,1.0,False
T003997,D0107,2024-10-04,2024-11-18,2024-11-26,282100.0,BANK_TRANSFER,False,8.0,False
T003768,D0100,2024-05-09,2024-06-23,2024-07-04,146900.0,BANK_TRANSFER,False,11.0,True
T000536,D0015,2025-04-17,2025-05-02,2025-05-11,72300.0,CASH,False,9.0,False
T007509,D0200,2025-04-11,2025-04-26,2025-04-29,159100.0,PDC,False,3.0,False
T005907,D0157,2025-03-18,2025-04-02,2025-04-05,109400.0,PDC,False,3.0,True
T002664,D0069,2024-10-20,2024-11-19,,66000.0,PDC,True,,False
T000155,D0005,2025-03-24,2025-05-08,2025-05-09,165700.0,PDC,False,1.0,False
T003242,D0087,2024-01-02,2024-02-16,2024-02-16,135600.0,PDC,False,0.0,False
T005597,D0148,2024-05-23,2024-06-22,2024-06-25,150600.0,CASH,False,3.0,True
T003150,D0084,2023-10-07,2023-11-06,2023-11-07,242000.0,PDC,False,1.0,False
T002953,D0078,2023-04-29,2023-06-13,2023-06-13,290500.0,PDC,False,0.0,False
T001312,D0035,2024-09-19,2024-10-19,2024-10-19,22500.0,PDC,False,0.0,False
T000323,D0009,2025-12-16,2026-01-15,2026-01-17,292200.0,PDC,False,2.0,False
T005807,D0154,2024-04-13,2024-05-28,2024-05-30,154800.0,PDC,False,2.0,False
T004111,D0110,2024-06-30,2024-07-15,2024-07-20,141100.0,PDC,False,5.0,False
T003331,D0088,2023-08-29,2023-10-13,2023-10-29,95600.0,CASH,False,16.0,False
T003986,D0106,2025-07-23,2025-08-07,2025-08-08,50100.0,PDC,False,1.0,False
T001799,D0045,2023-04-01,2023-05-16,2023-05-22,288700.0,CASH,False,6.0,False
T006090,D0163,2024-12-08,2024-12-23,2024-12-26,233600.0,CASH,False,3.0,False
T000083,D0003,2024-07-02,2024-08-01,2024-08-02,196200.0,PDC,False,1.0,False
T002561,D0067,2023-06-07,2023-07-07,2023-07-13,143200.0,PDC,False,6.0,True
T001944,D0049,2024-11-18,2024-12-18,,208400.0,PDC,True,,False
T001989,D0050,2024-01-24,2024-02-23,2024-02-25,159300.0,PDC,False,2.0,False
T003537,D0093,2025-01-27,2025-02-26,2025-03-04,231500.0,CASH,False,6.0,True
T006769,D0182,2024-10-04,2024-11-03,2024-11-06,180600.0,PDC,False,3.0,False
T005480,D0145,2024-05-25,2024-07-09,2024-07-27,275300.0,BANK_TRANSFER,False,18.0,False
T001575,D0041,2023-06-13,2023-07-13,2023-07-13,43600.0,CASH,False,0.0,False
T002978,D0079,2024-03-11,2024-03-26,2024-03-30,94100.0,PDC,False,4.0,True
T002724,D0071,2024-02-01,2024-03-17,2024-03-18,77300.0,PDC,False,1.0,True
T003406,D0090,2024-01-29,2024-02-28,2024-03-02,187000.0,PDC,False,3.0,True
T002059,D0052,2025-04-11,2025-05-11,2025-05-11,34100.0,CASH,False,0.0,False
T001763,D0045,2024-02-29,2024-04-14,2024-04-18,268500.0,BANK_TRANSFER,False,4.0,True
T001495,D0039,2023-01-22,2023-02-06,,219400.0,PDC,True,,False
T004928,D0132,2024-04-05,2024-04-20,2024-04-26,253700.0,PDC,False,6.0,True
T002081,D0052,2025-05-13,2025-05-28,,121500.0,PDC,True,,True
T001175,D0032,2024-11-10,2024-12-25,2024-12-25,155200.0,CASH,False,0.0,False
T004510,D0121,2025-11-29,2025-12-29,2026-01-09,113100.0,PDC,False,11.0,False
T002629,D0068,2024-10-05,2024-11-19,2024-11-21,255700.0,PDC,False,2.0,False
T007551,D0201,2023-08-08,2023-09-22,2023-09-25,22500.0,PDC,False,3.0,False
T005914,D0157,2024-11-02,2024-11-17,2024-11-17,290700.0,PDC,False,0.0,False
T004262,D0114,2025-04-01,2025-05-16,,201300.0,PDC,True,,False
T007961,D0213,2023-12-21,2024-01-05,,87200.0,PDC,False,,False
T006252,D0169,2023-12-01,2023-12-16,2023-12-19,95100.0,CASH,False,3.0,False
T000615,D0017,2025-02-11,2025-03-28,,43400.0,PDC,True,,True
T003094,D0083,2024-06-09,2024-06-24,2024-08-13,93100.0,PDC,False,50.0,True
T003451,D0091,2024-12-13,2024-12-28,2024-12-28,258400.0,BANK_TRANSFER,False,0.0,False
T001015,D0028,2024-12-05,2025-01-04,2025-01-26,259300.0,PDC,False,22.0,False
T006234,D0169,2024-08-02,2024-09-16,2024-09-17,168200.0,PDC,False,1.0,False
T003058,D0082,2024-12-20,2025-01-19,2025-01-21,157200.0,CASH,False,2.0,False
T001717,D0044,2025-09-08,2025-10-23,2025-10-25,196700.0,BANK_TRANSFER,False,2.0,False
T006746,D0181,2024-12-03,2025-01-02,2025-02-11,177300.0,PDC,False,40.0,False
T005334,D0141,2023-06-18,2023-07-03,2023-07-08,202400.0,CASH,False,5.0,True
T003906,D0105,2023-08-09,2023-09-23,2023-09-24,70800.0,PDC,False,1.0,False
T007501,D0200,2024-11-04,2024-11-19,2024-11-19,187900.0,BANK_TRANSFER,False,0.0,False
T002182,D0055,2023-02-28,2023-04-14,2023-05-05,84800.0,CASH,False,21.0,True
T003419,D0090,2024-02-28,2024-04-13,,73500.0,PDC,True,,True
T004652,D0125,2025-08-29,2025-09-13,2025-09-24,139500.0,CASH,False,11.0,False
T007176,D0191,2025-08-04,2025-08-19,2025-08-19,195700.0,PDC,False,0.0,False
T003101,D0083,2024-12-22,2025-02-05,2025-03-09,249900.0,PDC,False,32.0,False
T006465,D0174,2024-03-29,2024-04-28,2024-05-01,291900.0,PDC,False,3.0,False
T001212,D0032,2023-11-26,2023-12-26,2023-12-26,99100.0,CASH,False,0.0,False
T000635,D0017,2024-07-13,2024-08-12,2024-08-12,196000.0,PDC,False,0.0,False
T006697,D0180,2024-07-19,2024-08-03,2024-08-04,120700.0,CASH,False,1.0,False
T007473,D0199,2024-12-19,2025-01-03,2025-01-11,173300.0,PDC,False,8.0,False
T001056,D0029,2025-11-13,2025-12-28,2026-01-01,214600.0,BANK_TRANSFER,False,4.0,False
T002341,D0059,2025-11-29,2025-12-29,2026-01-01,166800.0,CASH,False,3.0,False
T005805,D0154,2025-07-27,2025-08-26,2025-08-26,93400.0,PDC,False,0.0,False
T000797,D0021,2025-11-19,2026-01-03,2026-01-05,151900.0,PDC,False,2.0,False
T007087,D0190,2024-09-23,2024-10-23,2024-10-29,59900.0,CASH,False,6.0,False
T007896,D0211,2025-06-15,2025-07-30,2025-08-01,71400.0,BANK_TRANSFER,False,2.0,False
T007409,D0198,2024-06-20,2024-07-05,2024-07-11,189800.0,CASH,False,6.0,False
T005188,D0138,2023-01-07,2023-01-22,2023-01-25,237900.0,CASH,False,3.0,False
T004271,D0114,2025-12-26,2026-01-25,2026-01-25,104100.0,CASH,False,0.0,False
T002815,D0073,2023-03-03,2023-04-02,2023-06-03,220600.0,PDC,False,62.0,True
T004342,D0116,2025-12-21,2026-01-20,2026-01-20,279300.0,PDC,False,0.0,False
T001081,D0029,2023-05-26,2023-06-25,2023-06-28,299100.0,BANK_TRANSFER,False,3.0,True
T001655,D0042,2025-02-24,2025-04-10,2025-04-13,266400.0,BANK_TRANSFER,False,3.0,True
T001608,D0041,2023-06-08,2023-07-23,2023-07-25,289500.0,PDC,False,2.0,False
T000145,D0005,2023-03-10,2023-04-24,,205700.0,PDC,True,,True
T004242,D0113,2025-11-15,2025-12-30,2026-02-19,98300.0,PDC,False,51.0,False
T000091,D0004,2025-09-23,2025-11-07,2025-11-08,91300.0,BANK_TRANSFER,False,1.0,False
T007847,D0210,2025-03-27,2025-04-26,2025-04-26,128900.0,PDC,False,0.0,False
T007561,D0202,2023-07-03,2023-08-17,2023-08-20,39300.0,BANK_TRANSFER,False,3.0,False
T007931,D0212,2024-02-10,2024-03-11,2024-04-02,247200.0,PDC,False,22.0,True
T000683,D0018,2024-06-13,2024-06-28,2024-07-05,251500.0,PDC,False,7.0,True
T004407,D0118,2024-01-13,2024-02-12,2024-02-12,230800.0,PDC,False,0.0,False
T003432,D0090,2024-02-05,2024-02-20,2024-02-21,120100.0,PDC,False,1.0,False
T000094,D0004,2025-09-22,2025-10-22,2025-10-25,191900.0,CASH,False,3.0,False
T000835,D0022,2024-07-11,2024-08-25,2024-08-30,82700.0,PDC,False,5.0,False
T006053,D0162,2024-10-18,2024-11-02,2024-11-03,202600.0,PDC,False,1.0,False
T005021,D0135,2023-05-10,2023-06-09,2023-06-13,290700.0,CASH,False,4.0,False
T002455,D0063,2024-01-19,2024-02-03,2024-02-03,173600.0,PDC,False,0.0,False
T006006,D0161,2024-12-23,2025-01-07,2025-01-15,48100.0,CASH,False,8.0,False
T005132,D0137,2023-10-21,2023-11-20,2023-12-01,28800.0,CASH,False,11.0,False
T001401,D0036,2023-07-04,2023-08-18,2023-08-23,209500.0,PDC,False,5.0,False
T003980,D0106,2025-08-09,2025-08-24,2025-08-26,88500.0,CASH,False,2.0,False
T002292,D0058,2024-01-05,2024-01-20,2024-02-20,97100.0,CASH,False,31.0,False
T001501,D0039,2025-04-23,2025-06-07,2025-07-24,106600.0,PDC,False,47.0,True
T007256,D0193,2025-08-24,2025-10-08,2025-12-16,279600.0,CASH,False,69.0,False
T002263,D0057,2025-08-11,2025-09-25,,35800.0,PDC,True,,False
T001469,D0038,2025-04-08,2025-04-23,2025-05-19,207800.0,PDC,False,26.0,False
T003929,D0105,2025-11-07,2025-11-22,2025-11-23,287800.0,PDC,False,1.0,False
T003246,D0087,2024-08-09,2024-08-24,2024-08-26,177500.0,PDC,False,2.0,False
T000999,D0027,2025-03-04,2025-04-18,2025-04-25,143200.0,CASH,False,7.0,False
T000854,D0022,2024-08-20,2024-10-04,2024-10-05,80300.0,CASH,False,1.0,False
T003876,D0103,2025-01-13,2025-02-27,,21600.0,PDC,True,,True
T006570,D0177,2025-12-10,2025-12-25,2026-01-22,104200.0,BANK_TRANSFER,False,28.0,False
T006301,D0170,2024-09-29,2024-10-29,,176800.0,PDC,True,,False
T001143,D0031,2025-02-28,2025-04-14,2025-04-27,77200.0,BANK_TRANSFER,False,13.0,True
T005240,D0139,2023-03-28,2023-04-12,2023-04-29,187800.0,BANK_TRANSFER,False,17.0,True
T007844,D0210,2024-04-20,2024-06-04,2024-06-04,81300.0,PDC,False,0.0,False
T002275,D0058,2024-10-10,2024-11-09,2024-12-25,210500.0,PDC,False,46.0,False
T007041,D0189,2023-02-12,2023-02-27,2023-03-01,221000.0,PDC,False,2.0,False
T006145,D0166,2024-02-12,2024-03-28,2024-04-11,28700.0,CASH,False,14.0,True
T007563,D0202,2023-09-18,2023-11-02,2023-11-03,70000.0,CASH,False,1.0,False
T004498,D0121,2025-02-27,2025-04-13,2025-04-17,231700.0,PDC,False,4.0,True
T007573,D0202,2023-02-21,2023-03-08,2023-03-09,93600.0,CASH,False,1.0,False
T001104,D0030,2024-08-25,2024-09-24,2024-10-23,264000.0,BANK_TRANSFER,False,29.0,False
T000085,D0003,2024-05-17,2024-06-16,2024-06-27,94500.0,BANK_TRANSFER,False,11.0,True
T002211,D0056,2023-11-09,2023-12-09,2023-12-11,163500.0,CASH,False,2.0,False
T005953,D0159,2024-11-17,2025-01-01,2025-01-01,259900.0,PDC,False,0.0,False
T004211,D0112,2023-02-05,2023-03-07,2023-03-08,198200.0,PDC,False,1.0,False
T006815,D0182,2025-05-28,2025-06-12,2025-06-16,248600.0,PDC,False,4.0,True
T007319,D0195,2025-12-17,2026-01-31,,175800.0,PDC,True,,False
T008013,D0215,2023-08-30,2023-10-14,,42000.0,PDC,True,,False
T007537,D0200,2023-07-07,2023-08-21,2023-08-23,149500.0,PDC,False,2.0,False
T005682,D0150,2024-04-25,2024-05-10,2024-05-10,44900.0,PDC,False,0.0,False
T003441,D0090,2025-07-28,2025-09-11,2025-09-12,184800.0,CASH,False,1.0,False
T001568,D0040,2023-09-01,2023-09-16,2023-09-19,42900.0,PDC,False,3.0,False
T007034,D0189,2025-02-22,2025-03-09,2025-03-13,164900.0,BANK_TRANSFER,False,4.0,True
T005598,D0148,2025-09-21,2025-10-06,2025-10-06,94200.0,CASH,False,0.0,False
T001661,D0043,2025-12-24,2026-01-08,2026-02-02,195000.0,PDC,False,25.0,False
T001557,D0040,2025-11-04,2025-12-04,2025-12-04,75900.0,PDC,False,0.0,False
T006104,D0164,2023-06-24,2023-07-24,,169900.0,PDC,True,,False
T004722,D0126,2024-11-01,2024-11-16,2024-11-16,174300.0,BANK_TRANSFER,False,0.0,False
T003765,D0100,2024-08-16,2024-09-15,2024-10-01,86700.0,PDC,False,16.0,False
T003585,D0094,2024-03-18,2024-04-17,2024-04-17,280700.0,CASH,False,0.0,True
T001886,D0047,2024-09-14,2024-10-29,2024-10-29,263600.0,CASH,False,0.0,False
T003145,D0084,2023-06-07,2023-07-22,,137300.0,PDC,True,,False
T001867,D0047,2025-05-21,2025-07-05,2025-07-08,205200.0,PDC,False,3.0,False
T005049,D0135,2025-02-03,2025-03-20,2025-03-24,109800.0,BANK_TRANSFER,False,4.0,True
T006952,D0187,2024-07-08,2024-07-23,2024-07-23,256200.0,PDC,False,0.0,False
T006403,D0172,2024-09-24,2024-11-08,2024-11-08,269800.0,PDC,False,0.0,False
T004721,D0126,2023-11-22,2023-12-22,2023-12-23,141400.0,PDC,False,1.0,False
T002875,D0076,2025-06-21,2025-07-21,2025-07-24,88000.0,PDC,False,3.0,False
T004331,D0116,2025-11-11,2025-12-26,2025-12-26,114500.0,BANK_TRANSFER,False,0.0,False
T006280,D0169,2023-04-11,2023-04-26,2023-04-29,54100.0,PDC,False,3.0,True
T006761,D0181,2024-03-13,2024-04-27,2024-05-24,169900.0,CASH,False,27.0,False
T003589,D0094,2024-09-30,2024-11-14,2024-11-17,218400.0,PDC,False,3.0,False
T003268,D0087,2025-04-27,2025-05-12,2025-05-13,173400.0,PDC,False,1.0,False
T002885,D0076,2024-01-29,2024-03-14,2024-03-15,64600.0,CASH,False,1.0,True
T002891,D0076,2025-03-20,2025-04-19,2025-04-21,266900.0,PDC,False,2.0,False
T006131,D0165,2025-11-17,2025-12-02,2025-12-10,293800.0,PDC,False,8.0,False
T003008,D0080,2023-07-25,2023-09-08,2023-10-16,159000.0,PDC,False,38.0,False
T001827,D0046,2024-12-20,2025-01-19,2025-01-19,284400.0,PDC,False,0.0,False
T003924,D0105,2025-09-23,2025-10-23,2025-10-26,78000.0,PDC,False,3.0,False
T005930,D0158,2024-01-01,2024-02-15,2024-02-15,83700.0,BANK_TRANSFER,False,0.0,False
T002641,D0068,2023-09-03,2023-10-03,2023-10-07,76200.0,PDC,False,4.0,False
T005411,D0143,2023-09-08,2023-10-08,2023-10-11,127600.0,CASH,False,3.0,False
T001526,D0039,2023-03-10,2023-03-25,2023-04-18,275400.0,PDC,False,24.0,True
T001563,D0040,2025-01-20,2025-02-19,2025-02-21,216300.0,PDC,False,2.0,True
T007436,D0198,2024-04-29,2024-05-29,2024-06-09,97700.0,BANK_TRANSFER,False,11.0,False
T005849,D0155,2023-08-24,2023-10-08,2023-10-24,282300.0,PDC,False,16.0,False
T005702,D0150,2025-09-04,2025-09-19,2025-09-21,28300.0,BANK_TRANSFER,False,2.0,False
T000344,D0010,2025-11-06,2025-11-21,2025-12-02,172000.0,PDC,False,11.0,False
T002543,D0066,2025-02-01,2025-02-16,2025-02-22,38600.0,BANK_TRANSFER,False,6.0,True
T003386,D0090,2024-08-28,2024-09-12,2024-09-12,29000.0,CASH,False,0.0,False
T006438,D0173,2025-03-09,2025-04-08,2025-04-08,185200.0,PDC,False,0.0,True
T002413,D0061,2024-11-04,2024-11-19,2024-11-22,196200.0,PDC,False,3.0,False
T006323,D0170,2024-08-13,2024-09-27,2024-10-20,272600.0,BANK_TRANSFER,False,23.0,False
T002708,D0070,2024-04-29,2024-05-14,2024-06-07,295700.0,CASH,False,24.0,False
T005093,D0136,2024-01-10,2024-01-25,2024-01-29,97700.0,PDC,False,4.0,False
T006159,D0167,2025-09-17,2025-11-01,2025-11-30,220600.0,PDC,False,29.0,False
T007855,D0210,2024-12-25,2025-02-08,2025-02-10,195500.0,PDC,False,2.0,False
T001111,D0030,2024-12-27,2025-02-10,2025-02-25,21400.0,CASH,False,15.0,False
T003443,D0091,2025-07-28,2025-08-12,2025-08-15,241000.0,PDC,False,3.0,False
T002214,D0056,2025-04-02,2025-05-02,2025-05-02,175500.0,PDC,False,0.0,False
T007300,D0194,2024-03-24,2024-04-23,2024-04-26,29500.0,PDC,False,3.0,True
T001360,D0036,2023-01-03,2023-02-17,2023-02-17,289400.0,CASH,False,0.0,False
T002108,D0053,2025-11-24,2025-12-24,,56000.0,PDC,True,,False
T004806,D0129,2024-05-25,2024-06-09,2024-06-11,172900.0,CASH,False,2.0,True
T005975,D0160,2024-07-20,2024-08-19,2024-08-23,142100.0,BANK_TRANSFER,False,4.0,False
T006821,D0182,2025-01-01,2025-01-31,2025-01-31,53800.0,CASH,False,0.0,False
T001379,D0036,2024-12-06,2025-01-20,2025-01-24,127700.0,PDC,False,4.0,False
T002829,D0074,2025-05-18,2025-07-02,2025-07-04,42400.0,PDC,False,2.0,False
T000425,D0012,2025-03-07,2025-04-21,2025-05-13,149900.0,PDC,False,22.0,False
T000293,D0009,2023-10-09,2023-10-24,,261600.0,PDC,True,,False
T001066,D0029,2025-10-15,2025-11-14,2025-11-16,261300.0,PDC,False,2.0,False
T007018,D0188,2024-12-10,2025-01-24,2025-01-25,116200.0,PDC,False,1.0,False
T002378,D0061,2023-09-30,2023-10-30,2023-11-02,237900.0,BANK_TRANSFER,False,3.0,False
T005735,D0152,2023-01-11,2023-02-25,2023-02-27,63900.0,BANK_TRANSFER,False,2.0,False
T006574,D0177,2024-03-12,2024-03-27,2024-05-09,273600.0,PDC,False,43.0,True
T005109,D0136,2025-04-26,2025-05-11,2025-05-11,274000.0,PDC,False,0.0,False
T002128,D0053,2025-08-07,2025-09-06,2025-09-12,236200.0,PDC,False,6.0,False
T001718,D0044,2024-12-24,2025-01-23,,161100.0,PDC,True,,False
T007197,D0192,2024-04-29,2024-05-14,2024-05-14,299600.0,PDC,False,0.0,False
T000938,D0026,2025-01-14,2025-02-13,2025-02-13,109100.0,PDC,False,0.0,False
T003780,D0101,2023-09-23,2023-10-23,2023-10-28,205300.0,CASH,False,5.0,False
T003965,D0106,2025-01-06,2025-01-21,2025-01-21,187700.0,CASH,False,0.0,False
T003991,D0107,2024-06-05,2024-06-20,2024-07-02,131300.0,CASH,False,12.0,True
T004931,D0132,2023-08-26,2023-09-25,2023-09-28,20900.0,BANK_TRANSFER,False,3.0,False
T006894,D0184,2024-05-15,2024-06-14,,274700.0,PDC,True,,True
T007035,D0189,2023-01-04,2023-02-18,2023-02-19,207600.0,PDC,False,1.0,False
T000255,D0008,2024-11-18,2024-12-03,,87700.0,PDC,True,,False
T003233,D0086,2024-07-15,2024-08-29,2024-10-02,80300.0,BANK_TRANSFER,False,34.0,False
T001483,D0039,2025-03-09,2025-04-08,2025-06-07,182600.0,PDC,False,60.0,True
T000945,D0026,2025-11-17,2026-01-01,2026-01-01,58600.0,PDC,False,0.0,False
T005504,D0145,2023-08-15,2023-09-14,2023-09-29,103300.0,PDC,False,15.0,False
T007482,D0200,2024-07-05,2024-08-04,2024-08-06,49500.0,PDC,False,2.0,False
T007253,D0193,2025-06-26,2025-07-11,2025-08-11,72500.0,CASH,False,31.0,False
T007743,D0207,2023-10-24,2023-11-23,2023-12-17,60700.0,PDC,False,24.0,False
T006281,D0169,2023-10-04,2023-11-18,2023-11-18,145900.0,PDC,False,0.0,False
T003184,D0085,2024-06-28,2024-07-13,2024-07-15,268600.0,PDC,False,2.0,False
T003267,D0087,2025-03-12,2025-04-11,2025-04-12,260700.0,PDC,False,1.0,True
T006997,D0188,2025-02-03,2025-02-18,2025-02-20,156600.0,PDC,False,2.0,True
T007347,D0196,2023-06-11,2023-06-26,2023-06-26,249000.0,CASH,False,0.0,True
T007724,D0207,2025-03-18,2025-05-02,,171400.0,PDC,True,,False
T004820,D0130,2025-12-29,2026-01-28,2026-02-09,156500.0,PDC,False,12.0,False
T002908,D0077,2023-09-12,2023-10-12,2023-10-26,157300.0,PDC,False,14.0,False
T000970,D0026,2025-03-12,2025-03-27,2025-03-28,168300.0,PDC,False,1.0,True
T000497,D0014,2023-10-02,2023-11-16,2023-11-19,30500.0,PDC,False,3.0,False
T005047,D0135,2023-12-04,2024-01-18,2024-01-18,249400.0,PDC,False,0.0,False
T004902,D0132,2023-08-21,2023-09-05,2023-09-05,199700.0,PDC,False,0.0,False
T001830,D0046,2023-08-08,2023-09-07,2023-09-18,238900.0,PDC,False,11.0,False
T002178,D0054,2024-01-27,2024-02-26,2024-03-02,169700.0,PDC,False,5.0,False
T005836,D0154,2024-06-18,2024-08-02,2024-08-03,120500.0,PDC,False,1.0,False
T000338,D0010,2025-08-18,2025-10-02,2025-10-24,59000.0,CASH,False,22.0,False
T004827,D0130,2024-06-29,2024-07-29,,237200.0,PDC,True,,False
T004705,D0126,2023-02-01,2023-02-16,2023-02-18,180600.0,BANK_TRANSFER,False,2.0,False
T001149,D0031,2025-01-04,2025-02-18,2025-03-03,194000.0,PDC,False,13.0,True
T002244,D0057,2025-05-21,2025-06-20,,191900.0,PDC,True,,True
T007395,D0198,2024-07-08,2024-08-22,2024-08-30,46000.0,CASH,False,8.0,False
T005810,D0154,2024-02-24,2024-04-09,2024-04-09,283600.0,BANK_TRANSFER,False,0.0,True
T007437,D0198,2025-04-28,2025-06-12,,201100.0,PDC,True,,True
T005006,D0134,2024-03-16,2024-04-30,2024-05-03,105400.0,PDC,False,3.0,False
T006729,D0181,2024-01-18,2024-02-17,2024-03-29,139400.0,CASH,False,41.0,False
T003969,D0106,2025-06-17,2025-07-17,2025-07-19,181400.0,CASH,False,2.0,False
T002152,D0054,2024-03-18,2024-05-02,2024-05-04,99900.0,CASH,False,2.0,False
T002011,D0050,2025-12-16,2025-12-31,2026-01-02,134800.0,CASH,False,2.0,False
T007762,D0208,2025-10-04,2025-10-19,2025-11-15,129300.0,PDC,False,27.0,False
T002492,D0064,2025-03-11,2025-04-25,2025-05-11,232500.0,CASH,False,16.0,False
T003036,D0081,2024-03-30,2024-04-14,2024-04-15,208400.0,PDC,False,1.0,True
T001811,D0046,2024-08-03,2024-09-17,2024-09-28,99900.0,PDC,False,11.0,False
T001995,D0050,2025-02-02,2025-02-17,2025-02-22,155600.0,PDC,False,5.0,True
T004816,D0129,2024-09-06,2024-10-21,2024-10-23,252500.0,PDC,False,2.0,False
T002933,D0078,2025-01-06,2025-02-05,2025-02-07,182400.0,PDC,False,2.0,False
T002825,D0074,2024-07-31,2024-08-15,2024-08-15,72800.0,PDC,False,0.0,False
T005666,D0150,2025-05-13,2025-05-28,2025-05-29,184400.0,CASH,False,1.0,True
T002898,D0077,2025-04-21,2025-05-21,2025-05-30,63900.0,CASH,False,9.0,False
T007039,D0189,2025-11-28,2025-12-28,2025-12-31,63700.0,PDC,False,3.0,False
T002276,D0058,2024-10-22,2024-12-06,2025-01-07,84000.0,PDC,False,32.0,False
T000435,D0013,2024-06-25,2024-08-09,2024-08-10,189700.0,PDC,False,1.0,False
T007470,D0199,2025-08-11,2025-09-25,2025-10-15,247900.0,CASH,False,20.0,False
T008023,D0215,2023-11-24,2023-12-24,,279900.0,PDC,True,,False
T005396,D0143,2025-03-07,2025-04-21,2025-04-23,253300.0,CASH,False,2.0,False
T006271,D0169,2023-08-03,2023-08-18,2023-08-19,25500.0,CASH,False,1.0,False
T004502,D0121,2025-09-17,2025-10-17,2025-10-30,177100.0,PDC,False,13.0,False
T002824,D0074,2024-07-31,2024-08-30,2024-09-02,163700.0,PDC,False,3.0,False
T004918,D0132,2024-11-05,2024-11-20,2024-11-20,280700.0,CASH,False,0.0,False
T006856,D0183,2024-03-09,2024-04-23,2024-05-19,45100.0,PDC,False,26.0,True
T005886,D0156,2025-03-10,2025-04-09,2025-04-23,124300.0,PDC,False,14.0,True
T003756,D0100,2023-05-28,2023-06-27,2023-07-17,294200.0,PDC,False,20.0,True
T007918,D0212,2024-03-31,2024-04-30,2024-06-21,164500.0,BANK_TRANSFER,False,52.0,False
T002505,D0064,2025-05-22,2025-06-21,2025-07-02,190400.0,BANK_TRANSFER,False,11.0,False
T007205,D0192,2025-06-16,2025-07-31,2025-08-02,207000.0,CASH,False,2.0,False
T003212,D0086,2023-04-17,2023-06-01,2023-07-08,116200.0,CASH,False,37.0,False
T006448,D0173,2024-02-19,2024-03-20,2024-03-23,205000.0,PDC,False,3.0,True
T006412,D0172,2024-02-23,2024-04-08,2024-04-13,273000.0,BANK_TRANSFER,False,5.0,True
T005955,D0160,2024-03-30,2024-04-29,2024-04-29,162900.0,PDC,False,0.0,False
T005654,D0149,2024-11-27,2025-01-11,2025-01-13,150100.0,CASH,False,2.0,False
T004642,D0125,2025-11-06,2025-12-06,2026-01-07,152400.0,PDC,False,32.0,False
T004309,D0115,2024-07-17,2024-08-31,2024-09-01,208200.0,PDC,False,1.0,False
T004993,D0134,2024-04-15,2024-05-30,2024-05-31,248600.0,BANK_TRANSFER,False,1.0,False
T003541,D0093,2024-03-14,2024-04-28,2024-04-28,202700.0,PDC,False,0.0,False
T003271,D0087,2024-06-25,2024-08-09,2024-08-12,78200.0,PDC,False,3.0,False
T001942,D0049,2025-06-02,2025-07-17,2025-07-30,108800.0,PDC,False,13.0,False
T001892,D0047,2024-07-23,2024-08-22,2024-08-24,264900.0,PDC,False,2.0,False
T007841,D0210,2023-07-20,2023-09-03,2023-09-03,163600.0,PDC,False,0.0,False
T005013,D0135,2023-08-19,2023-09-03,2023-09-05,131500.0,CASH,False,2.0,False
T003600,D0094,2025-07-16,2025-08-15,2025-08-15,149900.0,PDC,False,0.0,False
T006820,D0182,2024-08-18,2024-09-17,2024-09-20,145200.0,PDC,False,3.0,False
T005386,D0143,2023-03-21,2023-04-05,2023-04-08,41400.0,CASH,False,3.0,True
T004911,D0132,2024-06-29,2024-07-29,2024-08-01,269400.0,PDC,False,3.0,False
T001266,D0033,2023-05-10,2023-06-24,2023-06-26,230000.0,PDC,False,2.0,True
T004439,D0119,2024-09-12,2024-09-27,2024-10-03,222400.0,PDC,False,6.0,False
T002598,D0067,2024-08-02,2024-09-01,2024-09-01,61900.0,PDC,False,0.0,False
T001411,D0037,2024-05-13,2024-06-12,2024-06-29,264000.0,BANK_TRANSFER,False,17.0,True
T001215,D0033,2023-03-08,2023-04-07,2023-04-09,35300.0,CASH,False,2.0,True
T000967,D0026,2024-04-09,2024-04-24,2024-04-27,270200.0,CASH,False,3.0,True
T001231,D0033,2024-06-06,2024-06-21,2024-06-28,27500.0,PDC,False,7.0,True
T006440,D0173,2025-03-15,2025-04-14,2025-04-16,58100.0,PDC,False,2.0,True
T004792,D0129,2025-12-22,2026-02-05,2026-02-05,196100.0,CASH,False,0.0,False
T007597,D0202,2024-09-21,2024-11-05,2024-11-07,251600.0,PDC,False,2.0,False
T006218,D0168,2024-06-10,2024-07-25,2024-07-28,132200.0,CASH,False,3.0,False
T000606,D0017,2025-05-31,2025-06-15,2025-06-16,174900.0,PDC,False,1.0,True
T000105,D0004,2024-09-23,2024-10-23,2024-10-26,43000.0,BANK_TRANSFER,False,3.0,False
T000646,D0018,2025-11-15,2025-12-15,2025-12-17,84800.0,PDC,False,2.0,False
T005501,D0145,2023-01-07,2023-02-06,2023-02-17,101600.0,PDC,False,11.0,False
T004591,D0123,2025-09-18,2025-10-03,2025-10-03,295400.0,PDC,False,0.0,False
T003089,D0083,2023-09-12,2023-09-27,2023-10-29,124200.0,BANK_TRANSFER,False,32.0,False
T006584,D0177,2025-07-28,2025-08-12,2025-08-30,290300.0,BANK_TRANSFER,False,18.0,False
T001020,D0028,2024-11-09,2024-12-24,,92300.0,PDC,True,,False
T000092,D0004,2024-07-01,2024-07-31,2024-08-03,198400.0,CASH,False,3.0,False
T005209,D0139,2025-07-01,2025-07-31,2025-08-09,143100.0,PDC,False,9.0,False
T002871,D0076,2023-02-06,2023-03-23,2023-03-26,172700.0,PDC,False,3.0,True
T000909,D0024,2023-02-09,2023-03-11,2023-03-14,241600.0,CASH,False,3.0,True
T005571,D0147,2024-02-09,2024-03-25,2024-03-25,126900.0,CASH,False,0.0,True
T005838,D0154,2024-03-11,2024-03-26,2024-03-26,61500.0,BANK_TRANSFER,False,0.0,True
T002151,D0054,2024-05-11,2024-06-10,2024-06-15,189900.0,PDC,False,5.0,True
T000239,D0007,2024-03-08,2024-03-23,2024-04-26,115300.0,CASH,False,34.0,True
T003141,D0084,2025-05-26,2025-07-10,2025-07-15,136400.0,BANK_TRANSFER,False,5.0,False
T000943,D0026,2025-02-24,2025-03-26,2025-03-30,247400.0,PDC,False,4.0,True
T001271,D0033,2023-03-05,2023-04-04,2023-04-07,110900.0,PDC,False,3.0,True
T000939,D0026,2025-12-07,2026-01-21,2026-01-24,103700.0,CASH,False,3.0,False
T005521,D0146,2024-10-25,2024-11-09,2024-11-12,118800.0,CASH,False,3.0,False
T003230,D0086,2023-08-29,2023-09-28,2023-10-10,243100.0,PDC,False,12.0,False
T003552,D0094,2025-07-16,2025-07-31,2025-07-31,214500.0,CASH,False,0.0,False
T001863,D0047,2023-02-02,2023-02-17,2023-02-21,246500.0,CASH,False,4.0,False
T001670,D0043,2023-03-02,2023-04-16,2023-04-26,67800.0,BANK_TRANSFER,False,10.0,True
T000006,D0001,2025-02-15,2025-03-17,2025-03-21,135800.0,PDC,False,4.0,True
T004344,D0116,2024-06-11,2024-06-26,2024-06-28,267900.0,PDC,False,2.0,True
T003944,D0105,2023-03-20,2023-04-19,2023-04-20,261100.0,PDC,False,1.0,True
T003014,D0080,2023-08-25,2023-09-24,2023-11-02,242300.0,CASH,False,39.0,False
T000019,D0001,2024-07-08,2024-08-07,2024-08-07,194700.0,PDC,False,0.0,False
T007575,D0202,2025-10-19,2025-12-03,2025-12-04,296800.0,CASH,False,1.0,False
T006578,D0177,2025-01-01,2025-02-15,2025-04-01,219700.0,CASH,False,45.0,True
T005432,D0144,2023-11-12,2023-12-12,2023-12-13,39000.0,BANK_TRANSFER,False,1.0,False
T001571,D0041,2025-03-06,2025-04-20,2025-04-23,47800.0,PDC,False,3.0,False
T001744,D0044,2024-11-30,2024-12-15,2024-12-17,192300.0,CASH,False,2.0,False
T007010,D0188,2025-12-29,2026-01-28,2026-02-04,109400.0,CASH,False,7.0,False
T000521,D0015,2025-01-10,2025-01-25,2025-02-11,107400.0,BANK_TRANSFER,False,17.0,False
T003938,D0105,2023-10-08,2023-11-07,2023-11-09,107800.0,CASH,False,2.0,False
T001659,D0043,2025-11-07,2025-12-22,2025-12-30,265300.0,PDC,False,8.0,False
T003473,D0091,2024-06-25,2024-07-25,2024-07-28,111600.0,CASH,False,3.0,False
T002476,D0063,2025-06-03,2025-07-03,2025-07-03,57400.0,CASH,False,0.0,False
T003949,D0106,2025-06-03,2025-06-18,2025-06-21,206700.0,PDC,False,3.0,True
T003935,D0105,2023-08-13,2023-09-27,2023-09-30,185700.0,CASH,False,3.0,False
T007154,D0191,2023-02-04,2023-03-21,2023-03-21,92600.0,CASH,False,0.0,True
T000764,D0020,2024-07-05,2024-08-19,2024-08-30,240000.0,PDC,False,11.0,False
T004704,D0126,2024-02-28,2024-04-13,2024-04-13,171500.0,CASH,False,0.0,True
T007237,D0193,2025-06-27,2025-07-12,2025-08-08,113600.0,BANK_TRANSFER,False,27.0,False
T008028,D0215,2024-09-22,2024-11-06,2024-12-14,89700.0,PDC,False,38.0,False
T004428,D0118,2025-03-09,2025-03-24,2025-03-26,78900.0,PDC,False,2.0,True
T007659,D0205,2024-06-10,2024-07-25,2024-07-28,207500.0,BANK_TRANSFER,False,3.0,False
T007730,D0207,2025-09-06,2025-09-21,2025-11-21,277800.0,BANK_TRANSFER,False,61.0,False
T001092,D0029,2025-06-07,2025-07-22,2025-07-25,56600.0,PDC,False,3.0,False
T003609,D0095,2023-04-13,2023-05-28,2023-06-18,105600.0,PDC,False,21.0,False
T001102,D0030,2025-02-01,2025-03-03,2025-04-02,43100.0,CASH,False,30.0,True
T007380,D0198,2024-04-15,2024-05-30,2024-06-05,246600.0,PDC,False,6.0,False
T000959,D0026,2025-12-08,2025-12-23,2025-12-23,166600.0,BANK_TRANSFER,False,0.0,False
T000560,D0016,2024-01-11,2024-02-25,2024-03-12,190800.0,CASH,False,16.0,False
T006991,D0188,2023-03-01,2023-03-16,2023-03-18,149700.0,PDC,False,2.0,True
T006835,D0183,2023-08-23,2023-10-07,2023-10-29,153800.0,PDC,False,22.0,False
T001520,D0039,2023-10-27,2023-11-11,2023-11-29,50000.0,PDC,False,18.0,False
T006129,D0165,2024-04-26,2024-06-10,2024-06-28,52200.0,PDC,False,18.0,True
T002485,D0064,2025-11-01,2025-12-01,2025-12-14,34900.0,PDC,False,13.0,False
T006635,D0178,2025-05-17,2025-06-16,2025-06-19,202400.0,PDC,False,3.0,True
T000367,D0011,2023-04-28,2023-05-13,2023-05-25,267600.0,CASH,False,12.0,False
T006194,D0167,2025-10-19,2025-11-03,2025-12-05,217200.0,PDC,False,32.0,False
T007532,D0200,2024-05-27,2024-06-26,2024-06-27,71100.0,PDC,False,1.0,True
T001949,D0049,2025-07-22,2025-08-21,2025-08-23,22000.0,PDC,False,2.0,False
T000809,D0021,2024-10-17,2024-11-16,2024-11-18,116300.0,PDC,False,2.0,False
T008204,D0219,2024-03-01,2024-04-15,2024-04-17,150600.0,PDC,False,2.0,True
T005014,D0135,2025-07-21,2025-09-04,2025-09-04,51000.0,CASH,False,0.0,False
T007686,D0206,2023-11-22,2023-12-22,2023-12-31,204400.0,BANK_TRANSFER,False,9.0,False
T006784,D0182,2025-03-30,2025-04-29,2025-05-02,25400.0,CASH,False,3.0,False
T002570,D0067,2025-01-18,2025-02-02,2025-02-03,90600.0,CASH,False,1.0,False
T003521,D0093,2025-09-18,2025-11-02,2025-11-02,66100.0,PDC,False,0.0,False
T003283,D0087,2025-08-29,2025-09-13,2025-09-13,288600.0,CASH,False,0.0,False
T001665,D0043,2025-03-16,2025-04-30,2025-05-01,91300.0,PDC,False,1.0,False
T005148,D0138,2024-10-25,2024-11-09,2024-11-09,228600.0,PDC,False,0.0,False
T003371,D0089,2025-04-07,2025-05-07,2025-05-12,188100.0,BANK_TRANSFER,False,5.0,False
T006967,D0188,2025-09-24,2025-10-24,2025-10-26,104500.0,BANK_TRANSFER,False,2.0,False
T008116,D0217,2024-05-22,2024-06-06,2024-06-10,32600.0,PDC,False,4.0,True
T006573,D0177,2025-08-13,2025-09-12,2025-10-21,240800.0,BANK_TRANSFER,False,39.0,False
T007928,D0212,2024-02-14,2024-03-15,,272000.0,PDC,True,,True
T004253,D0114,2023-03-02,2023-03-17,2023-04-02,77400.0,CASH,False,16.0,True
T006684,D0180,2023-09-25,2023-11-09,2023-11-09,211500.0,PDC,False,0.0,False
T003579,D0094,2024-07-28,2024-08-27,2024-08-29,58300.0,CASH,False,2.0,False
T005947,D0159,2023-12-22,2024-02-05,2024-02-07,204300.0,BANK_TRANSFER,False,2.0,False
T006606,D0178,2025-03-03,2025-04-17,2025-04-17,110100.0,PDC,False,0.0,False
T002625,D0068,2024-07-04,2024-08-03,2024-08-03,232600.0,PDC,False,0.0,False
T006400,D0172,2025-07-28,2025-08-12,2025-08-12,214400.0,PDC,False,0.0,False
T006102,D0164,2023-05-04,2023-05-19,2023-05-20,215900.0,PDC,False,1.0,False
T001007,D0028,2023-05-18,2023-06-02,,136200.0,PDC,True,,False
T002050,D0051,2024-08-28,2024-09-12,2024-09-25,177200.0,CASH,False,13.0,False
T004012,D0107,2025-08-29,2025-09-13,2025-09-13,85300.0,PDC,False,0.0,False
T000270,D0008,2025-03-03,2025-04-02,2025-04-07,185700.0,PDC,False,5.0,True
T001994,D0050,2025-11-27,2025-12-12,2025-12-13,226700.0,PDC,False,1.0,False
T000266,D0008,2024-12-26,2025-02-09,2025-02-12,266100.0,PDC,False,3.0,False
T008049,D0215,2024-06-01,2024-07-16,2024-08-20,292300.0,BANK_TRANSFER,False,35.0,False
T000291,D0009,2024-03-14,2024-04-13,2024-04-17,208900.0,BANK_TRANSFER,False,4.0,True
T002913,D0077,2025-06-27,2025-08-11,2025-08-11,278000.0,BANK_TRANSFER,False,0.0,False
T006543,D0176,2025-04-10,2025-05-10,2025-06-02,233700.0,BANK_TRANSFER,False,23.0,False
T004142,D0110,2025-08-31,2025-09-15,2025-09-15,244600.0,PDC,False,0.0,False
T004258,D0114,2023-09-27,2023-10-27,2023-10-31,130300.0,CASH,False,4.0,False
T006872,D0184,2025-09-18,2025-10-18,2025-12-21,298000.0,CASH,False,64.0,False
T000289,D0009,2025-05-17,2025-07-01,2025-07-04,66300.0,PDC,False,3.0,False
T007758,D0208,2023-05-03,2023-06-17,2023-07-20,203700.0,PDC,False,33.0,True
T003108,D0083,2023-06-02,2023-07-17,2023-09-02,278900.0,PDC,False,47.0,False
T008070,D0216,2025-09-22,2025-10-22,2025-10-22,37200.0,PDC,False,0.0,False
T006045,D0162,2025-08-11,2025-09-25,2025-09-27,142500.0,PDC,False,2.0,False
T000576,D0016,2023-02-18,2023-03-05,2023-03-10,95800.0,BANK_TRANSFER,False,5.0,False
T000851,D0022,2025-08-10,2025-09-09,2025-09-11,22300.0,CASH,False,2.0,False
T007484,D0200,2025-06-16,2025-07-31,2025-07-31,140600.0,PDC,False,0.0,False
T005351,D0142,2025-07-08,2025-07-23,2025-07-24,296500.0,PDC,False,1.0,False
T006230,D0168,2024-11-29,2025-01-13,2025-01-18,115200.0,PDC,False,5.0,False
T003950,D0106,2024-08-17,2024-10-01,2024-10-03,99800.0,PDC,False,2.0,False
T007802,D0209,2025-02-04,2025-02-19,2025-02-20,186400.0,PDC,False,1.0,True
T001844,D0046,2023-05-06,2023-05-21,2023-05-25,73100.0,PDC,False,4.0,False
T001849,D0046,2024-10-10,2024-11-09,2024-11-16,176700.0,PDC,False,7.0,False
T003948,D0105,2024-03-26,2024-05-10,2024-05-13,238000.0,PDC,False,3.0,False
T001695,D0043,2023-03-08,2023-04-07,2023-04-29,66700.0,CASH,False,22.0,True
T004182,D0111,2023-10-10,2023-11-09,,263800.0,PDC,True,,False
T006370,D0171,2024-01-18,2024-02-02,2024-02-03,144800.0,PDC,False,1.0,False
T000234,D0007,2025-11-15,2025-11-30,,227000.0,PDC,True,,False
T002648,D0069,2023-12-11,2023-12-26,2024-02-06,223000.0,PDC,False,42.0,False
T001712,D0043,2025-11-24,2025-12-09,2025-12-22,146600.0,PDC,False,13.0,False
T005097,D0136,2023-02-18,2023-03-20,2023-03-22,70900.0,PDC,False,2.0,True
T005738,D0152,2025-12-18,2026-01-02,2026-01-05,37600.0,PDC,False,3.0,False
T005453,D0144,2025-06-23,2025-07-08,2025-07-09,203200.0,PDC,False,1.0,False
T001463,D0038,2023-12-24,2024-01-23,2024-02-14,211100.0,PDC,False,22.0,False
T000050,D0003,2025-04-30,2025-05-15,2025-05-15,283900.0,CASH,False,0.0,False
T006674,D0180,2025-01-07,2025-02-21,2025-02-24,187600.0,CASH,False,3.0,True
T005355,D0142,2024-09-11,2024-10-26,2024-10-27,72600.0,PDC,False,1.0,False
T006005,D0161,2024-01-08,2024-02-22,2024-02-25,65800.0,BANK_TRANSFER,False,3.0,False
T007791,D0209,2023-09-18,2023-10-18,2023-10-22,35700.0,CASH,False,4.0,False
T000444,D0013,2023-10-23,2023-11-07,2023-11-07,294900.0,CASH,False,0.0,False
T007657,D0205,2025-01-20,2025-02-19,2025-02-25,82800.0,PDC,False,6.0,True
T004743,D0127,2025-05-25,2025-06-09,2025-06-09,47400.0,PDC,False,0.0,True
T007181,D0192,2024-06-27,2024-07-27,2024-07-27,119900.0,PDC,False,0.0,False
T000727,D0019,2024-07-16,2024-08-15,2024-08-16,103800.0,BANK_TRANSFER,False,1.0,False
T002239,D0057,2024-01-13,2024-02-12,2024-03-18,205500.0,CASH,False,35.0,False
T007933,D0212,2025-06-10,2025-07-10,2025-08-11,151300.0,PDC,False,32.0,False
T002331,D0059,2025-02-19,2025-03-21,2025-03-26,46800.0,PDC,False,5.0,True
T004126,D0110,2024-08-10,2024-08-25,2024-08-26,292900.0,PDC,False,1.0,False
T000170,D0005,2025-09-29,2025-11-13,2025-11-14,196700.0,PDC,False,1.0,False
T001002,D0027,2024-01-16,2024-01-31,2024-02-06,80600.0,CASH,False,6.0,False
T003253,D0087,2025-12-15,2026-01-29,2026-01-31,260300.0,PDC,False,2.0,False
T002149,D0054,2025-03-12,2025-03-27,2025-03-31,172000.0,PDC,False,4.0,True
T000198,D0006,2023-05-31,2023-06-15,2023-06-17,240200.0,PDC,False,2.0,True
T006123,D0165,2025-12-20,2026-01-19,2026-02-01,250200.0,PDC,False,13.0,False
T003794,D0101,2025-04-25,2025-06-09,2025-06-10,116700.0,CASH,False,1.0,True
T000648,D0018,2024-10-26,2024-11-25,2024-11-26,190400.0,PDC,False,1.0,False
T004141,D0110,2025-11-24,2026-01-08,2026-01-10,25100.0,CASH,False,2.0,False
T002759,D0072,2024-02-08,2024-03-09,,281700.0,PDC,True,,True
T003486,D0091,2023-09-16,2023-10-31,2023-11-04,51000.0,PDC,False,4.0,False
T001156,D0031,2025-11-29,2026-01-13,2026-01-13,297800.0,CASH,False,0.0,False
T004136,D0110,2024-08-14,2024-08-29,2024-08-31,261500.0,PDC,False,2.0,False
T000974,D0026,2024-05-14,2024-06-28,2024-07-02,174100.0,PDC,False,4.0,True
T003288,D0087,2025-04-27,2025-05-12,2025-05-13,179400.0,PDC,False,1.0,False
T007152,D0191,2024-05-20,2024-07-04,2024-07-04,69800.0,CASH,False,0.0,False
T003639,D0096,2025-09-18,2025-10-03,2025-10-06,238900.0,PDC,False,3.0,False
T005883,D0156,2023-03-15,2023-04-29,2023-04-30,210900.0,CASH,False,1.0,True
T005595,D0148,2024-10-22,2024-12-06,2024-12-09,296400.0,CASH,False,3.0,False
T006601,D0177,2024-12-25,2025-01-09,2025-02-23,57300.0,PDC,False,45.0,False
T002309,D0058,2023-10-07,2023-10-22,2023-11-06,299500.0,PDC,False,15.0,False
T006032,D0162,2025-06-17,2025-07-02,2025-07-02,172800.0,PDC,False,0.0,False
T002045,D0051,2025-10-29,2025-11-13,,48300.0,PDC,True,,False
T004373,D0117,2025-03-22,2025-04-06,2025-04-08,35600.0,BANK_TRANSFER,False,2.0,True
T004733,D0127,2025-05-13,2025-06-12,2025-06-17,57300.0,PDC,False,5.0,True
T004719,D0126,2023-09-21,2023-11-05,2023-11-08,269500.0,CASH,False,3.0,False
T005956,D0160,2024-11-19,2025-01-03,2025-01-07,42900.0,PDC,False,4.0,False
T000845,D0022,2025-05-08,2025-05-23,2025-05-23,109000.0,PDC,False,0.0,False
T004490,D0121,2025-04-07,2025-05-07,2025-05-11,24400.0,BANK_TRANSFER,False,4.0,False
T007914,D0212,2023-06-22,2023-08-06,2023-08-10,195100.0,PDC,False,4.0,False
T000350,D0010,2025-09-08,2025-10-23,2025-10-27,184800.0,PDC,False,4.0,False
T006669,D0179,2023-11-15,2023-11-30,2023-12-20,54300.0,PDC,False,20.0,False
T000785,D0021,2024-05-04,2024-05-19,2024-05-21,191200.0,PDC,False,2.0,False
T005752,D0152,2025-01-19,2025-03-05,2025-03-08,154300.0,PDC,False,3.0,True
T004019,D0107,2024-10-14,2024-11-13,2024-11-17,79700.0,CASH,False,4.0,False
T001440,D0038,2025-01-10,2025-02-24,2025-04-10,263000.0,BANK_TRANSFER,False,45.0,True
T006098,D0164,2023-11-16,2023-12-01,2023-12-02,112600.0,PDC,False,1.0,False
T005086,D0136,2025-11-24,2025-12-24,2025-12-26,214900.0,PDC,False,2.0,False
T006886,D0184,2025-09-26,2025-10-26,2025-11-28,100900.0,PDC,False,33.0,False
T007866,D0211,2025-03-18,2025-04-17,2025-04-19,259800.0,CASH,False,2.0,False
T005407,D0143,2023-09-06,2023-09-21,2023-09-21,80300.0,BANK_TRANSFER,False,0.0,False
T008226,D0220,2024-02-13,2024-03-29,2024-04-02,140700.0,BANK_TRANSFER,False,4.0,True
T000788,D0021,2024-06-17,2024-07-17,2024-07-20,22900.0,CASH,False,3.0,False
T007685,D0206,2024-06-29,2024-07-14,2024-07-21,105300.0,PDC,False,7.0,False
T005140,D0138,2024-11-30,2024-12-30,2025-01-04,82000.0,CASH,False,5.0,False
T004578,D0123,2023-12-02,2024-01-16,2024-01-19,284400.0,PDC,False,3.0,False
T005340,D0141,2024-06-16,2024-07-01,2024-07-06,272800.0,CASH,False,5.0,False
T008060,D0215,2025-04-29,2025-06-13,2025-07-10,286800.0,PDC,False,27.0,True
T002628,D0068,2025-10-09,2025-10-24,2025-10-24,127900.0,PDC,False,0.0,False
T006626,D0178,2024-05-15,2024-05-30,2024-05-31,286900.0,CASH,False,1.0,False
T000932,D0025,2023-10-18,2023-11-02,2023-12-09,102800.0,CASH,False,37.0,False
T002405,D0061,2023-10-31,2023-11-15,2023-11-17,107700.0,PDC,False,2.0,False
T001249,D0033,2025-02-06,2025-03-23,2025-03-27,251700.0,CASH,False,4.0,True
T004856,D0131,2024-02-09,2024-03-25,2024-03-27,290600.0,BANK_TRANSFER,False,2.0,True
T000093,D0004,2025-06-19,2025-07-19,2025-07-21,204600.0,BANK_TRANSFER,False,2.0,False
T005512,D0146,2025-05-03,2025-05-18,2025-05-19,214700.0,PDC,False,1.0,False
T005438,D0144,2023-12-08,2024-01-22,2024-01-23,235300.0,PDC,False,1.0,False
T002852,D0075,2025-06-03,2025-07-03,2025-07-03,103000.0,PDC,False,0.0,False
T006424,D0173,2025-02-24,2025-03-11,2025-03-11,163500.0,PDC,False,0.0,True
T000765,D0020,2025-10-05,2025-11-19,2025-12-04,21800.0,PDC,False,15.0,False
T006749,D0181,2024-11-30,2024-12-15,2025-01-16,32700.0,CASH,False,32.0,False
T005470,D0145,2023-02-04,2023-03-06,2023-03-26,146900.0,PDC,False,20.0,False
T006048,D0162,2024-01-14,2024-01-29,2024-01-29,210900.0,CASH,False,0.0,False
T000258,D0008,2023-11-04,2023-11-19,2023-11-19,228100.0,PDC,False,0.0,False
T007241,D0193,2024-11-08,2024-12-23,,123600.0,PDC,True,,False
T007652,D0204,2023-09-05,2023-10-20,2023-10-20,46300.0,PDC,False,0.0,False
T005583,D0148,2024-07-18,2024-08-02,2024-08-02,113800.0,PDC,False,0.0,False
T004860,D0131,2024-02-09,2024-03-10,2024-03-11,83500.0,PDC,False,1.0,True
T002998,D0080,2025-12-22,2026-01-21,2026-02-21,254800.0,BANK_TRANSFER,False,31.0,False
T001177,D0032,2025-07-15,2025-07-30,2025-08-01,244800.0,PDC,False,2.0,False
T003897,D0105,2023-02-01,2023-02-16,2023-02-19,135100.0,PDC,False,3.0,False
T003517,D0093,2024-06-28,2024-07-13,2024-07-14,188800.0,PDC,False,1.0,False
T007956,D0213,2023-01-23,2023-02-07,2023-02-10,22100.0,PDC,False,3.0,False
T007681,D0206,2025-02-15,2025-03-17,2025-03-30,130200.0,PDC,False,13.0,True
T007085,D0190,2024-08-30,2024-09-29,2024-10-06,215000.0,CASH,False,7.0,False
T006016,D0161,2024-05-09,2024-06-23,2024-06-26,214300.0,PDC,False,3.0,True
T001457,D0038,2024-06-04,2024-07-04,2024-07-26,251400.0,CASH,False,22.0,False
T001093,D0029,2025-05-28,2025-06-27,2025-07-02,77900.0,PDC,False,5.0,False
T006119,D0165,2024-08-10,2024-09-09,2024-09-25,216200.0,PDC,False,16.0,False
T003240,D0087,2024-07-22,2024-08-06,2024-08-11,227100.0,PDC,False,5.0,False
T004442,D0119,2025-06-19,2025-07-04,2025-08-09,187900.0,CASH,False,36.0,False
T002584,D0067,2024-11-24,2024-12-09,2024-12-11,160900.0,CASH,False,2.0,False
T007567,D0202,2023-01-24,2023-02-23,2023-02-24,47100.0,CASH,False,1.0,False
T001373,D0036,2025-05-22,2025-07-06,2025-07-11,214000.0,PDC,False,5.0,False
T000920,D0025,2025-03-06,2025-04-05,2025-06-01,139400.0,BANK_TRANSFER,False,57.0,True
T004308,D0115,2024-11-08,2024-12-08,2024-12-11,108100.0,CASH,False,3.0,False
T005700,D0150,2024-05-19,2024-06-03,2024-06-06,260300.0,BANK_TRANSFER,False,3.0,False
T000538,D0015,2025-02-22,2025-03-24,2025-04-06,135300.0,BANK_TRANSFER,False,13.0,True
