dealer_id,salesman_id,territory_risk_tier,is_salesman_favorite,dealer_name,city,sector,credit_limit_pkr,true_risk_profile,bounce_rate_lifetime,avg_days_late_nonseasonal,payment_volatility,real_exposure_pkr,order_frequency_trend,salesman_default_rate_loo,territory_default_rate_loo,is_high_risk,top_reasons,risk_probability_calibrated,credit_score,risk_flag,salesman_name
D0001,SM001,Low,False,FM-Islamabad-0001 Traders,Islamabad,FMCG,50000,Reliable,0.0,1.0,1.224744871391589,25078.103647431464,-0.1111111111111111,0.0706134128183214,0.017698558717844946,0,"[{'factor': 'Late payment pattern (excluding Eid/Ramzan)', 'direction': 'reduces_risk', 'weight': -1.122}, {'factor': 'Inconsistent / unpredictable payment timing', 'direction': 'reduces_risk', 'weight': -0.669}, {'factor': ""Salesman's track record with similar dealers"", 'direction': 'reduces_risk', 'weight': -0.513}]",0.08737515550333241,900.0,GREEN (Reliable),Tariq Mehmood
D0002,SM007,Low,False,Te-Lahore-0002 Traders,Lahore,Textile,350000,Reliable,0.0,1.6,1.6733200530681511,309052.38708507887,5.0,0.031461751367213554,0.017698558717844946,0,"[{'factor': 'Late payment pattern (excluding Eid/Ramzan)', 'direction': 'reduces_risk', 'weight': -1.025}, {'factor': 'Inconsistent / unpredictable payment timing', 'direction': 'reduces_risk', 'weight': -0.581}, {'factor': ""Salesman's track record with similar dealers"", 'direction': 'increases_risk', 'weight': 0.221}]",0.25342178719269504,832.0,GREEN (Reliable),Imran Yousaf
D0003,SM001,Medium,True,FM-Karachi-0003 Traders,Karachi,FMCG,200000,Moderate,0.0,10.909090909090908,5.7005116729407135,165814.35866354665,14.0,0.0706134128183214,0.052106245899751005,1,"[{'factor': ""Salesman's track record with similar dealers"", 'direction': 'reduces_risk', 'weight': -0.513}, {'factor': 'Late payment pattern (excluding Eid/Ramzan)', 'direction': 'increases_risk', 'weight': 0.484}, {'factor': 'Declining order activity', 'direction': 'increases_risk', 'weight': 0.422}]",0.49451328842190734,771.0,GREEN (Reliable),Tariq Mehmood
D0004,SM003,Low,False,Ph-Rawalpindi-0004 Traders,Rawalpindi,Pharma,100000,Reliable,0.0,2.75,1.9086270308410553,87062.06681778381,8.0,0.05087287953630459,0.017698558717844946,0,"[{'factor': 'Late payment pattern (excluding Eid/Ramzan)', 'direction': 'reduces_risk', 'weight': -0.839}, {'factor': 'Inconsistent / unpredictable payment timing', 'direction': 'reduces_risk', 'weight': -0.535}, {'factor': 'Inflation-adjusted credit exposure', 'direction': 'reduces_risk', 'weight': -0.256}]",0.18910074172573593,854.0,GREEN (Reliable),Bilal Aslam
D0005,SM001,Low,True,FM-Lahore-0005 Traders,Lahore,FMCG,750000,Reliable,0.07407407407407407,1.7,1.8092355660149217,404800.6504444943,0.45454545454545453,0.06752699306523498,0.01668384537436448,0,"[{'factor': 'Late payment pattern (excluding Eid/Ramzan)', 'direction': 'reduces_risk', 'weight': -1.009}, {'factor': 'Inconsistent / unpredictable payment timing', 'direction': 'reduces_risk', 'weight': -0.555}, {'factor': ""Salesman's track record with similar dealers"", 'direction': 'reduces_risk', 'weight': -0.455}]",0.1722897674487026,860.0,GREEN (Reliable),Tariq Mehmood
D0006,SM008,High,False,Ph-InteriorSindh-0006 Traders,Interior Sindh,Pharma,500000,Reliable,0.0,1.9444444444444444,1.7559422921421233,307956.5119322884,-0.3333333333333333,0.0485033973303768,0.0704023655478718,0,"[{'factor': 'Late payment pattern (excluding Eid/Ramzan)', 'direction': 'reduces_risk', 'weight': -0.969}, {'factor': 'Inconsistent / unpredictable payment timing', 'direction': 'reduces_risk', 'weight': -0.565}, {'factor': 'Inflation-adjusted credit exposure', 'direction': 'increases_risk', 'weight': 0.207}]",0.16515055553343352,863.0,GREEN (Reliable),Rizwan Malik
D0007,SM001,Medium,False,Ph-Karachi-0007 Traders,Karachi,Pharma,750000,Risky,0.2608695652173913,35.36363636363637,11.740766083833462,379868.53218388226,-0.08333333333333333,0.05974384760093009,0.049621773850061564,1,"[{'factor': 'Late payment pattern (excluding Eid/Ramzan)', 'direction': 'increases_risk', 'weight': 4.449}, {'factor': 'Inconsistent / unpredictable payment timing', 'direction': 'increases_risk', 'weight': 1.394}, {'factor': 'Inflation-adjusted credit exposure', 'direction': 'increases_risk', 'weight': 0.358}]",0.972655648330033,564.0,RED (High Risk),Tariq Mehmood
D0008,SM003,Medium,False,FM-Karachi-0008 Traders,Karachi,FMCG,50000,Reliable,0.058823529411764705,2.25,1.7594980344783944,33702.30082427175,-0.1111111111111111,0.0489120952225791,0.05154602181011515,0,"[{'factor': 'Late payment pattern (excluding Eid/Ramzan)', 'direction': 'reduces_risk', 'weight': -0.92}, {'factor': 'Inconsistent / unpredictable payment timing', 'direction': 'reduces_risk', 'weight': -0.564}, {'factor': 'Inflation-adjusted credit exposure', 'direction': 'reduces_risk', 'weight': -0.368}]",0.12059867982904238,885.0,GREEN (Reliable),Bilal Aslam
D0009,SM002,Medium,True,Te-InteriorPunjab-0009 Traders,Interior Punjab,Textile,50000,Reliable,0.058823529411764705,1.6538461538461537,1.6546610607029015,30330.69607053402,-0.5217391304347826,0.0360618368559545,0.05154602181011515,0,"[{'factor': 'Late payment pattern (excluding Eid/Ramzan)', 'direction': 'reduces_risk', 'weight': -1.016}, {'factor': 'Inconsistent / unpredictable payment timing', 'direction': 'reduces_risk', 'weight': -0.585}, {'factor': 'Inflation-adjusted credit exposure', 'direction': 'reduces_risk', 'weight': -0.375}]",0.12941699362402712,880.0,GREEN (Reliable),Aamir Sohail
D0010,SM006,Medium,False,Te-InteriorPunjab-0010 Traders,Interior Punjab,Textile,500000,Moderate,0.0,10.4,5.734002779802943,376731.8491063213,2.0,0.04057246715117146,0.052106245899751005,1,"[{'factor': 'Late payment pattern (excluding Eid/Ramzan)', 'direction': 'increases_risk', 'weight': 0.402}, {'factor': 'Inflation-adjusted credit exposure', 'direction': 'increases_risk', 'weight': 0.351}, {'factor': 'Inconsistent / unpredictable payment timing', 'direction': 'increases_risk', 'weight': 0.216}]",0.5884570078933324,749.0,GREEN (Reliable),Waqas Ahmed
D0011,SM006,Medium,False,Ph-Faisalabad-0011 Traders,Faisalabad,Pharma,750000,Moderate,0.03571428571428571,10.869565217391305,6.085806194501846,370089.7079242989,-0.35294117647058826,0.039296956947089824,0.051766109845329235,0,"[{'factor': 'Late payment pattern (excluding Eid/Ramzan)', 'direction': 'increases_risk', 'weight': 0.478}, {'factor': 'Inflation-adjusted credit exposure', 'direction': 'increases_risk', 'weight': 0.337}, {'factor': 'Inconsistent / unpredictable payment timing', 'direction': 'increases_risk', 'weight': 0.285}]",0.5944073597379423,748.0,GREEN (Reliable),Waqas Ahmed
D0012,SM006,Medium,False,Te-Faisalabad-0012 Traders,Faisalabad,Textile,750000,Moderate,0.07142857142857142,6.636363636363637,6.345804186171424,506909.7374716513,0.0,0.03802144674300819,0.05142597379090747,1,"[{'factor': 'Inflation-adjusted credit exposure', 'direction': 'increases_risk', 'weight': 0.624}, {'factor': 'Inconsistent / unpredictable payment timing', 'direction': 'increases_risk', 'weight': 0.336}, {'factor': 'Late payment pattern (excluding Eid/Ramzan)', 'direction': 'reduces_risk', 'weight': -0.209}]",0.535317446491741,762.0,GREEN (Reliable),Waqas Ahmed
D0013,SM007,Medium,False,Te-Faisalabad-0013 Traders,Faisalabad,Textile,100000,Reliable,0.0,1.4444444444444444,1.5345938729769368,48838.51080312985,0.4444444444444444,0.031461751367213554,0.052106245899751005,0,"[{'factor': 'Late payment pattern (excluding Eid/Ramzan)', 'direction': 'reduces_risk', 'weight': -1.05}, {'factor': 'Inconsistent / unpredictable payment timing', 'direction': 'reduces_risk', 'weight': -0.609}, {'factor': 'Inflation-adjusted credit exposure', 'direction': 'reduces_risk', 'weight': -0.336}]",0.14415500533587333,873.0,GREEN (Reliable),Imran Yousaf
D0014,SM008,Medium,False,FM-Karachi-0014 Traders,Karachi,FMCG,750000,Reliable,0.0,1.4285714285714286,1.5222649416526253,467743.5868573815,0.125,0.0485033973303768,0.052106245899751005,0,"[{'factor': 'Late payment pattern (excluding Eid/Ramzan)', 'direction': 'reduces_risk', 'weight': -1.053}, {'factor': 'Inconsistent / unpredictable payment timing', 'direction': 'reduces_risk', 'weight': -0.611}, {'factor': 'Inflation-adjusted credit exposure', 'direction': 'increases_risk', 'weight': 0.542}]",0.20015587949787306,850.0,GREEN (Reliable),Rizwan Malik
D0015,SM006,Medium,False,FM-Multan-0015 Traders,Multan,FMCG,350000,Moderate,0.05263157894736842,8.0,6.248659987068182,176983.26599429347,-0.5384615384615384,0.03869276790305116,0.051604992766918927,1,"[{'factor': 'Inconsistent / unpredictable payment timing', 'direction': 'increases_risk', 'weight': 0.317}, {'factor': ""Salesman's track record with similar dealers"", 'direction': 'increases_risk', 'weight': 0.086}, {'factor': 'Declining order activity', 'direction': 'reduces_risk', 'weight': -0.083}]",0.4439769492956128,783.0,GREEN (Reliable),Waqas Ahmed
D0016,SM004,Low,False,Ph-Rawalpindi-0016 Traders,Rawalpindi,Pharma,750000,Moderate,0.08333333333333333,8.7,5.359782899266791,508841.33991219464,0.18181818181818182,0.05357010863589812,0.01655700620642942,0,"[{'factor': 'Inflation-adjusted credit exposure', 'direction': 'increases_risk', 'weight': 0.628}, {'factor': ""Salesman's track record with similar dealers"", 'direction': 'reduces_risk', 'weight': -0.193}, {'factor': 'Inconsistent / unpredictable payment timing', 'direction': 'increases_risk', 'weight': 0.142}]",0.5328436862629744,762.0,GREEN (Reliable),Nasir Iqbal
D0017,SM005,Low,False,Ph-Lahore-0017 Traders,Lahore,Pharma,750000,Reliable,0.0,1.7083333333333333,1.6696942198734437,428100.3444947522,-0.45454545454545453,0.025015859380840076,0.017698558717844946,1,"[{'factor': 'Late payment pattern (excluding Eid/Ramzan)', 'direction': 'reduces_risk', 'weight': -1.008}, {'factor': 'Inconsistent / unpredictable payment timing', 'direction': 'reduces_risk', 'weight': -0.582}, {'factor': 'Inflation-adjusted credit exposure', 'direction': 'increases_risk', 'weight': 0.459}]",0.28276751493408325,824.0,GREEN (Reliable),Kamran Shahid
D0018,SM006,Medium,False,Te-Gujranwala-0018 Traders,Gujranwala,Textile,500000,Reliable,0.034482758620689655,2.0588235294117645,2.0612319735239044,244723.8387735755,0.07142857142857142,0.039340940057575394,0.051777838674792055,0,"[{'factor': 'Late payment pattern (excluding Eid/Ramzan)', 'direction': 'reduces_risk', 'weight': -0.951}, {'factor': 'Inconsistent / unpredictable payment timing', 'direction': 'reduces_risk', 'weight': -0.505}, {'factor': 'Inflation-adjusted credit exposure', 'direction': 'increases_risk', 'weight': 0.074}]",0.18696215689950174,855.0,GREEN (Reliable),Waqas Ahmed
D0019,SM006,Medium,False,FM-Faisalabad-0019 Traders,Faisalabad,FMCG,50000,Reliable,0.0,1.7777777777777777,1.9976176286957894,40938.785392063204,21.0,0.04057246715117146,0.052106245899751005,0,"[{'factor': 'Late payment pattern (excluding Eid/Ramzan)', 'direction': 'reduces_risk', 'weight': -0.996}, {'factor': 'Declining order activity', 'direction': 'increases_risk', 'weight': 0.665}, {'factor': 'Inconsistent / unpredictable payment timing', 'direction': 'reduces_risk', 'weight': -0.518}]",0.22208685891755597,842.0,GREEN (Reliable),Waqas Ahmed
D0020,SM003,High,False,FM-InteriorSindh-0020 Traders,Interior Sindh,FMCG,50000,Moderate,0.041666666666666664,10.0625,7.2354528991713085,37796.19892955709,2.0,0.049483990647415696,0.06933398947949573,0,"[{'factor': 'Inconsistent / unpredictable payment timing', 'direction': 'increases_risk', 'weight': 0.51}, {'factor': 'Inflation-adjusted credit exposure', 'direction': 'reduces_risk', 'weight': -0.359}, {'factor': 'Late payment pattern (excluding Eid/Ramzan)', 'direction': 'increases_risk', 'weight': 0.347}]",0.45318177617583294,781.0,GREEN (Reliable),Bilal Aslam
D0021,SM005,Low,False,Te-Rawalpindi-0021 Traders,Rawalpindi,Textile,50000,Reliable,0.0,2.1538461538461537,1.4992061391346578,41997.67995352582,21.0,0.025015859380840076,0.017698558717844946,0,"[{'factor': 'Late payment pattern (excluding Eid/Ramzan)', 'direction': 'reduces_risk', 'weight': -0.935}, {'factor': 'Declining order activity', 'direction': 'increases_risk', 'weight': 0.665}, {'factor': 'Inconsistent / unpredictable payment timing', 'direction': 'reduces_risk', 'weight': -0.615}]",0.28385304041893444,823.0,GREEN (Reliable),Kamran Shahid
D0022,SM004,Low,False,Ph-Lahore-0022 Traders,Lahore,Pharma,200000,Reliable,0.02631578947368421,1.3870967741935485,1.5387877916944455,96202.28638210609,-0.5384615384615384,0.05642098582888057,0.01733806845108215,0,"[{'factor': 'Late payment pattern (excluding Eid/Ramzan)', 'direction': 'reduces_risk', 'weight': -1.06}, {'factor': 'Inconsistent / unpredictable payment timing', 'direction': 'reduces_risk', 'weight': -0.608}, {'factor': ""Salesman's track record with similar dealers"", 'direction': 'reduces_risk', 'weight': -0.247}]",0.1221504977926541,884.0,GREEN (Reliable),Nasir Iqbal
D0023,SM006,Low,False,FM-Lahore-0023 Traders,Lahore,FMCG,50000,Reliable,0.0,1.2352941176470589,1.88048714009375,32111.35874448775,-0.4,0.04057246715117146,0.017698558717844946,0,"[{'factor': 'Late payment pattern (excluding Eid/Ramzan)', 'direction': 'reduces_risk', 'weight': -1.084}, {'factor': 'Inconsistent / unpredictable payment timing', 'direction': 'reduces_risk', 'weight': -0.541}, {'factor': 'Inflation-adjusted credit exposure', 'direction': 'reduces_risk', 'weight': -0.371}]",0.14295755415635053,873.0,GREEN (Reliable),Waqas Ahmed
D0024,SM008,Low,False,FM-Rawalpindi-0024 Traders,Rawalpindi,FMCG,200000,Reliable,0.0,2.4,2.3754698783308417,114346.32308708082,0.0,0.0485033973303768,0.017698558717844946,0,"[{'factor': 'Late payment pattern (excluding Eid/Ramzan)', 'direction': 'reduces_risk', 'weight': -0.895}, {'factor': 'Inconsistent / unpredictable payment timing', 'direction': 'reduces_risk', 'weight': -0.444}, {'factor': 'Inflation-adjusted credit exposure', 'direction': 'reduces_risk', 'weight': -0.199}]",0.17537791039243095,859.0,GREEN (Reliable),Rizwan Malik
D0025,SM006,High,False,Te-Peshawar-0025 Traders,Peshawar,Textile,50000,Risky,0.1,36.5,13.007476482563574,32076.483627937425,-0.3333333333333333,0.037001038579742886,0.06783826298376923,1,"[{'factor': 'Late payment pattern (excluding Eid/Ramzan)', 'direction': 'increases_risk', 'weight': 4.633}, {'factor': 'Inconsistent / unpredictable payment timing', 'direction': 'increases_risk', 'weight': 1.643}, {'factor': 'Inflation-adjusted credit exposure', 'direction': 'reduces_risk', 'weight': -0.371}]",0.9738505888339348,561.0,RED (High Risk),Waqas Ahmed
D0026,SM008,Low,False,Ph-Lahore-0026 Traders,Lahore,Pharma,350000,Reliable,0.0,2.235294117647059,1.739670953500985,245728.1730077164,-0.13333333333333333,0.0485033973303768,0.017698558717844946,0,"[{'factor': 'Late payment pattern (excluding Eid/Ramzan)', 'direction': 'reduces_risk', 'weight': -0.922}, {'factor': 'Inconsistent / unpredictable payment timing', 'direction': 'reduces_risk', 'weight': -0.568}, {'factor': ""Elevated risk in dealer's territory"", 'direction': 'increases_risk', 'weight': 0.135}]",0.18699377792169908,855.0,GREEN (Reliable),Rizwan Malik
D0027,SM005,Medium,False,Te-InteriorPunjab-0027 Traders,Interior Punjab,Textile,50000,Moderate,0.0,9.090909090909092,6.393652154972765,37652.721534209864,0.4,0.025015859380840076,0.052106245899751005,0,"[{'factor': 'Inflation-adjusted credit exposure', 'direction': 'reduces_risk', 'weight': -0.36}, {'factor': 'Inconsistent / unpredictable payment timing', 'direction': 'increases_risk', 'weight': 0.345}, {'factor': ""Salesman's track record with similar dealers"", 'direction': 'increases_risk', 'weight': 0.342}]",0.49416219618479296,771.0,GREEN (Reliable),Kamran Shahid
D0028,SM008,Medium,False,FM-Karachi-0028 Traders,Karachi,FMCG,50000,Risky,0.3333333333333333,28.8,14.714872494434754,29743.196751632266,-0.5,0.0384023872293667,0.048931642725147835,1,"[{'factor': 'Late payment pattern (excluding Eid/Ramzan)', 'direction': 'increases_risk', 'weight': 3.385}, {'factor': 'Inconsistent / unpredictable payment timing', 'direction': 'increases_risk', 'weight': 1.978}, {'factor': 'Cheque bounce history', 'direction': 'reduces_risk', 'weight': -0.377}]",0.9505515267522011,599.0,AMBER (Moderate),Rizwan Malik
D0029,SM001,High,False,Te-InteriorSindh-0029 Traders,Interior Sindh,Textile,500000,Reliable,0.0,1.2307692307692308,1.6433517087676872,302812.97695184697,0.0,0.0706134128183214,0.0704023655478718,0,"[{'factor': 'Late payment pattern (excluding Eid/Ramzan)', 'direction': 'reduces_risk', 'weight': -1.085}, {'factor': 'Inconsistent / unpredictable payment timing', 'direction': 'reduces_risk', 'weight': -0.587}, {'factor': ""Salesman's track record with similar dealers"", 'direction': 'reduces_risk', 'weight': -0.513}]",0.11534818048414046,887.0,GREEN (Reliable),Tariq Mehmood
D0030,SM001,High,False,Ph-InteriorSindh-0030 Traders,Interior Sindh,Pharma,350000,Risky,0.1,30.0,14.741453711094435,302901.48627686553,20.0,0.06644674615165473,0.06783826298376923,1,"[{'factor': 'Late payment pattern (excluding Eid/Ramzan)', 'direction': 'increases_risk', 'weight': 3.58}, {'factor': 'Inconsistent / unpredictable payment timing', 'direction': 'increases_risk', 'weight': 1.983}, {'factor': 'Declining order activity', 'direction': 'increases_risk', 'weight': 0.63}]",0.9764283880457905,555.0,RED (High Risk),Tariq Mehmood
D0031,SM002,Low,False,FM-Rawalpindi-0031 Traders,Rawalpindi,FMCG,350000,Moderate,0.08333333333333333,8.666666666666666,5.567569981404409,184544.66542871608,-0.4,0.03508144469909176,0.01655700620642942,1,"[{'factor': 'Inconsistent / unpredictable payment timing', 'direction': 'increases_risk', 'weight': 0.183}, {'factor': ""Salesman's track record with similar dealers"", 'direction': 'increases_risk', 'weight': 0.154}, {'factor': ""Elevated risk in dealer's territory"", 'direction': 'increases_risk', 'weight': 0.141}]",0.4793320621190526,775.0,GREEN (Reliable),Aamir Sohail
D0032,SM001,Low,False,FM-Islamabad-0032 Traders,Islamabad,FMCG,750000,Reliable,0.0,1.95,1.8239152027072603,357247.57944977714,-0.3333333333333333,0.0706134128183214,0.017698558717844946,0,"[{'factor': 'Late payment pattern (excluding Eid/Ramzan)', 'direction': 'reduces_risk', 'weight': -0.968}, {'factor': 'Inconsistent / unpredictable payment timing', 'direction': 'reduces_risk', 'weight': -0.552}, {'factor': ""Salesman's track record with similar dealers"", 'direction': 'reduces_risk', 'weight': -0.513}]",0.1642645854881563,864.0,GREEN (Reliable),Tariq Mehmood
D0033,SM003,Medium,True,FM-InteriorPunjab-0033 Traders,Interior Punjab,FMCG,50000,Reliable,0.0,1.8888888888888888,1.7827331970381497,27001.37667744042,-0.14285714285714285,0.05087287953630459,0.052106245899751005,0,"[{'factor': 'Late payment pattern (excluding Eid/Ramzan)', 'direction': 'reduces_risk', 'weight': -0.978}, {'factor': 'Inconsistent / unpredictable payment timing', 'direction': 'reduces_risk', 'weight': -0.56}, {'factor': 'Inflation-adjusted credit exposure', 'direction': 'reduces_risk', 'weight': -0.382}]",0.1171530787787386,886.0,GREEN (Reliable),Bilal Aslam
D0034,SM003,Medium,False,Ph-InteriorPunjab-0034 Traders,Interior Punjab,Pharma,50000,Risky,0.2,22.125,14.691469828246788,43887.258172794056,10.0,0.04420621286963792,0.050201483994989096,1,"[{'factor': 'Late payment pattern (excluding Eid/Ramzan)', 'direction': 'increases_risk', 'weight': 2.303}, {'factor': 'Inconsistent / unpredictable payment timing', 'direction': 'increases_risk', 'weight': 1.973}, {'factor': 'Inflation-adjusted credit exposure', 'direction': 'reduces_risk', 'weight': -0.346}]",0.9254173549339582,625.0,AMBER (Moderate),Bilal Aslam
D0035,SM006,Medium,False,Ph-Karachi-0035 Traders,Karachi,Pharma,500000,Risky,0.0625,21.333333333333332,14.332779612781724,438634.1942684621,16.0,0.0383403242940286,0.05151100780451291,1,"[{'factor': 'Late payment pattern (excluding Eid/Ramzan)', 'direction': 'increases_risk', 'weight': 2.174}, {'factor': 'Inconsistent / unpredictable payment timing', 'direction': 'increases_risk', 'weight': 1.903}, {'factor': 'Declining order activity', 'direction': 'increases_risk', 'weight': 0.492}]",0.9637083517759587,581.0,AMBER (Moderate),Waqas Ahmed
D0036,SM005,Medium,False,Te-Multan-0036 Traders,Multan,Textile,200000,Reliable,0.034482758620689655,1.565217391304348,2.2167591578746584,119555.98410158012,-0.6818181818181818,0.023903512328559768,0.051777838674792055,0,"[{'factor': 'Late payment pattern (excluding Eid/Ramzan)', 'direction': 'reduces_risk', 'weight': -1.031}, {'factor': 'Inconsistent / unpredictable payment timing', 'direction': 'reduces_risk', 'weight': -0.475}, {'factor': ""Salesman's track record with similar dealers"", 'direction': 'increases_risk', 'weight': 0.363}]",0.1834924923588953,856.0,GREEN (Reliable),Kamran Shahid
D0037,SM001,Medium,False,FM-Multan-0037 Traders,Multan,FMCG,50000,Risky,0.29411764705882354,30.8,16.63762621471603,25670.905022253908,0.42857142857142855,0.05835851085753708,0.04930512545157174,1,"[{'factor': 'Late payment pattern (excluding Eid/Ramzan)', 'direction': 'increases_risk', 'weight': 3.709}, {'factor': 'Inconsistent / unpredictable payment timing', 'direction': 'increases_risk', 'weight': 2.355}, {'factor': 'Inflation-adjusted credit exposure', 'direction': 'reduces_risk', 'weight': -0.385}]",0.9617148160565734,584.0,AMBER (Moderate),Tariq Mehmood
D0038,SM008,Medium,False,Te-Gujranwala-0038 Traders,Gujranwala,Textile,500000,Risky,0.16129032258064516,27.333333333333332,14.455502013473572,304132.05837416934,-0.2777777777777778,0.04361581179762997,0.050570147589459144,1,"[{'factor': 'Late payment pattern (excluding Eid/Ramzan)', 'direction': 'increases_risk', 'weight': 3.147}, {'factor': 'Inconsistent / unpredictable payment timing', 'direction': 'increases_risk', 'weight': 1.927}, {'factor': 'Inflation-adjusted credit exposure', 'direction': 'increases_risk', 'weight': 0.199}]",0.9612597236625051,585.0,AMBER (Moderate),Rizwan Malik
D0039,SM003,High,False,Ph-InteriorSindh-0039 Traders,Interior Sindh,Pharma,350000,Risky,0.25806451612903225,32.6875,13.71419160517306,179111.48353049098,-0.6521739130434783,0.042270728998670175,0.0637853266727684,1,"[{'factor': 'Late payment pattern (excluding Eid/Ramzan)', 'direction': 'increases_risk', 'weight': 4.015}, {'factor': 'Inconsistent / unpredictable payment timing', 'direction': 'increases_risk', 'weight': 1.782}, {'factor': 'Cheque bounce history', 'direction': 'reduces_risk', 'weight': -0.279}]",0.967946430596481,573.0,RED (High Risk),Bilal Aslam
D0040,SM006,Low,False,FM-Lahore-0040 Traders,Lahore,FMCG,750000,Reliable,0.0,1.8181818181818181,1.7000000000000002,561730.4717677601,0.7777777777777778,0.04057246715117146,0.017698558717844946,0,"[{'factor': 'Late payment pattern (excluding Eid/Ramzan)', 'direction': 'reduces_risk', 'weight': -0.99}, {'factor': 'Inflation-adjusted credit exposure', 'direction': 'increases_risk', 'weight': 0.739}, {'factor': 'Inconsistent / unpredictable payment timing', 'direction': 'reduces_risk', 'weight': -0.576}]",0.2894838914736854,822.0,GREEN (Reliable),Waqas Ahmed
D0041,SM003,Medium,False,Te-Karachi-0041 Traders,Karachi,Textile,200000,Reliable,0.03125,1.9,1.3536092732085316,121191.01949834987,-0.2222222222222222,0.04983121286963792,0.05180862685213196,1,"[{'factor': 'Late payment pattern (excluding Eid/Ramzan)', 'direction': 'reduces_risk', 'weight': -0.977}, {'factor': 'Inconsistent / unpredictable payment timing', 'direction': 'reduces_risk', 'weight': -0.644}, {'factor': 'Inflation-adjusted credit exposure', 'direction': 'reduces_risk', 'weight': -0.184}]",0.12433813419177375,883.0,GREEN (Reliable),Bilal Aslam
D0042,SM002,Medium,True,FM-Multan-0042 Traders,Multan,FMCG,350000,Reliable,0.0,2.2666666666666666,2.1143765594836976,278285.70218752103,0.42857142857142855,0.038414778032425094,0.052106245899751005,0,"[{'factor': 'Late payment pattern (excluding Eid/Ramzan)', 'direction': 'reduces_risk', 'weight': -0.917}, {'factor': 'Inconsistent / unpredictable payment timing', 'direction': 'reduces_risk', 'weight': -0.495}, {'factor': 'Inflation-adjusted credit exposure', 'direction': 'increases_risk', 'weight': 0.145}]",0.2086641228400246,847.0,GREEN (Reliable),Aamir Sohail
D0043,SM008,High,False,Te-Peshawar-0043 Traders,Peshawar,Textile,50000,Moderate,0.05714285714285714,9.708333333333334,5.828190373546752,31506.48209498523,0.3333333333333333,0.04677179559877507,0.06893716408267034,0,"[{'factor': 'Inflation-adjusted credit exposure', 'direction': 'reduces_risk', 'weight': -0.372}, {'factor': 'Late payment pattern (excluding Eid/Ramzan)', 'direction': 'increases_risk', 'weight': 0.289}, {'factor': 'Inconsistent / unpredictable payment timing', 'direction': 'increases_risk', 'weight': 0.234}]",0.38243319964196204,798.0,GREEN (Reliable),Rizwan Malik
D0044,SM001,Medium,False,Te-InteriorPunjab-0044 Traders,Interior Punjab,Textile,50000,Reliable,0.0,2.5384615384615383,2.2954805094425805,44511.63371695909,13.0,0.0706134128183214,0.052106245899751005,1,"[{'factor': 'Late payment pattern (excluding Eid/Ramzan)', 'direction': 'reduces_risk', 'weight': -0.873}, {'factor': ""Salesman's track record with similar dealers"", 'direction': 'reduces_risk', 'weight': -0.513}, {'factor': 'Inconsistent / unpredictable payment timing', 'direction': 'reduces_risk', 'weight': -0.459}]",0.14447945428267492,873.0,GREEN (Reliable),Tariq Mehmood
D0045,SM008,Low,False,Ph-Lahore-0045 Traders,Lahore,Pharma,50000,Reliable,0.0,1.4615384615384615,1.8104634152000358,27045.424464080446,0.4666666666666667,0.0485033973303768,0.017698558717844946,0,"[{'factor': 'Late payment pattern (excluding Eid/Ramzan)', 'direction': 'reduces_risk', 'weight': -1.048}, {'factor': 'Inconsistent / unpredictable payment timing', 'direction': 'reduces_risk', 'weight': -0.554}, {'factor': 'Inflation-adjusted credit exposure', 'direction': 'reduces_risk', 'weight': -0.382}]",0.13300605279861927,878.0,GREEN (Reliable),Rizwan Malik
D0046,SM002,Medium,False,Te-Faisalabad-0046 Traders,Faisalabad,Textile,500000,Moderate,0.12121212121212122,9.55,7.25384219575979,226183.7388185209,-0.16666666666666666,0.03356629318394024,0.05095184474534985,1,"[{'factor': 'Inconsistent / unpredictable payment timing', 'direction': 'increases_risk', 'weight': 0.514}, {'factor': 'Late payment pattern (excluding Eid/Ramzan)', 'direction': 'increases_risk', 'weight': 0.264}, {'factor': ""Salesman's track record with similar dealers"", 'direction': 'increases_risk', 'weight': 0.182}]",0.5521210645378437,758.0,GREEN (Reliable),Aamir Sohail
D0047,SM005,Medium,False,Ph-Faisalabad-0047 Traders,Faisalabad,Pharma,350000,Reliable,0.0,1.4166666666666667,1.3407911089057825,161631.52910126702,-0.07142857142857142,0.025015859380840076,0.052106245899751005,1,"[{'factor': 'Late payment pattern (excluding Eid/Ramzan)', 'direction': 'reduces_risk', 'weight': -1.055}, {'factor': 'Inconsistent / unpredictable payment timing', 'direction': 'reduces_risk', 'weight': -0.647}, {'factor': ""Salesman's track record with similar dealers"", 'direction': 'increases_risk', 'weight': 0.342}]",0.17393771794566482,860.0,GREEN (Reliable),Kamran Shahid
D0048,SM008,Medium,False,Ph-Karachi-0048 Traders,Karachi,Pharma,50000,Reliable,0.0,1.9,1.1435437497937313,31816.124738298327,-0.5555555555555556,0.0485033973303768,0.052106245899751005,0,"[{'factor': 'Late payment pattern (excluding Eid/Ramzan)', 'direction': 'reduces_risk', 'weight': -0.977}, {'factor': 'Inconsistent / unpredictable payment timing', 'direction': 'reduces_risk', 'weight': -0.685}, {'factor': 'Inflation-adjusted credit exposure', 'direction': 'reduces_risk', 'weight': -0.372}]",0.10991467347719916,891.0,GREEN (Reliable),Rizwan Malik
D0049,SM003,Low,False,FM-Lahore-0049 Traders,Lahore,FMCG,100000,Moderate,0.07142857142857142,9.3,5.402990624858393,84959.22778990422,14.0,0.04849192715535221,0.01672008513663164,1,"[{'factor': 'Declining order activity', 'direction': 'increases_risk', 'weight': 0.422}, {'factor': 'Inflation-adjusted credit exposure', 'direction': 'reduces_risk', 'weight': -0.26}, {'factor': 'Late payment pattern (excluding Eid/Ramzan)', 'direction': 'increases_risk', 'weight': 0.223}]",0.5025560585546749,769.0,GREEN (Reliable),Bilal Aslam
D0050,SM006,High,True,FM-Peshawar-0050 Traders,Peshawar,FMCG,100000,Reliable,0.0,1.894736842105263,1.6594044679962139,77631.93255873206,1.0,0.04057246715117146,0.0704023655478718,0,"[{'factor': 'Late payment pattern (excluding Eid/Ramzan)', 'direction': 'reduces_risk', 'weight': -0.977}, {'factor': 'Inconsistent / unpredictable payment timing', 'direction': 'reduces_risk', 'weight': -0.584}, {'factor': 'Inflation-adjusted credit exposure', 'direction': 'reduces_risk', 'weight': -0.276}]",0.13550384903814605,877.0,GREEN (Reliable),Waqas Ahmed
D0051,SM006,Medium,False,Te-InteriorPunjab-0051 Traders,Interior Punjab,Textile,200000,Moderate,0.03333333333333333,10.333333333333334,4.80993430103734,103974.86422259799,-0.23529411764705882,0.039381990960695265,0.051788785582290685,1,"[{'factor': 'Late payment pattern (excluding Eid/Ramzan)', 'direction': 'increases_risk', 'weight': 0.391}, {'factor': 'Inflation-adjusted credit exposure', 'direction': 'reduces_risk', 'weight': -0.221}, {'factor': ""Salesman's track record with similar dealers"", 'direction': 'increases_risk', 'weight': 0.073}]",0.4305073722920212,786.0,GREEN (Reliable),Waqas Ahmed
D0052,SM007,Medium,False,Ph-Karachi-0052 Traders,Karachi,Pharma,500000,Risky,0.07142857142857142,27.636363636363637,13.473145179416758,416567.92546821584,14.0,0.028060390822995867,0.05142597379090747,1,"[{'factor': 'Late payment pattern (excluding Eid/Ramzan)', 'direction': 'increases_risk', 'weight': 3.196}, {'factor': 'Inconsistent / unpredictable payment timing', 'direction': 'increases_risk', 'weight': 1.734}, {'factor': 'Inflation-adjusted credit exposure', 'direction': 'increases_risk', 'weight': 0.435}]",0.9797243225111222,546.0,RED (High Risk),Imran Yousaf
D0053,SM008,Low,True,Te-Lahore-0053 Traders,Lahore,Textile,500000,Moderate,0.0,10.642857142857142,5.10817057207437,443908.754995848,14.0,0.0485033973303768,0.017698558717844946,1,"[{'factor': 'Inflation-adjusted credit exposure', 'direction': 'increases_risk', 'weight': 0.492}, {'factor': 'Late payment pattern (excluding Eid/Ramzan)', 'direction': 'increases_risk', 'weight': 0.441}, {'factor': 'Declining order activity', 'direction': 'increases_risk', 'weight': 0.422}]",0.6749147212523073,728.0,GREEN (Reliable),Rizwan Malik
D0054,SM005,Low,False,FM-Islamabad-0054 Traders,Islamabad,FMCG,500000,Reliable,0.0,2.0714285714285716,1.8750438591361565,411841.93566310307,4.666666666666667,0.025015859380840076,0.017698558717844946,1,"[{'factor': 'Late payment pattern (excluding Eid/Ramzan)', 'direction': 'reduces_risk', 'weight': -0.949}, {'factor': 'Inconsistent / unpredictable payment timing', 'direction': 'reduces_risk', 'weight': -0.542}, {'factor': 'Inflation-adjusted credit exposure', 'direction': 'increases_risk', 'weight': 0.425}]",0.32145853033967053,813.0,GREEN (Reliable),Kamran Shahid
D0056,SM006,High,False,Ph-InteriorSindh-0056 Traders,Interior Sindh,Pharma,500000,Reliable,0.0625,1.3636363636363635,1.2344267996967353,342375.3823854336,0.2857142857142857,0.0383403242940286,0.0687998014453077,0,"[{'factor': 'Late payment pattern (excluding Eid/Ramzan)', 'direction': 'reduces_risk', 'weight': -1.063}, {'factor': 'Inconsistent / unpredictable payment timing', 'direction': 'reduces_risk', 'weight': -0.667}, {'factor': 'Inflation-adjusted credit exposure', 'direction': 'increases_risk', 'weight': 0.279}]",0.16743132474360958,862.0,GREEN (Reliable),Waqas Ahmed
D0057,SM008,Low,False,Te-Islamabad-0057 Traders,Islamabad,Textile,50000,Risky,0.2857142857142857,26.083333333333332,14.89327109165491,37347.101352015125,0.625,0.03984538867236814,0.01378466439299172,1,"[{'factor': 'Late payment pattern (excluding Eid/Ramzan)', 'direction': 'increases_risk', 'weight': 2.944}, {'factor': 'Inconsistent / unpredictable payment timing', 'direction': 'increases_risk', 'weight': 2.013}, {'factor': 'Inflation-adjusted credit exposure', 'direction': 'reduces_risk', 'weight': -0.36}]",0.9461449228806543,605.0,AMBER (Moderate),Rizwan Malik
D0058,SM002,Medium,False,FM-Karachi-0058 Traders,Karachi,FMCG,350000,Risky,0.0,26.2,13.26698546112893,169916.22242070443,-0.17647058823529413,0.038414778032425094,0.052106245899751005,1,"[{'factor': 'Late payment pattern (excluding Eid/Ramzan)', 'direction': 'increases_risk', 'weight': 2.963}, {'factor': 'Inconsistent / unpredictable payment timing', 'direction': 'increases_risk', 'weight': 1.694}, {'factor': ""Salesman's track record with similar dealers"", 'direction': 'increases_risk', 'weight': 0.091}]",0.9452744824503345,605.0,AMBER (Moderate),Aamir Sohail
D0059,SM001,Low,False,Te-Rawalpindi-0059 Traders,Rawalpindi,Textile,50000,Reliable,0.0,2.5454545454545454,1.9752253419585197,41860.99151545732,12.0,0.0706134128183214,0.017698558717844946,0,"[{'factor': 'Late payment pattern (excluding Eid/Ramzan)', 'direction': 'reduces_risk', 'weight': -0.872}, {'factor': 'Inconsistent / unpredictable payment timing', 'direction': 'reduces_risk', 'weight': -0.522}, {'factor': ""Salesman's track record with similar dealers"", 'direction': 'reduces_risk', 'weight': -0.513}]",0.1520867483704561,869.0,GREEN (Reliable),Tariq Mehmood
D0060,SM006,Low,True,FM-Lahore-0060 Traders,Lahore,FMCG,100000,Moderate,0.0,10.538461538461538,4.73990154609425,45557.39856805922,-0.2222222222222222,0.04057246715117146,0.017698558717844946,1,"[{'factor': 'Late payment pattern (excluding Eid/Ramzan)', 'direction': 'increases_risk', 'weight': 0.424}, {'factor': 'Inflation-adjusted credit exposure', 'direction': 'reduces_risk', 'weight': -0.343}, {'factor': ""Elevated risk in dealer's territory"", 'direction': 'increases_risk', 'weight': 0.135}]",0.44725839600832745,782.0,GREEN (Reliable),Waqas Ahmed
D0061,SM005,Medium,False,Te-Karachi-0061 Traders,Karachi,Textile,350000,Reliable,0.0,1.8666666666666667,1.7226756328550041,168903.7264529956,-0.05,0.025015859380840076,0.052106245899751005,1,"[{'factor': 'Late payment pattern (excluding Eid/Ramzan)', 'direction': 'reduces_risk', 'weight': -0.982}, {'factor': 'Inconsistent / unpredictable payment timing', 'direction': 'reduces_risk', 'weight': -0.572}, {'factor': ""Salesman's track record with similar dealers"", 'direction': 'increases_risk', 'weight': 0.342}]",0.19301287251465898,852.0,GREEN (Reliable),Kamran Shahid
D0062,SM003,Low,False,FM-Lahore-0062 Traders,Lahore,FMCG,100000,Reliable,0.0,1.6666666666666667,1.69085018821135,65278.11762483594,0.16666666666666666,0.05087287953630459,0.017698558717844946,0,"[{'factor': 'Late payment pattern (excluding Eid/Ramzan)', 'direction': 'reduces_risk', 'weight': -1.014}, {'factor': 'Inconsistent / unpredictable payment timing', 'direction': 'reduces_risk', 'weight': -0.578}, {'factor': 'Inflation-adjusted credit exposure', 'direction': 'reduces_risk', 'weight': -0.302}]",0.1357207626145844,877.0,GREEN (Reliable),Bilal Aslam
D0063,SM004,Medium,False,FM-Karachi-0063 Traders,Karachi,FMCG,500000,Reliable,0.0,1.4545454545454546,1.713446070320696,308123.8791176758,-0.7,0.05773677530256478,0.052106245899751005,0,"[{'factor': 'Late payment pattern (excluding Eid/Ramzan)', 'direction': 'reduces_risk', 'weight': -1.049}, {'factor': 'Inconsistent / unpredictable payment timing', 'direction': 'reduces_risk', 'weight': -0.573}, {'factor': ""Salesman's track record with similar dealers"", 'direction': 'reduces_risk', 'weight': -0.272}]",0.147710777296635,871.0,GREEN (Reliable),Nasir Iqbal
D0064,SM002,Medium,False,FM-Gujranwala-0064 Traders,Gujranwala,FMCG,350000,Moderate,0.1111111111111111,9.142857142857142,4.882549100038393,288289.3549641721,7.0,0.03397033358798065,0.05104804484154995,1,"[{'factor': 'Late payment pattern (excluding Eid/Ramzan)', 'direction': 'increases_risk', 'weight': 0.198}, {'factor': 'Declining order activity', 'direction': 'increases_risk', 'weight': 0.179}, {'factor': ""Salesman's track record with similar dealers"", 'direction': 'increases_risk', 'weight': 0.174}]",0.5189844398536965,766.0,GREEN (Reliable),Aamir Sohail
D0065,SM006,Medium,False,Te-Karachi-0065 Traders,Karachi,Textile,750000,Reliable,0.0,2.5,1.855921454276674,643806.1947667866,9.0,0.04057246715117146,0.052106245899751005,1,"[{'factor': 'Inflation-adjusted credit exposure', 'direction': 'increases_risk', 'weight': 0.911}, {'factor': 'Late payment pattern (excluding Eid/Ramzan)', 'direction': 'reduces_risk', 'weight': -0.879}, {'factor': 'Inconsistent / unpredictable payment timing', 'direction': 'reduces_risk', 'weight': -0.545}]",0.3573934309457899,804.0,GREEN (Reliable),Waqas Ahmed
D0066,SM001,Low,False,Ph-Islamabad-0066 Traders,Islamabad,Pharma,50000,Moderate,0.125,8.909090909090908,7.399138649008596,35545.45700945386,-0.4,0.06540507948498807,0.01598622995072166,0,"[{'factor': 'Inconsistent / unpredictable payment timing', 'direction': 'increases_risk', 'weight': 0.542}, {'factor': ""Salesman's track record with similar dealers"", 'direction': 'reduces_risk', 'weight': -0.415}, {'factor': 'Inflation-adjusted credit exposure', 'direction': 'reduces_risk', 'weight': -0.364}]",0.38836864397339493,796.0,GREEN (Reliable),Tariq Mehmood
D0067,SM006,Low,False,FM-Lahore-0067 Traders,Lahore,FMCG,50000,Reliable,0.0,1.3448275862068966,2.033805211017918,36504.49779976815,0.26666666666666666,0.04057246715117146,0.017698558717844946,0,"[{'factor': 'Late payment pattern (excluding Eid/Ramzan)', 'direction': 'reduces_risk', 'weight': -1.067}, {'factor': 'Inconsistent / unpredictable payment timing', 'direction': 'reduces_risk', 'weight': -0.511}, {'factor': 'Inflation-adjusted credit exposure', 'direction': 'reduces_risk', 'weight': -0.362}]",0.1506521962129251,870.0,GREEN (Reliable),Waqas Ahmed
D0068,SM003,Low,False,Ph-Rawalpindi-0068 Traders,Rawalpindi,Pharma,750000,Reliable,0.0,1.3333333333333333,1.2485285456935955,570031.7333599847,0.5714285714285714,0.05087287953630459,0.017698558717844946,1,"[{'factor': 'Late payment pattern (excluding Eid/Ramzan)', 'direction': 'reduces_risk', 'weight': -1.068}, {'factor': 'Inflation-adjusted credit exposure', 'direction': 'increases_risk', 'weight': 0.756}, {'factor': 'Inconsistent / unpredictable payment timing', 'direction': 'reduces_risk', 'weight': -0.665}]",0.23765070621100418,837.0,GREEN (Reliable),Bilal Aslam
D0069,SM002,Medium,False,FM-InteriorPunjab-0069 Traders,Interior Punjab,FMCG,50000,Risky,0.06666666666666667,31.76923076923077,14.29612258198428,25214.731104168608,-0.3333333333333333,0.03574811136575842,0.05147132526483037,1,"[{'factor': 'Late payment pattern (excluding Eid/Ramzan)', 'direction': 'increases_risk', 'weight': 3.866}, {'factor': 'Inconsistent / unpredictable payment timing', 'direction': 'increases_risk', 'weight': 1.896}, {'factor': 'Inflation-adjusted credit exposure', 'direction': 'reduces_risk', 'weight': -0.386}]",0.9667535878307698,575.0,RED (High Risk),Aamir Sohail
D0070,SM003,Medium,True,Te-Karachi-0070 Traders,Karachi,Textile,350000,Risky,0.21212121212121213,28.41176470588235,15.47648340100355,230718.82616729272,-0.5652173913043478,0.04380217246559751,0.050086043879548986,1,"[{'factor': 'Late payment pattern (excluding Eid/Ramzan)', 'direction': 'increases_risk', 'weight': 3.322}, {'factor': 'Inconsistent / unpredictable payment timing', 'direction': 'increases_risk', 'weight': 2.128}, {'factor': 'Cheque bounce history', 'direction': 'reduces_risk', 'weight': -0.22}]",0.9652832965170713,578.0,RED (High Risk),Bilal Aslam
D0071,SM005,Medium,False,FM-InteriorPunjab-0071 Traders,Interior Punjab,FMCG,350000,Moderate,0.05555555555555555,11.916666666666666,8.544434032817882,208655.35892603433,-0.6153846153846154,0.023223744685499575,0.05157714537065047,0,"[{'factor': 'Inconsistent / unpredictable payment timing', 'direction': 'increases_risk', 'weight': 0.767}, {'factor': 'Late payment pattern (excluding Eid/Ramzan)', 'direction': 'increases_risk', 'weight': 0.648}, {'factor': ""Salesman's track record with similar dealers"", 'direction': 'increases_risk', 'weight': 0.376}]",0.6972272495638412,722.0,GREEN (Reliable),Kamran Shahid
D0072,SM006,Low,False,Te-Lahore-0072 Traders,Lahore,Textile,500000,Reliable,0.05555555555555555,2.48,1.8473375358822495,372255.48995888734,0.7692307692307693,0.038588340167044474,0.016937523710234596,0,"[{'factor': 'Late payment pattern (excluding Eid/Ramzan)', 'direction': 'reduces_risk', 'weight': -0.882}, {'factor': 'Inconsistent / unpredictable payment timing', 'direction': 'reduces_risk', 'weight': -0.547}, {'factor': 'Inflation-adjusted credit exposure', 'direction': 'increases_risk', 'weight': 0.342}]",0.24867933965634065,834.0,GREEN (Reliable),Waqas Ahmed
D0073,SM003,Medium,False,FM-Karachi-0073 Traders,Karachi,FMCG,500000,Risky,0.1,33.857142857142854,13.169830843425606,308123.8791176758,0.0,0.04753954620297125,0.05115386494737006,1,"[{'factor': 'Late payment pattern (excluding Eid/Ramzan)', 'direction': 'increases_risk', 'weight': 4.205}, {'factor': 'Inconsistent / unpredictable payment timing', 'direction': 'increases_risk', 'weight': 1.675}, {'factor': 'Inflation-adjusted credit exposure', 'direction': 'increases_risk', 'weight': 0.207}]",0.9766209161246623,555.0,RED (High Risk),Bilal Aslam
D0074,SM008,Low,False,FM-Islamabad-0074 Traders,Islamabad,FMCG,50000,Reliable,0.0,2.090909090909091,1.5782614139961386,37003.729573839875,0.75,0.0485033973303768,0.017698558717844946,0,"[{'factor': 'Late payment pattern (excluding Eid/Ramzan)', 'direction': 'reduces_risk', 'weight': -0.946}, {'factor': 'Inconsistent / unpredictable payment timing', 'direction': 'reduces_risk', 'weight': -0.6}, {'factor': 'Inflation-adjusted credit exposure', 'direction': 'reduces_risk', 'weight': -0.361}]",0.1398686030105391,875.0,GREEN (Reliable),Rizwan Malik
D0075,SM004,Medium,False,Te-InteriorPunjab-0075 Traders,Interior Punjab,Textile,200000,Reliable,0.0,1.5625,1.8128843613430887,100804.13971660784,0.1111111111111111,0.05773677530256478,0.052106245899751005,0,"[{'factor': 'Late payment pattern (excluding Eid/Ramzan)', 'direction': 'reduces_risk', 'weight': -1.031}, {'factor': 'Inconsistent / unpredictable payment timing', 'direction': 'reduces_risk', 'weight': -0.554}, {'factor': ""Salesman's track record with similar dealers"", 'direction': 'reduces_risk', 'weight': -0.272}]",0.11619666895972032,887.0,GREEN (Reliable),Nasir Iqbal
D0076,SM007,Medium,True,Te-Karachi-0076 Traders,Karachi,Textile,750000,Reliable,0.0,1.3333333333333333,2.0579830217101063,344663.75665776886,-0.2,0.031461751367213554,0.052106245899751005,0,"[{'factor': 'Late payment pattern (excluding Eid/Ramzan)', 'direction': 'reduces_risk', 'weight': -1.068}, {'factor': 'Inconsistent / unpredictable payment timing', 'direction': 'reduces_risk', 'weight': -0.506}, {'factor': 'Inflation-adjusted credit exposure', 'direction': 'increases_risk', 'weight': 0.284}]",0.22040541829466784,843.0,GREEN (Reliable),Imran Yousaf
D0077,SM008,Medium,False,FM-Multan-0077 Traders,Multan,FMCG,100000,Moderate,0.0,12.105263157894736,5.780914489249587,54385.54007489618,-0.35714285714285715,0.0485033973303768,0.052106245899751005,1,"[{'factor': 'Late payment pattern (excluding Eid/Ramzan)', 'direction': 'increases_risk', 'weight': 0.678}, {'factor': 'Inflation-adjusted credit exposure', 'direction': 'reduces_risk', 'weight': -0.324}, {'factor': 'Inconsistent / unpredictable payment timing', 'direction': 'increases_risk', 'weight': 0.225}]",0.4747523426490755,776.0,GREEN (Reliable),Rizwan Malik
D0078,SM007,Low,False,Ph-Rawalpindi-0078 Traders,Rawalpindi,Pharma,350000,Reliable,0.0,1.0625,1.5949481650269413,200650.42167993326,-0.5384615384615384,0.031461751367213554,0.017698558717844946,0,"[{'factor': 'Late payment pattern (excluding Eid/Ramzan)', 'direction': 'reduces_risk', 'weight': -1.112}, {'factor': 'Inconsistent / unpredictable payment timing', 'direction': 'reduces_risk', 'weight': -0.597}, {'factor': ""Salesman's track record with similar dealers"", 'direction': 'increases_risk', 'weight': 0.221}]",0.1872357640568692,855.0,GREEN (Reliable),Imran Yousaf
D0079,SM008,Medium,False,FM-InteriorPunjab-0079 Traders,Interior Punjab,FMCG,750000,Reliable,0.0,1.8,1.970368732287556,407227.23412567214,0.0,0.0485033973303768,0.052106245899751005,1,"[{'factor': 'Late payment pattern (excluding Eid/Ramzan)', 'direction': 'reduces_risk', 'weight': -0.993}, {'factor': 'Inconsistent / unpredictable payment timing', 'direction': 'reduces_risk', 'weight': -0.523}, {'factor': 'Inflation-adjusted credit exposure', 'direction': 'increases_risk', 'weight': 0.415}]",0.20314832105196684,849.0,GREEN (Reliable),Rizwan Malik
D0080,SM008,Low,True,Ph-Rawalpindi-0080 Traders,Rawalpindi,Pharma,200000,Risky,0.05555555555555555,37.642857142857146,15.568161325565185,121454.69232701804,-0.36363636363636365,0.046819895646875116,0.016937523710234596,1,"[{'factor': 'Late payment pattern (excluding Eid/Ramzan)', 'direction': 'increases_risk', 'weight': 4.819}, {'factor': 'Inconsistent / unpredictable payment timing', 'direction': 'increases_risk', 'weight': 2.146}, {'factor': 'Inflation-adjusted credit exposure', 'direction': 'reduces_risk', 'weight': -0.184}]",0.9869700814297018,520.0,RED (High Risk),Rizwan Malik
D0081,SM003,High,True,Ph-Peshawar-0081 Traders,Peshawar,Pharma,350000,Reliable,0.0,1.5,2.1054093516491506,217333.61514186615,-0.1,0.05087287953630459,0.0704023655478718,0,"[{'factor': 'Late payment pattern (excluding Eid/Ramzan)', 'direction': 'reduces_risk', 'weight': -1.041}, {'factor': 'Inconsistent / unpredictable payment timing', 'direction': 'reduces_risk', 'weight': -0.497}, {'factor': ""Elevated risk in dealer's territory"", 'direction': 'reduces_risk', 'weight': -0.145}]",0.14352226008276392,873.0,GREEN (Reliable),Bilal Aslam
D0082,SM003,Low,False,Te-Islamabad-0082 Traders,Islamabad,Textile,350000,Reliable,0.0,1.3333333333333333,0.9962049198956218,293664.47334475187,12.0,0.05087287953630459,0.017698558717844946,0,"[{'factor': 'Late payment pattern (excluding Eid/Ramzan)', 'direction': 'reduces_risk', 'weight': -1.068}, {'factor': 'Inconsistent / unpredictable payment timing', 'direction': 'reduces_risk', 'weight': -0.714}, {'factor': 'Declining order activity', 'direction': 'increases_risk', 'weight': 0.353}]",0.20698404227250045,847.0,GREEN (Reliable),Bilal Aslam
D0083,SM007,Medium,False,Ph-Gujranwala-0083 Traders,Gujranwala,Pharma,350000,Risky,0.2,34.0,15.500597360054176,187985.4772592712,-0.15789473684210525,0.021937941843404026,0.050201483994989096,1,"[{'factor': 'Late payment pattern (excluding Eid/Ramzan)', 'direction': 'increases_risk', 'weight': 4.228}, {'factor': 'Inconsistent / unpredictable payment timing', 'direction': 'increases_risk', 'weight': 2.132}, {'factor': ""Salesman's track record with similar dealers"", 'direction': 'increases_risk', 'weight': 0.4}]",0.9847661171636656,529.0,RED (High Risk),Imran Yousaf
D0084,SM003,Low,False,FM-Lahore-0084 Traders,Lahore,FMCG,750000,Reliable,0.0625,1.6153846153846154,1.5675276256394517,361739.9594496362,-0.6666666666666666,0.048789546202971254,0.016842394334283303,0,"[{'factor': 'Late payment pattern (excluding Eid/Ramzan)', 'direction': 'reduces_risk', 'weight': -1.023}, {'factor': 'Inconsistent / unpredictable payment timing', 'direction': 'reduces_risk', 'weight': -0.602}, {'factor': 'Inflation-adjusted credit exposure', 'direction': 'increases_risk', 'weight': 0.32}]",0.19003403756830237,854.0,GREEN (Reliable),Bilal Aslam
D0085,SM002,Medium,False,Te-Faisalabad-0085 Traders,Faisalabad,Textile,750000,Reliable,0.0,1.9583333333333333,1.7525491637693282,362724.0146673937,-0.47368421052631576,0.038414778032425094,0.052106245899751005,0,"[{'factor': 'Late payment pattern (excluding Eid/Ramzan)', 'direction': 'reduces_risk', 'weight': -0.967}, {'factor': 'Inconsistent / unpredictable payment timing', 'direction': 'reduces_risk', 'weight': -0.566}, {'factor': 'Inflation-adjusted credit exposure', 'direction': 'increases_risk', 'weight': 0.322}]",0.21092764756582807,846.0,GREEN (Reliable),Aamir Sohail
D0086,SM002,High,False,FM-InteriorSindh-0086 Traders,Interior Sindh,FMCG,100000,Risky,0.0625,28.916666666666668,13.442292888314777,47788.54636975781,-0.5454545454545454,0.03591477803242509,0.0687998014453077,1,"[{'factor': 'Late payment pattern (excluding Eid/Ramzan)', 'direction': 'increases_risk', 'weight': 3.404}, {'factor': 'Inconsistent / unpredictable payment timing', 'direction': 'increases_risk', 'weight': 1.728}, {'factor': 'Inflation-adjusted credit exposure', 'direction': 'reduces_risk', 'weight': -0.338}]",0.9481271190551448,602.0,AMBER (Moderate),Aamir Sohail
D0087,SM007,Medium,False,Te-Faisalabad-0087 Traders,Faisalabad,Textile,500000,Reliable,0.0,2.347826086956522,2.1530136971918146,408055.4330255124,5.25,0.031461751367213554,0.052106245899751005,0,"[{'factor': 'Late payment pattern (excluding Eid/Ramzan)', 'direction': 'reduces_risk', 'weight': -0.904}, {'factor': 'Inconsistent / unpredictable payment timing', 'direction': 'reduces_risk', 'weight': -0.487}, {'factor': 'Inflation-adjusted credit exposure', 'direction': 'increases_risk', 'weight': 0.417}]",0.2915323556548392,821.0,GREEN (Reliable),Imran Yousaf
D0088,SM007,Medium,True,Te-Karachi-0088 Traders,Karachi,Textile,50000,Moderate,0.0625,9.304347826086957,5.124204451850825,24712.89608716608,-0.2222222222222222,0.028485560891023075,0.05151100780451291,1,"[{'factor': 'Inflation-adjusted credit exposure', 'direction': 'reduces_risk', 'weight': -0.387}, {'factor': ""Salesman's track record with similar dealers"", 'direction': 'increases_risk', 'weight': 0.277}, {'factor': 'Late payment pattern (excluding Eid/Ramzan)', 'direction': 'increases_risk', 'weight': 0.224}]",0.416158406114769,789.0,GREEN (Reliable),Imran Yousaf
D0089,SM002,Medium,False,FM-InteriorPunjab-0089 Traders,Interior Punjab,FMCG,50000,Reliable,0.0,1.2,1.0787197799411876,43815.78077421306,11.0,0.038414778032425094,0.052106245899751005,0,"[{'factor': 'Late payment pattern (excluding Eid/Ramzan)', 'direction': 'reduces_risk', 'weight': -1.09}, {'factor': 'Inconsistent / unpredictable payment timing', 'direction': 'reduces_risk', 'weight': -0.698}, {'factor': 'Inflation-adjusted credit exposure', 'direction': 'reduces_risk', 'weight': -0.347}]",0.15281901459674857,869.0,GREEN (Reliable),Aamir Sohail
D0090,SM001,Medium,False,FM-Karachi-0090 Traders,Karachi,FMCG,750000,Reliable,0.02702702702702703,1.103448275862069,1.5306394555404426,531157.8541578803,-0.05263157894736842,0.06948728669219527,0.05184884564235075,1,"[{'factor': 'Late payment pattern (excluding Eid/Ramzan)', 'direction': 'reduces_risk', 'weight': -1.106}, {'factor': 'Inflation-adjusted credit exposure', 'direction': 'increases_risk', 'weight': 0.675}, {'factor': 'Inconsistent / unpredictable payment timing', 'direction': 'reduces_risk', 'weight': -0.609}]",0.1622584410597723,865.0,GREEN (Reliable),Tariq Mehmood
D0091,SM004,Medium,False,Te-Karachi-0091 Traders,Karachi,Textile,50000,Reliable,0.0,2.217391304347826,1.5737428845483836,29727.040797932736,-0.3333333333333333,0.05773677530256478,0.052106245899751005,0,"[{'factor': 'Late payment pattern (excluding Eid/Ramzan)', 'direction': 'reduces_risk', 'weight': -0.925}, {'factor': 'Inconsistent / unpredictable payment timing', 'direction': 'reduces_risk', 'weight': -0.601}, {'factor': 'Inflation-adjusted credit exposure', 'direction': 'reduces_risk', 'weight': -0.376}]",0.10778253039452232,892.0,GREEN (Reliable),Nasir Iqbal
D0092,SM008,Medium,False,FM-Faisalabad-0092 Traders,Faisalabad,FMCG,350000,Reliable,0.0,1.5454545454545454,1.6563785025137654,173272.47446637752,-0.375,0.0485033973303768,0.052106245899751005,0,"[{'factor': 'Late payment pattern (excluding Eid/Ramzan)', 'direction': 'reduces_risk', 'weight': -1.034}, {'factor': 'Inconsistent / unpredictable payment timing', 'direction': 'reduces_risk', 'weight': -0.585}, {'factor': ""Salesman's track record with similar dealers"", 'direction': 'reduces_risk', 'weight': -0.098}]",0.13904304161473988,875.0,GREEN (Reliable),Rizwan Malik
D0093,SM003,Low,False,Te-Rawalpindi-0093 Traders,Rawalpindi,Textile,350000,Reliable,0.0,1.25,1.127493605332358,296711.7475687848,18.0,0.05087287953630459,0.017698558717844946,0,"[{'factor': 'Late payment pattern (excluding Eid/Ramzan)', 'direction': 'reduces_risk', 'weight': -1.082}, {'factor': 'Inconsistent / unpredictable payment timing', 'direction': 'reduces_risk', 'weight': -0.688}, {'factor': 'Declining order activity', 'direction': 'increases_risk', 'weight': 0.561}]",0.23770995717516902,837.0,GREEN (Reliable),Bilal Aslam
D0094,SM005,Low,False,Ph-Islamabad-0094 Traders,Islamabad,Pharma,100000,Reliable,0.0,1.4482758620689655,1.5387877916944455,56739.91762987315,-0.3181818181818182,0.025015859380840076,0.017698558717844946,1,"[{'factor': 'Late payment pattern (excluding Eid/Ramzan)', 'direction': 'reduces_risk', 'weight': -1.05}, {'factor': 'Inconsistent / unpredictable payment timing', 'direction': 'reduces_risk', 'weight': -0.608}, {'factor': ""Salesman's track record with similar dealers"", 'direction': 'increases_risk', 'weight': 0.342}]",0.17402011060718334,860.0,GREEN (Reliable),Kamran Shahid
D0095,SM005,Medium,True,Ph-Gujranwala-0095 Traders,Gujranwala,Pharma,500000,Risky,0.23076923076923078,34.0,16.953858951086428,294697.357871263,-0.14285714285714285,0.01757169064634876,0.04990844370194881,1,"[{'factor': 'Late payment pattern (excluding Eid/Ramzan)', 'direction': 'increases_risk', 'weight': 4.228}, {'factor': 'Inconsistent / unpredictable payment timing', 'direction': 'increases_risk', 'weight': 2.417}, {'factor': ""Salesman's track record with similar dealers"", 'direction': 'increases_risk', 'weight': 0.482}]",0.989863211296524,506.0,RED (High Risk),Kamran Shahid
D0096,SM001,Low,False,FM-Lahore-0096 Traders,Lahore,FMCG,200000,Reliable,0.0,2.3214285714285716,1.891203014315154,126231.51653460081,-0.5217391304347826,0.0706134128183214,0.017698558717844946,0,"[{'factor': 'Late payment pattern (excluding Eid/Ramzan)', 'direction': 'reduces_risk', 'weight': -0.908}, {'factor': 'Inconsistent / unpredictable payment timing', 'direction': 'reduces_risk', 'weight': -0.539}, {'factor': ""Salesman's track record with similar dealers"", 'direction': 'reduces_risk', 'weight': -0.513}]",0.12600619099582427,882.0,GREEN (Reliable),Tariq Mehmood
D0097,SM001,Low,False,FM-Islamabad-0097 Traders,Islamabad,FMCG,350000,Reliable,0.0,2.25,2.574643252722186,159884.65543155992,-0.2857142857142857,0.0706134128183214,0.017698558717844946,0,"[{'factor': 'Late payment pattern (excluding Eid/Ramzan)', 'direction': 'reduces_risk', 'weight': -0.92}, {'factor': ""Salesman's track record with similar dealers"", 'direction': 'reduces_risk', 'weight': -0.513}, {'factor': 'Inconsistent / unpredictable payment timing', 'direction': 'reduces_risk', 'weight': -0.404}]",0.1448227623038063,872.0,GREEN (Reliable),Tariq Mehmood
D0098,SM003,Low,False,Te-Islamabad-0098 Traders,Islamabad,Textile,200000,Moderate,0.0,12.0,3.642695536169715,101023.45722685373,-0.375,0.05087287953630459,0.017698558717844946,1,"[{'factor': 'Late payment pattern (excluding Eid/Ramzan)', 'direction': 'increases_risk', 'weight': 0.661}, {'factor': 'Inflation-adjusted credit exposure', 'direction': 'reduces_risk', 'weight': -0.227}, {'factor': 'Inconsistent / unpredictable payment timing', 'direction': 'reduces_risk', 'weight': -0.195}]",0.4294379142318145,786.0,GREEN (Reliable),Bilal Aslam
D0099,SM006,Medium,False,FM-Karachi-0099 Traders,Karachi,FMCG,350000,Risky,0.0,33.42857142857143,10.039208847599213,277832.4695436331,0.6666666666666666,0.04057246715117146,0.052106245899751005,1,"[{'factor': 'Late payment pattern (excluding Eid/Ramzan)', 'direction': 'increases_risk', 'weight': 4.135}, {'factor': 'Inconsistent / unpredictable payment timing', 'direction': 'increases_risk', 'weight': 1.06}, {'factor': 'Inflation-adjusted credit exposure', 'direction': 'increases_risk', 'weight': 0.144}]",0.9658850461534942,577.0,RED (High Risk),Waqas Ahmed
D0100,SM005,Low,True,Ph-Lahore-0100 Traders,Lahore,Pharma,750000,Moderate,0.0,9.157894736842104,5.683332169622374,365891.01647521165,-0.25,0.025015859380840076,0.017698558717844946,1,"[{'factor': ""Salesman's track record with similar dealers"", 'direction': 'increases_risk', 'weight': 0.342}, {'factor': 'Inflation-adjusted credit exposure', 'direction': 'increases_risk', 'weight': 0.328}, {'factor': 'Inconsistent / unpredictable payment timing', 'direction': 'increases_risk', 'weight': 0.206}]",0.6186342594958619,742.0,GREEN (Reliable),Kamran Shahid
D0101,SM002,Medium,False,Ph-InteriorPunjab-0101 Traders,Interior Punjab,Pharma,500000,Reliable,0.0,1.9090909090909092,1.5985190514644287,310307.9479237749,-0.3333333333333333,0.038414778032425094,0.052106245899751005,0,"[{'factor': 'Late payment pattern (excluding Eid/Ramzan)', 'direction': 'reduces_risk', 'weight': -0.975}, {'factor': 'Inconsistent / unpredictable payment timing', 'direction': 'reduces_risk', 'weight': -0.596}, {'factor': 'Inflation-adjusted credit exposure', 'direction': 'increases_risk', 'weight': 0.212}]",0.19332454663644116,852.0,GREEN (Reliable),Aamir Sohail
D0102,SM006,Medium,False,Te-Karachi-0102 Traders,Karachi,Textile,50000,Reliable,0.0,2.0,1.8973665961010278,31643.72725413453,0.0,0.04057246715117146,0.052106245899751005,0,"[{'factor': 'Late payment pattern (excluding Eid/Ramzan)', 'direction': 'reduces_risk', 'weight': -0.96}, {'factor': 'Inconsistent / unpredictable payment timing', 'direction': 'reduces_risk', 'weight': -0.537}, {'factor': 'Inflation-adjusted credit exposure', 'direction': 'reduces_risk', 'weight': -0.372}]",0.1384797810137434,875.0,GREEN (Reliable),Waqas Ahmed
D0103,SM004,Medium,False,Te-Faisalabad-0103 Traders,Faisalabad,Textile,100000,Risky,0.11538461538461539,31.6875,14.96861010707238,81433.91250302734,3.2,0.051967544533334006,0.05100734480084991,1,"[{'factor': 'Late payment pattern (excluding Eid/Ramzan)', 'direction': 'increases_risk', 'weight': 3.853}, {'factor': 'Inconsistent / unpredictable payment timing', 'direction': 'increases_risk', 'weight': 2.028}, {'factor': 'Inflation-adjusted credit exposure', 'direction': 'reduces_risk', 'weight': -0.268}]",0.9681385849769306,573.0,RED (High Risk),Nasir Iqbal
D0104,SM004,Medium,False,Te-Karachi-0104 Traders,Karachi,Textile,350000,Risky,0.2857142857142857,25.4,13.24009063413087,220785.16234659168,-0.25,0.04345106101685049,0.049385157464376855,1,"[{'factor': 'Late payment pattern (excluding Eid/Ramzan)', 'direction': 'increases_risk', 'weight': 2.834}, {'factor': 'Inconsistent / unpredictable payment timing', 'direction': 'increases_risk', 'weight': 1.689}, {'factor': 'Cheque bounce history', 'direction': 'reduces_risk', 'weight': -0.315}]",0.932398574275885,618.0,AMBER (Moderate),Nasir Iqbal
D0105,SM004,High,False,FM-Peshawar-0105 Traders,Peshawar,FMCG,500000,Reliable,0.02631578947368421,2.064516129032258,1.674755147717064,262491.7977021897,-0.48,0.05642098582888057,0.06972760171521324,0,"[{'factor': 'Late payment pattern (excluding Eid/Ramzan)', 'direction': 'reduces_risk', 'weight': -0.95}, {'factor': 'Inconsistent / unpredictable payment timing', 'direction': 'reduces_risk', 'weight': -0.581}, {'factor': ""Salesman's track record with similar dealers"", 'direction': 'reduces_risk', 'weight': -0.247}]",0.1385280301283489,875.0,GREEN (Reliable),Nasir Iqbal
D0106,SM004,Low,False,FM-Lahore-0106 Traders,Lahore,FMCG,750000,Reliable,0.0,1.3529411764705883,1.4342743312012722,627573.8010005387,21.0,0.05773677530256478,0.017698558717844946,0,"[{'factor': 'Late payment pattern (excluding Eid/Ramzan)', 'direction': 'reduces_risk', 'weight': -1.065}, {'factor': 'Inflation-adjusted credit exposure', 'direction': 'increases_risk', 'weight': 0.877}, {'factor': 'Declining order activity', 'direction': 'increases_risk', 'weight': 0.665}]",0.35171380184868706,805.0,GREEN (Reliable),Nasir Iqbal
D0107,SM002,Medium,False,Ph-Karachi-0107 Traders,Karachi,Pharma,100000,Moderate,0.07142857142857142,9.416666666666666,3.9903730305670577,88589.00969810043,14.0,0.03555763517528224,0.05142597379090747,0,"[{'factor': 'Declining order activity', 'direction': 'increases_risk', 'weight': 0.422}, {'factor': 'Inflation-adjusted credit exposure', 'direction': 'reduces_risk', 'weight': -0.253}, {'factor': 'Late payment pattern (excluding Eid/Ramzan)', 'direction': 'increases_risk', 'weight': 0.242}]",0.4636686074699141,778.0,GREEN (Reliable),Aamir Sohail
D0108,SM007,Low,False,Ph-Lahore-0108 Traders,Lahore,Pharma,350000,Reliable,0.03125,2.217391304347826,1.827507851210648,198374.02978973888,-0.11764705882352941,0.029973656129118315,0.017270476526064123,0,"[{'factor': 'Late payment pattern (excluding Eid/Ramzan)', 'direction': 'reduces_risk', 'weight': -0.925}, {'factor': 'Inconsistent / unpredictable payment timing', 'direction': 'reduces_risk', 'weight': -0.551}, {'factor': ""Salesman's track record with similar dealers"", 'direction': 'increases_risk', 'weight': 0.249}]",0.2157377378873447,844.0,GREEN (Reliable),Imran Yousaf
D0109,SM003,High,False,Ph-InteriorSindh-0109 Traders,Interior Sindh,Pharma,50000,Moderate,0.0,8.928571428571429,6.263808275933025,39668.79372728553,2.25,0.05087287953630459,0.0704023655478718,1,"[{'factor': 'Inflation-adjusted credit exposure', 'direction': 'reduces_risk', 'weight': -0.355}, {'factor': 'Inconsistent / unpredictable payment timing', 'direction': 'increases_risk', 'weight': 0.32}, {'factor': 'Late payment pattern (excluding Eid/Ramzan)', 'direction': 'increases_risk', 'weight': 0.163}]",0.3893650640987274,796.0,GREEN (Reliable),Bilal Aslam
D0110,SM004,Low,False,FM-Islamabad-0110 Traders,Islamabad,FMCG,500000,Reliable,0.0,2.45,1.823001188516709,250508.67123604353,-0.07692307692307693,0.05773677530256478,0.017698558717844946,0,"[{'factor': 'Late payment pattern (excluding Eid/Ramzan)', 'direction': 'reduces_risk', 'weight': -0.887}, {'factor': 'Inconsistent / unpredictable payment timing', 'direction': 'reduces_risk', 'weight': -0.552}, {'factor': ""Salesman's track record with similar dealers"", 'direction': 'reduces_risk', 'weight': -0.272}]",0.17482785545088603,859.0,GREEN (Reliable),Nasir Iqbal
D0111,SM006,Medium,False,Ph-Gujranwala-0111 Traders,Gujranwala,Pharma,500000,Reliable,0.03125,1.68,1.5394455083302816,237389.90516957978,-0.3157894736842105,0.03945639572260003,0.05180862685213196,0,"[{'factor': 'Late payment pattern (excluding Eid/Ramzan)', 'direction': 'reduces_risk', 'weight': -1.012}, {'factor': 'Inconsistent / unpredictable payment timing', 'direction': 'reduces_risk', 'weight': -0.608}, {'factor': 'Declining order activity', 'direction': 'reduces_risk', 'weight': -0.075}]",0.16527086697292964,863.0,GREEN (Reliable),Waqas Ahmed
D0112,SM003,Medium,False,FM-Karachi-0112 Traders,Karachi,FMCG,350000,Reliable,0.0,1.1818181818181819,1.6620770138594663,211738.87104460178,-0.4,0.05087287953630459,0.052106245899751005,0,"[{'factor': 'Late payment pattern (excluding Eid/Ramzan)', 'direction': 'reduces_risk', 'weight': -1.093}, {'factor': 'Inconsistent / unpredictable payment timing', 'direction': 'reduces_risk', 'weight': -0.584}, {'factor': ""Salesman's track record with similar dealers"", 'direction': 'reduces_risk', 'weight': -0.143}]",0.13713668464101625,876.0,GREEN (Reliable),Bilal Aslam
D0113,SM008,Low,False,Ph-Lahore-0113 Traders,Lahore,Pharma,100000,Risky,0.1,33.857142857142854,10.333333333333332,83494.84876102595,8.0,0.04547309430007376,0.016328695704146315,1,"[{'factor': 'Late payment pattern (excluding Eid/Ramzan)', 'direction': 'increases_risk', 'weight': 4.205}, {'factor': 'Inconsistent / unpredictable payment timing', 'direction': 'increases_risk', 'weight': 1.118}, {'factor': 'Inflation-adjusted credit exposure', 'direction': 'reduces_risk', 'weight': -0.263}]",0.9666388936584764,576.0,RED (High Risk),Rizwan Malik
D0114,SM008,High,True,Te-InteriorSindh-0114 Traders,Interior Sindh,Textile,350000,Moderate,0.09090909090909091,10.307692307692308,4.807888255116191,159884.65543155992,-0.3076923076923077,0.04574857639373768,0.06807136321686946,1,"[{'factor': 'Late payment pattern (excluding Eid/Ramzan)', 'direction': 'increases_risk', 'weight': 0.387}, {'factor': ""Elevated risk in dealer's territory"", 'direction': 'reduces_risk', 'weight': -0.133}, {'factor': 'Inflation-adjusted credit exposure', 'direction': 'reduces_risk', 'weight': -0.103}]",0.3999400721003297,793.0,GREEN (Reliable),Rizwan Malik
D0115,SM008,Medium,False,Te-Karachi-0115 Traders,Karachi,Textile,50000,Reliable,0.0,1.2307692307692308,1.6605279103876789,26680.544075232527,-0.45454545454545453,0.0485033973303768,0.052106245899751005,0,"[{'factor': 'Late payment pattern (excluding Eid/Ramzan)', 'direction': 'reduces_risk', 'weight': -1.085}, {'factor': 'Inconsistent / unpredictable payment timing', 'direction': 'reduces_risk', 'weight': -0.584}, {'factor': 'Inflation-adjusted credit exposure', 'direction': 'reduces_risk', 'weight': -0.382}]",0.10993301097421052,891.0,GREEN (Reliable),Rizwan Malik
D0116,SM008,Medium,False,Ph-Faisalabad-0116 Traders,Faisalabad,Pharma,200000,Reliable,0.0,2.3636363636363638,2.134231724753677,172804.66451607973,14.0,0.0485033973303768,0.052106245899751005,0,"[{'factor': 'Late payment pattern (excluding Eid/Ramzan)', 'direction': 'reduces_risk', 'weight': -0.901}, {'factor': 'Inconsistent / unpredictable payment timing', 'direction': 'reduces_risk', 'weight': -0.491}, {'factor': 'Declining order activity', 'direction': 'increases_risk', 'weight': 0.422}]",0.21880805614131899,843.0,GREEN (Reliable),Rizwan Malik
D0117,SM004,Medium,False,Ph-Faisalabad-0117 Traders,Faisalabad,Pharma,50000,Reliable,0.0,1.4,1.3789543689024493,26050.27005336617,0.4,0.05773677530256478,0.052106245899751005,0,"[{'factor': 'Late payment pattern (excluding Eid/Ramzan)', 'direction': 'reduces_risk', 'weight': -1.058}, {'factor': 'Inconsistent / unpredictable payment timing', 'direction': 'reduces_risk', 'weight': -0.639}, {'factor': 'Inflation-adjusted credit exposure', 'direction': 'reduces_risk', 'weight': -0.384}]",0.09717650007374087,899.0,GREEN (Reliable),Nasir Iqbal
D0118,SM002,Medium,False,Ph-Karachi-0118 Traders,Karachi,Pharma,500000,Reliable,0.0,1.4814814814814814,1.953047346941169,236231.9112462332,0.5384615384615384,0.038414778032425094,0.052106245899751005,1,"[{'factor': 'Late payment pattern (excluding Eid/Ramzan)', 'direction': 'reduces_risk', 'weight': -1.044}, {'factor': 'Inconsistent / unpredictable payment timing', 'direction': 'reduces_risk', 'weight': -0.526}, {'factor': ""Salesman's track record with similar dealers"", 'direction': 'increases_risk', 'weight': 0.091}]",0.18021826466231367,857.0,GREEN (Reliable),Aamir Sohail
D0119,SM006,High,False,FM-Peshawar-0119 Traders,Peshawar,FMCG,200000,Risky,0.16666666666666666,31.666666666666668,13.736291868103061,119361.26811602627,0.25,0.034620086198790506,0.06612886127436753,1,"[{'factor': 'Late payment pattern (excluding Eid/Ramzan)', 'direction': 'increases_risk', 'weight': 3.85}, {'factor': 'Inconsistent / unpredictable payment timing', 'direction': 'increases_risk', 'weight': 1.786}, {'factor': 'Inflation-adjusted credit exposure', 'direction': 'reduces_risk', 'weight': -0.188}]",0.9665148306998074,576.0,RED (High Risk),Waqas Ahmed
D0120,SM008,Medium,False,Ph-Gujranwala-0120 Traders,Gujranwala,Pharma,350000,Reliable,0.0,1.0,1.2292725943057183,294943.70303657174,10.0,0.0485033973303768,0.052106245899751005,0,"[{'factor': 'Late payment pattern (excluding Eid/Ramzan)', 'direction': 'reduces_risk', 'weight': -1.122}, {'factor': 'Inconsistent / unpredictable payment timing', 'direction': 'reduces_risk', 'weight': -0.668}, {'factor': 'Declining order activity', 'direction': 'increases_risk', 'weight': 0.283}]",0.18270704061688697,856.0,GREEN (Reliable),Rizwan Malik
D0121,SM002,Medium,True,Ph-InteriorPunjab-0121 Traders,Interior Punjab,Pharma,500000,Moderate,0.0,10.0,4.933842623179526,268404.81004154985,-0.5,0.038414778032425094,0.052106245899751005,0,"[{'factor': 'Late payment pattern (excluding Eid/Ramzan)', 'direction': 'increases_risk', 'weight': 0.337}, {'factor': 'Inflation-adjusted credit exposure', 'direction': 'increases_risk', 'weight': 0.124}, {'factor': ""Salesman's track record with similar dealers"", 'direction': 'increases_risk', 'weight': 0.091}]",0.49677785713743716,771.0,GREEN (Reliable),Aamir Sohail
D0122,SM003,High,True,FM-Peshawar-0122 Traders,Peshawar,FMCG,500000,Moderate,0.0,10.0,5.202317038022824,270748.29567871697,-0.375,0.05087287953630459,0.0704023655478718,1,"[{'factor': 'Late payment pattern (excluding Eid/Ramzan)', 'direction': 'increases_risk', 'weight': 0.337}, {'factor': ""Elevated risk in dealer's territory"", 'direction': 'reduces_risk', 'weight': -0.145}, {'factor': ""Salesman's track record with similar dealers"", 'direction': 'reduces_risk', 'weight': -0.143}]",0.4473880942654061,782.0,GREEN (Reliable),Bilal Aslam
D0123,SM004,Medium,False,FM-Multan-0123 Traders,Multan,FMCG,750000,Reliable,0.0,2.1875,1.5893847208431549,536378.0219151729,0.25,0.05773677530256478,0.052106245899751005,0,"[{'factor': 'Late payment pattern (excluding Eid/Ramzan)', 'direction': 'reduces_risk', 'weight': -0.93}, {'factor': 'Inflation-adjusted credit exposure', 'direction': 'increases_risk', 'weight': 0.686}, {'factor': 'Inconsistent / unpredictable payment timing', 'direction': 'reduces_risk', 'weight': -0.598}]",0.21298351683658456,845.0,GREEN (Reliable),Nasir Iqbal
D0124,SM007,Medium,False,Te-Karachi-0124 Traders,Karachi,Textile,100000,Reliable,0.0,0.75,1.1821319289469756,65420.141893593805,-0.7,0.031461751367213554,0.052106245899751005,0,"[{'factor': 'Late payment pattern (excluding Eid/Ramzan)', 'direction': 'reduces_risk', 'weight': -1.163}, {'factor': 'Inconsistent / unpredictable payment timing', 'direction': 'reduces_risk', 'weight': -0.678}, {'factor': 'Inflation-adjusted credit exposure', 'direction': 'reduces_risk', 'weight': -0.301}]",0.12735426866157046,881.0,GREEN (Reliable),Imran Yousaf
D0125,SM005,High,True,Ph-InteriorSindh-0125 Traders,Interior Sindh,Pharma,500000,Risky,0.2,31.136363636363637,14.883058650109819,297917.1731412651,-0.42105263157894735,0.01856424647761427,0.06527416041966666,1,"[{'factor': 'Late payment pattern (excluding Eid/Ramzan)', 'direction': 'increases_risk', 'weight': 3.764}, {'factor': 'Inconsistent / unpredictable payment timing', 'direction': 'increases_risk', 'weight': 2.011}, {'factor': ""Salesman's track record with similar dealers"", 'direction': 'increases_risk', 'weight': 0.463}]",0.9805265701895987,544.0,RED (High Risk),Kamran Shahid
D0126,SM001,Low,False,Te-Lahore-0126 Traders,Lahore,Textile,350000,Reliable,0.05128205128205128,1.7741935483870968,1.7561560534542722,178431.56200765137,-0.375,0.06847666068156925,0.01699606486466616,0,"[{'factor': 'Late payment pattern (excluding Eid/Ramzan)', 'direction': 'reduces_risk', 'weight': -0.997}, {'factor': 'Inconsistent / unpredictable payment timing', 'direction': 'reduces_risk', 'weight': -0.565}, {'factor': ""Salesman's track record with similar dealers"", 'direction': 'reduces_risk', 'weight': -0.473}]",0.12575147368079534,882.0,GREEN (Reliable),Tariq Mehmood
D0127,SM007,Low,False,FM-Rawalpindi-0127 Traders,Rawalpindi,FMCG,500000,Reliable,0.0,2.7777777777777777,2.083070158815998,381469.24334379047,-0.2727272727272727,0.031461751367213554,0.017698558717844946,0,"[{'factor': 'Late payment pattern (excluding Eid/Ramzan)', 'direction': 'reduces_risk', 'weight': -0.834}, {'factor': 'Inconsistent / unpredictable payment timing', 'direction': 'reduces_risk', 'weight': -0.501}, {'factor': 'Inflation-adjusted credit exposure', 'direction': 'increases_risk', 'weight': 0.361}]",0.2892073972862416,822.0,GREEN (Reliable),Imran Yousaf
D0128,SM002,Low,False,Ph-Lahore-0128 Traders,Lahore,Pharma,200000,Reliable,0.0,2.1666666666666665,1.9364916731037085,133424.69252615972,-0.5,0.038414778032425094,0.017698558717844946,0,"[{'factor': 'Late payment pattern (excluding Eid/Ramzan)', 'direction': 'reduces_risk', 'weight': -0.933}, {'factor': 'Inconsistent / unpredictable payment timing', 'direction': 'reduces_risk', 'weight': -0.53}, {'factor': 'Inflation-adjusted credit exposure', 'direction': 'reduces_risk', 'weight': -0.159}]",0.18448158515899676,856.0,GREEN (Reliable),Aamir Sohail
D0129,SM005,Low,False,FM-Lahore-0129 Traders,Lahore,FMCG,100000,Reliable,0.0,2.1904761904761907,1.422722014672748,57923.57573348603,-0.5714285714285714,0.025015859380840076,0.017698558717844946,0,"[{'factor': 'Late payment pattern (excluding Eid/Ramzan)', 'direction': 'reduces_risk', 'weight': -0.929}, {'factor': 'Inconsistent / unpredictable payment timing', 'direction': 'reduces_risk', 'weight': -0.631}, {'factor': ""Salesman's track record with similar dealers"", 'direction': 'increases_risk', 'weight': 0.342}]",0.1834010600187938,856.0,GREEN (Reliable),Kamran Shahid
D0130,SM008,Medium,False,FM-Karachi-0130 Traders,Karachi,FMCG,100000,Moderate,0.2222222222222222,11.666666666666666,5.879747322073336,70437.29934266569,-0.2,0.04176939059637006,0.049989843783348885,1,"[{'factor': 'Late payment pattern (excluding Eid/Ramzan)', 'direction': 'increases_risk', 'weight': 0.607}, {'factor': 'Inflation-adjusted credit exposure', 'direction': 'reduces_risk', 'weight': -0.291}, {'factor': 'Inconsistent / unpredictable payment timing', 'direction': 'increases_risk', 'weight': 0.244}]",0.44958592367419364,782.0,GREEN (Reliable),Rizwan Malik
D0131,SM006,Low,False,FM-Rawalpindi-0131 Traders,Rawalpindi,FMCG,350000,Reliable,0.030303030303030304,1.375,1.3912166872805047,215803.93608425886,-0.5,0.03949021606892038,0.017283448713693847,0,"[{'factor': 'Late payment pattern (excluding Eid/Ramzan)', 'direction': 'reduces_risk', 'weight': -1.062}, {'factor': 'Inconsistent / unpredictable payment timing', 'direction': 'reduces_risk', 'weight': -0.637}, {'factor': ""Elevated risk in dealer's territory"", 'direction': 'increases_risk', 'weight': 0.137}]",0.17118804001257776,861.0,GREEN (Reliable),Waqas Ahmed
D0132,SM003,Low,False,Te-Rawalpindi-0132 Traders,Rawalpindi,Textile,350000,Reliable,0.027777777777777776,2.129032258064516,1.9415838635401934,246798.58772778057,0.25,0.04994695361037867,0.01731804121403977,0,"[{'factor': 'Late payment pattern (excluding Eid/Ramzan)', 'direction': 'reduces_risk', 'weight': -0.939}, {'factor': 'Inconsistent / unpredictable payment timing', 'direction': 'reduces_risk', 'weight': -0.529}, {'factor': ""Elevated risk in dealer's territory"", 'direction': 'increases_risk', 'weight': 0.137}]",0.18564668581761903,855.0,GREEN (Reliable),Bilal Aslam
D0133,SM007,Medium,False,Te-Gujranwala-0133 Traders,Gujranwala,Textile,50000,Reliable,0.0,1.8235294117647058,1.416279616889396,32674.545588131266,-0.7333333333333333,0.031461751367213554,0.052106245899751005,0,"[{'factor': 'Late payment pattern (excluding Eid/Ramzan)', 'direction': 'reduces_risk', 'weight': -0.989}, {'factor': 'Inconsistent / unpredictable payment timing', 'direction': 'reduces_risk', 'weight': -0.632}, {'factor': 'Inflation-adjusted credit exposure', 'direction': 'reduces_risk', 'weight': -0.37}]",0.14047236513236072,874.0,GREEN (Reliable),Imran Yousaf
D0134,SM008,High,False,FM-Peshawar-0134 Traders,Peshawar,FMCG,350000,Reliable,0.0,1.7619047619047619,1.786768122219737,211508.90824967079,0.0,0.0485033973303768,0.0704023655478718,0,"[{'factor': 'Late payment pattern (excluding Eid/Ramzan)', 'direction': 'reduces_risk', 'weight': -0.999}, {'factor': 'Inconsistent / unpredictable payment timing', 'direction': 'reduces_risk', 'weight': -0.559}, {'factor': ""Elevated risk in dealer's territory"", 'direction': 'reduces_risk', 'weight': -0.145}]",0.14433254129434195,873.0,GREEN (Reliable),Rizwan Malik
D0135,SM004,Low,False,Ph-Lahore-0135 Traders,Lahore,Pharma,500000,Reliable,0.0,1.8333333333333333,1.822518197617012,235847.169907159,-0.5454545454545454,0.05773677530256478,0.017698558717844946,0,"[{'factor': 'Late payment pattern (excluding Eid/Ramzan)', 'direction': 'reduces_risk', 'weight': -0.987}, {'factor': 'Inconsistent / unpredictable payment timing', 'direction': 'reduces_risk', 'weight': -0.552}, {'factor': ""Salesman's track record with similar dealers"", 'direction': 'reduces_risk', 'weight': -0.272}]",0.16008292552807465,866.0,GREEN (Reliable),Nasir Iqbal
D0136,SM005,Medium,False,Ph-Karachi-0136 Traders,Karachi,Pharma,500000,Reliable,0.0,2.357142857142857,1.6396358733271998,331934.6088071854,-0.8,0.025015859380840076,0.052106245899751005,0,"[{'factor': 'Late payment pattern (excluding Eid/Ramzan)', 'direction': 'reduces_risk', 'weight': -0.902}, {'factor': 'Inconsistent / unpredictable payment timing', 'direction': 'reduces_risk', 'weight': -0.588}, {'factor': ""Salesman's track record with similar dealers"", 'direction': 'increases_risk', 'weight': 0.342}]",0.24023177915971275,836.0,GREEN (Reliable),Kamran Shahid
D0137,SM004,High,False,Ph-InteriorSindh-0137 Traders,Interior Sindh,Pharma,500000,Risky,0.13333333333333333,15.076923076923077,10.641597142515296,367233.2456932309,-0.5,0.051070108635898115,0.06698356212906838,1,"[{'factor': 'Inconsistent / unpredictable payment timing', 'direction': 'increases_risk', 'weight': 1.179}, {'factor': 'Late payment pattern (excluding Eid/Ramzan)', 'direction': 'increases_risk', 'weight': 1.16}, {'factor': 'Inflation-adjusted credit exposure', 'direction': 'increases_risk', 'weight': 0.331}]",0.7748789470462956,699.0,AMBER (Moderate),Nasir Iqbal
D0138,SM003,Medium,False,Te-Faisalabad-0138 Traders,Faisalabad,Textile,100000,Reliable,0.0,1.5588235294117647,1.7201012243196958,51397.63136301566,0.5333333333333333,0.05087287953630459,0.052106245899751005,0,"[{'factor': 'Late payment pattern (excluding Eid/Ramzan)', 'direction': 'reduces_risk', 'weight': -1.032}, {'factor': 'Inconsistent / unpredictable payment timing', 'direction': 'reduces_risk', 'weight': -0.572}, {'factor': 'Inflation-adjusted credit exposure', 'direction': 'reduces_risk', 'weight': -0.331}]",0.11777755911018421,886.0,GREEN (Reliable),Bilal Aslam
D0139,SM008,Low,True,Te-Rawalpindi-0139 Traders,Rawalpindi,Textile,200000,Moderate,0.0,9.8,6.1539392052518265,111705.79843580147,-0.6666666666666666,0.0485033973303768,0.017698558717844946,0,"[{'factor': 'Late payment pattern (excluding Eid/Ramzan)', 'direction': 'increases_risk', 'weight': 0.304}, {'factor': 'Inconsistent / unpredictable payment timing', 'direction': 'increases_risk', 'weight': 0.298}, {'factor': 'Inflation-adjusted credit exposure', 'direction': 'reduces_risk', 'weight': -0.204}]",0.4754205277006305,776.0,GREEN (Reliable),Rizwan Malik
D0140,SM005,Low,False,Te-Lahore-0140 Traders,Lahore,Textile,750000,Reliable,0.0,1.7419354838709677,1.545023227719748,550849.8685398464,0.46153846153846156,0.025015859380840076,0.017698558717844946,1,"[{'factor': 'Late payment pattern (excluding Eid/Ramzan)', 'direction': 'reduces_risk', 'weight': -1.002}, {'factor': 'Inflation-adjusted credit exposure', 'direction': 'increases_risk', 'weight': 0.716}, {'factor': 'Inconsistent / unpredictable payment timing', 'direction': 'reduces_risk', 'weight': -0.607}]",0.3245705078911493,812.0,GREEN (Reliable),Kamran Shahid
D0141,SM008,Medium,False,Te-Karachi-0141 Traders,Karachi,Textile,50000,Reliable,0.0,1.619047619047619,1.756307314969503,28139.685102211697,-0.14285714285714285,0.0485033973303768,0.052106245899751005,0,"[{'factor': 'Late payment pattern (excluding Eid/Ramzan)', 'direction': 'reduces_risk', 'weight': -1.022}, {'factor': 'Inconsistent / unpredictable payment timing', 'direction': 'reduces_risk', 'weight': -0.565}, {'factor': 'Inflation-adjusted credit exposure', 'direction': 'reduces_risk', 'weight': -0.379}]",0.1171226092025367,886.0,GREEN (Reliable),Rizwan Malik
D0142,SM008,Low,False,FM-Rawalpindi-0142 Traders,Rawalpindi,FMCG,50000,Reliable,0.0,2.142857142857143,1.8257418583505538,32639.05881241797,0.0,0.0485033973303768,0.017698558717844946,0,"[{'factor': 'Late payment pattern (excluding Eid/Ramzan)', 'direction': 'reduces_risk', 'weight': -0.937}, {'factor': 'Inconsistent / unpredictable payment timing', 'direction': 'reduces_risk', 'weight': -0.551}, {'factor': 'Inflation-adjusted credit exposure', 'direction': 'reduces_risk', 'weight': -0.37}]",0.14243128609026462,874.0,GREEN (Reliable),Rizwan Malik
D0143,SM006,Medium,False,Te-Faisalabad-0143 Traders,Faisalabad,Textile,500000,Reliable,0.0,2.32,2.126635992632799,259654.85114560084,-0.2777777777777778,0.04057246715117146,0.052106245899751005,0,"[{'factor': 'Late payment pattern (excluding Eid/Ramzan)', 'direction': 'reduces_risk', 'weight': -0.908}, {'factor': 'Inconsistent / unpredictable payment timing', 'direction': 'reduces_risk', 'weight': -0.492}, {'factor': 'Inflation-adjusted credit exposure', 'direction': 'increases_risk', 'weight': 0.106}]",0.19731775023271075,851.0,GREEN (Reliable),Waqas Ahmed
D0144,SM005,High,False,Ph-InteriorSindh-0144 Traders,Interior Sindh,Pharma,500000,Reliable,0.0,2.0,1.5511559096637113,397335.0607818676,1.1111111111111112,0.025015859380840076,0.0704023655478718,0,"[{'factor': 'Late payment pattern (excluding Eid/Ramzan)', 'direction': 'reduces_risk', 'weight': -0.96}, {'factor': 'Inconsistent / unpredictable payment timing', 'direction': 'reduces_risk', 'weight': -0.605}, {'factor': 'Inflation-adjusted credit exposure', 'direction': 'increases_risk', 'weight': 0.394}]",0.24491016738054894,835.0,GREEN (Reliable),Kamran Shahid
D0145,SM005,Low,False,Ph-Lahore-0145 Traders,Lahore,Pharma,500000,Moderate,0.1,10.130434782608695,5.4207578238301135,324974.96701696375,-0.42105263157894735,0.021790052929227175,0.016328695704146315,1,"[{'factor': ""Salesman's track record with similar dealers"", 'direction': 'increases_risk', 'weight': 0.403}, {'factor': 'Late payment pattern (excluding Eid/Ramzan)', 'direction': 'increases_risk', 'weight': 0.358}, {'factor': 'Inflation-adjusted credit exposure', 'direction': 'increases_risk', 'weight': 0.243}]",0.6110395713759716,744.0,GREEN (Reliable),Kamran Shahid
D0146,SM003,Low,False,Ph-Rawalpindi-0146 Traders,Rawalpindi,Pharma,500000,Reliable,0.0,2.3333333333333335,2.0232168923292906,418837.419885144,14.0,0.05087287953630459,0.017698558717844946,1,"[{'factor': 'Late payment pattern (excluding Eid/Ramzan)', 'direction': 'reduces_risk', 'weight': -0.906}, {'factor': 'Inconsistent / unpredictable payment timing', 'direction': 'reduces_risk', 'weight': -0.513}, {'factor': 'Inflation-adjusted credit exposure', 'direction': 'increases_risk', 'weight': 0.439}]",0.3074517132092546,817.0,GREEN (Reliable),Bilal Aslam
D0147,SM004,Medium,False,Ph-Karachi-0147 Traders,Karachi,Pharma,500000,Reliable,0.07407407407407407,2.764705882352941,1.9731531449264992,344614.94530068384,0.07692307692307693,0.05403307159886108,0.051400778527616965,0,"[{'factor': 'Late payment pattern (excluding Eid/Ramzan)', 'direction': 'reduces_risk', 'weight': -0.836}, {'factor': 'Inconsistent / unpredictable payment timing', 'direction': 'reduces_risk', 'weight': -0.522}, {'factor': 'Inflation-adjusted credit exposure', 'direction': 'increases_risk', 'weight': 0.284}]",0.18470473351125863,856.0,GREEN (Reliable),Nasir Iqbal
D0148,SM005,Medium,False,FM-Gujranwala-0148 Traders,Gujranwala,FMCG,200000,Reliable,0.0,2.111111111111111,1.378954368902449,170288.143697056,12.0,0.025015859380840076,0.052106245899751005,0,"[{'factor': 'Late payment pattern (excluding Eid/Ramzan)', 'direction': 'reduces_risk', 'weight': -0.942}, {'factor': 'Inconsistent / unpredictable payment timing', 'direction': 'reduces_risk', 'weight': -0.639}, {'factor': 'Declining order activity', 'direction': 'increases_risk', 'weight': 0.353}]",0.24381479016173593,835.0,GREEN (Reliable),Kamran Shahid
D0149,SM005,Low,True,Te-Lahore-0149 Traders,Lahore,Textile,100000,Reliable,0.0,1.6818181818181819,1.6412033350858064,45212.176000000014,-0.3157894736842105,0.025015859380840076,0.017698558717844946,0,"[{'factor': 'Late payment pattern (excluding Eid/Ramzan)', 'direction': 'reduces_risk', 'weight': -1.012}, {'factor': 'Inconsistent / unpredictable payment timing', 'direction': 'reduces_risk', 'weight': -0.588}, {'factor': 'Inflation-adjusted credit exposure', 'direction': 'reduces_risk', 'weight': -0.344}]",0.17784504827378758,858.0,GREEN (Reliable),Kamran Shahid
D0150,SM001,Low,False,FM-Lahore-0150 Traders,Lahore,FMCG,350000,Reliable,0.0,2.3333333333333335,1.599597487248627,255253.9600508001,0.35714285714285715,0.0706134128183214,0.017698558717844946,1,"[{'factor': 'Late payment pattern (excluding Eid/Ramzan)', 'direction': 'reduces_risk', 'weight': -0.906}, {'factor': 'Inconsistent / unpredictable payment timing', 'direction': 'reduces_risk', 'weight': -0.596}, {'factor': ""Salesman's track record with similar dealers"", 'direction': 'reduces_risk', 'weight': -0.513}]",0.14662874975325518,872.0,GREEN (Reliable),Tariq Mehmood
D0151,SM003,High,False,Te-InteriorSindh-0151 Traders,Interior Sindh,Textile,100000,Moderate,0.08333333333333333,9.777777777777779,4.842989309769892,64677.94619215893,-0.5,0.04809510175852681,0.06826561341111965,0,"[{'factor': 'Inflation-adjusted credit exposure', 'direction': 'reduces_risk', 'weight': -0.303}, {'factor': 'Late payment pattern (excluding Eid/Ramzan)', 'direction': 'increases_risk', 'weight': 0.301}, {'factor': ""Elevated risk in dealer's territory"", 'direction': 'reduces_risk', 'weight': -0.134}]",0.3451618640160713,807.0,GREEN (Reliable),Bilal Aslam
D0152,SM004,Low,False,Ph-Islamabad-0152 Traders,Islamabad,Pharma,200000,Reliable,0.0,1.4285714285714286,1.7438823185999512,114657.38381710472,-0.625,0.05773677530256478,0.017698558717844946,0,"[{'factor': 'Late payment pattern (excluding Eid/Ramzan)', 'direction': 'reduces_risk', 'weight': -1.053}, {'factor': 'Inconsistent / unpredictable payment timing', 'direction': 'reduces_risk', 'weight': -0.567}, {'factor': ""Salesman's track record with similar dealers"", 'direction': 'reduces_risk', 'weight': -0.272}]",0.12918518159939044,880.0,GREEN (Reliable),Nasir Iqbal
D0153,SM008,Low,False,Te-Islamabad-0153 Traders,Islamabad,Textile,50000,Reliable,0.0,1.3333333333333333,1.6787441193290351,27296.389315372104,0.2,0.0485033973303768,0.017698558717844946,0,"[{'factor': 'Late payment pattern (excluding Eid/Ramzan)', 'direction': 'reduces_risk', 'weight': -1.068}, {'factor': 'Inconsistent / unpredictable payment timing', 'direction': 'reduces_risk', 'weight': -0.58}, {'factor': 'Inflation-adjusted credit exposure', 'direction': 'reduces_risk', 'weight': -0.381}]",0.1281577600861526,881.0,GREEN (Reliable),Rizwan Malik
D0154,SM007,Medium,False,Ph-Gujranwala-0154 Traders,Gujranwala,Pharma,750000,Reliable,0.0,1.7142857142857142,1.722731270483888,601533.1274696814,1.3,0.031461751367213554,0.052106245899751005,0,"[{'factor': 'Late payment pattern (excluding Eid/Ramzan)', 'direction': 'reduces_risk', 'weight': -1.007}, {'factor': 'Inflation-adjusted credit exposure', 'direction': 'increases_risk', 'weight': 0.822}, {'factor': 'Inconsistent / unpredictable payment timing', 'direction': 'reduces_risk', 'weight': -0.572}]",0.30273293968203446,818.0,GREEN (Reliable),Imran Yousaf
D0155,SM008,Medium,False,Te-Gujranwala-0155 Traders,Gujranwala,Textile,500000,Moderate,0.0,12.210526315789474,6.6560521559728105,328168.78940228606,-0.5333333333333333,0.0485033973303768,0.052106245899751005,1,"[{'factor': 'Late payment pattern (excluding Eid/Ramzan)', 'direction': 'increases_risk', 'weight': 0.695}, {'factor': 'Inconsistent / unpredictable payment timing', 'direction': 'increases_risk', 'weight': 0.397}, {'factor': 'Inflation-adjusted credit exposure', 'direction': 'increases_risk', 'weight': 0.249}]",0.6117706321066865,744.0,GREEN (Reliable),Rizwan Malik
D0156,SM004,Medium,False,FM-Karachi-0156 Traders,Karachi,FMCG,350000,Moderate,0.125,8.25,6.604471789556498,223440.09614272453,-0.8571428571428571,0.05148677530256478,0.05091576970927481,1,"[{'factor': 'Inconsistent / unpredictable payment timing', 'direction': 'increases_risk', 'weight': 0.386}, {'factor': ""Salesman's track record with similar dealers"", 'direction': 'reduces_risk', 'weight': -0.154}, {'factor': 'Cheque bounce history', 'direction': 'reduces_risk', 'weight': -0.107}]",0.4201921558999702,788.0,GREEN (Reliable),Nasir Iqbal
D0157,SM005,Low,False,FM-Lahore-0157 Traders,Lahore,FMCG,200000,Reliable,0.0,2.6363636363636362,1.5406577730392867,106490.48712064615,0.3333333333333333,0.025015859380840076,0.017698558717844946,0,"[{'factor': 'Late payment pattern (excluding Eid/Ramzan)', 'direction': 'reduces_risk', 'weight': -0.857}, {'factor': 'Inconsistent / unpredictable payment timing', 'direction': 'reduces_risk', 'weight': -0.607}, {'factor': ""Salesman's track record with similar dealers"", 'direction': 'increases_risk', 'weight': 0.342}]",0.21038953583301154,846.0,GREEN (Reliable),Kamran Shahid
D0158,SM007,Medium,False,FM-Karachi-0158 Traders,Karachi,FMCG,100000,Reliable,0.0,2.6666666666666665,2.46429041972071,76709.50348280814,3.5,0.031461751367213554,0.052106245899751005,0,"[{'factor': 'Late payment pattern (excluding Eid/Ramzan)', 'direction': 'reduces_risk', 'weight': -0.852}, {'factor': 'Inconsistent / unpredictable payment timing', 'direction': 'reduces_risk', 'weight': -0.426}, {'factor': 'Inflation-adjusted credit exposure', 'direction': 'reduces_risk', 'weight': -0.278}]",0.2040903834325086,848.0,GREEN (Reliable),Imran Yousaf
D0159,SM005,Medium,False,FM-Faisalabad-0159 Traders,Faisalabad,FMCG,50000,Reliable,0.0,0.8571428571428571,1.0593499054713802,37509.78879053553,0.0,0.025015859380840076,0.052106245899751005,0,"[{'factor': 'Late payment pattern (excluding Eid/Ramzan)', 'direction': 'reduces_risk', 'weight': -1.146}, {'factor': 'Inconsistent / unpredictable payment timing', 'direction': 'reduces_risk', 'weight': -0.702}, {'factor': 'Inflation-adjusted credit exposure', 'direction': 'reduces_risk', 'weight': -0.36}]",0.13442909712666756,877.0,GREEN (Reliable),Kamran Shahid
D0160,SM005,Low,False,Te-Rawalpindi-0160 Traders,Rawalpindi,Textile,750000,Reliable,0.0,1.7857142857142858,1.8934009929915634,643106.9775129491,18.0,0.025015859380840076,0.017698558717844946,1,"[{'factor': 'Late payment pattern (excluding Eid/Ramzan)', 'direction': 'reduces_risk', 'weight': -0.995}, {'factor': 'Inflation-adjusted credit exposure', 'direction': 'increases_risk', 'weight': 0.909}, {'factor': 'Declining order activity', 'direction': 'increases_risk', 'weight': 0.561}]",0.4830861665424869,774.0,GREEN (Reliable),Kamran Shahid
D0161,SM002,Low,False,Te-Lahore-0161 Traders,Lahore,Textile,500000,Reliable,0.0,2.0714285714285716,1.5839103288458478,346492.4342923551,1.1666666666666667,0.038414778032425094,0.017698558717844946,0,"[{'factor': 'Late payment pattern (excluding Eid/Ramzan)', 'direction': 'reduces_risk', 'weight': -0.949}, {'factor': 'Inconsistent / unpredictable payment timing', 'direction': 'reduces_risk', 'weight': -0.599}, {'factor': 'Inflation-adjusted credit exposure', 'direction': 'increases_risk', 'weight': 0.288}]",0.2348896201001227,838.0,GREEN (Reliable),Aamir Sohail
D0162,SM008,Low,False,FM-Islamabad-0162 Traders,Islamabad,FMCG,100000,Reliable,0.0,1.0555555555555556,1.6874889770363088,53274.18110898552,-0.6875,0.0485033973303768,0.017698558717844946,0,"[{'factor': 'Late payment pattern (excluding Eid/Ramzan)', 'direction': 'reduces_risk', 'weight': -1.113}, {'factor': 'Inconsistent / unpredictable payment timing', 'direction': 'reduces_risk', 'weight': -0.579}, {'factor': 'Inflation-adjusted credit exposure', 'direction': 'reduces_risk', 'weight': -0.327}]",0.12679653822253595,881.0,GREEN (Reliable),Rizwan Malik
D0163,SM006,Medium,False,FM-Gujranwala-0163 Traders,Gujranwala,FMCG,200000,Reliable,0.0,2.0,1.5781242633190171,101794.83300266408,0.1,0.04057246715117146,0.052106245899751005,0,"[{'factor': 'Late payment pattern (excluding Eid/Ramzan)', 'direction': 'reduces_risk', 'weight': -0.96}, {'factor': 'Inconsistent / unpredictable payment timing', 'direction': 'reduces_risk', 'weight': -0.6}, {'factor': 'Inflation-adjusted credit exposure', 'direction': 'reduces_risk', 'weight': -0.225}]",0.1458125056994036,872.0,GREEN (Reliable),Waqas Ahmed
D0164,SM003,High,False,FM-InteriorSindh-0164 Traders,Interior Sindh,FMCG,500000,Reliable,0.09090909090909091,2.0,1.449137674618944,274898.73808016937,-0.625,0.04784257650600156,0.06807136321686946,0,"[{'factor': 'Late payment pattern (excluding Eid/Ramzan)', 'direction': 'reduces_risk', 'weight': -0.96}, {'factor': 'Inconsistent / unpredictable payment timing', 'direction': 'reduces_risk', 'weight': -0.625}, {'factor': 'Inflation-adjusted credit exposure', 'direction': 'increases_risk', 'weight': 0.138}]",0.14449682409152978,873.0,GREEN (Reliable),Bilal Aslam
D0165,SM001,Medium,False,Te-InteriorPunjab-0165 Traders,Interior Punjab,Textile,500000,Moderate,0.05,11.3,5.920526292395581,402113.00088457385,18.0,0.06853007948498806,0.05163005542356053,0,"[{'factor': 'Declining order activity', 'direction': 'increases_risk', 'weight': 0.561}, {'factor': 'Late payment pattern (excluding Eid/Ramzan)', 'direction': 'increases_risk', 'weight': 0.548}, {'factor': ""Salesman's track record with similar dealers"", 'direction': 'reduces_risk', 'weight': -0.474}]",0.6260655966436156,740.0,GREEN (Reliable),Tariq Mehmood
D0166,SM002,Low,False,Te-Islamabad-0166 Traders,Islamabad,Textile,200000,Moderate,0.0,9.857142857142858,5.830951894845301,119296.43328548328,-0.5,0.038414778032425094,0.017698558717844946,1,"[{'factor': 'Late payment pattern (excluding Eid/Ramzan)', 'direction': 'increases_risk', 'weight': 0.314}, {'factor': 'Inconsistent / unpredictable payment timing', 'direction': 'increases_risk', 'weight': 0.235}, {'factor': 'Inflation-adjusted credit exposure', 'direction': 'reduces_risk', 'weight': -0.188}]",0.5043246872620324,769.0,GREEN (Reliable),Aamir Sohail
D0167,SM006,High,False,FM-Peshawar-0167 Traders,Peshawar,FMCG,200000,Risky,0.15151515151515152,26.91304347826087,18.86052959806741,150202.28504520806,1.0,0.03516121173991605,0.06651736166286791,1,"[{'factor': 'Late payment pattern (excluding Eid/Ramzan)', 'direction': 'increases_risk', 'weight': 3.079}, {'factor': 'Inconsistent / unpredictable payment timing', 'direction': 'increases_risk', 'weight': 2.792}, {'factor': ""Salesman's track record with similar dealers"", 'direction': 'increases_risk', 'weight': 0.152}]",0.9737611497361606,561.0,RED (High Risk),Waqas Ahmed
D0168,SM006,Medium,False,Ph-Karachi-0168 Traders,Karachi,Pharma,750000,Reliable,0.0,1.6,1.3801311186847085,612083.1495382686,5.0,0.04057246715117146,0.052106245899751005,0,"[{'factor': 'Late payment pattern (excluding Eid/Ramzan)', 'direction': 'reduces_risk', 'weight': -1.025}, {'factor': 'Inflation-adjusted credit exposure', 'direction': 'increases_risk', 'weight': 0.844}, {'factor': 'Inconsistent / unpredictable payment timing', 'direction': 'reduces_risk', 'weight': -0.639}]",0.2842295602997867,823.0,GREEN (Reliable),Waqas Ahmed
D0169,SM003,Medium,True,Te-Multan-0169 Traders,Multan,Textile,500000,Reliable,0.0,2.1,1.9439254496626546,321637.42528307205,-0.2608695652173913,0.05087287953630459,0.052106245899751005,1,"[{'factor': 'Late payment pattern (excluding Eid/Ramzan)', 'direction': 'reduces_risk', 'weight': -0.944}, {'factor': 'Inconsistent / unpredictable payment timing', 'direction': 'reduces_risk', 'weight': -0.528}, {'factor': 'Inflation-adjusted credit exposure', 'direction': 'increases_risk', 'weight': 0.236}]",0.18093032860055708,857.0,GREEN (Reliable),Bilal Aslam
D0170,SM004,Medium,False,Ph-Multan-0170 Traders,Multan,Pharma,200000,Moderate,0.10810810810810811,12.071428571428571,6.041209491584622,158502.84289221835,1.3636363636363635,0.05233136989715938,0.05107664487014998,0,"[{'factor': 'Late payment pattern (excluding Eid/Ramzan)', 'direction': 'increases_risk', 'weight': 0.673}, {'factor': 'Inconsistent / unpredictable payment timing', 'direction': 'increases_risk', 'weight': 0.276}, {'factor': ""Salesman's track record with similar dealers"", 'direction': 'reduces_risk', 'weight': -0.17}]",0.4977722627963085,770.0,GREEN (Reliable),Nasir Iqbal
D0171,SM007,Low,False,Te-Islamabad-0171 Traders,Islamabad,Textile,500000,Reliable,0.0,1.5625,2.0713464679952,371245.5762437207,1.0,0.031461751367213554,0.017698558717844946,0,"[{'factor': 'Late payment pattern (excluding Eid/Ramzan)', 'direction': 'reduces_risk', 'weight': -1.031}, {'factor': 'Inconsistent / unpredictable payment timing', 'direction': 'reduces_risk', 'weight': -0.503}, {'factor': 'Inflation-adjusted credit exposure', 'direction': 'increases_risk', 'weight': 0.34}]",0.2636502617678856,829.0,GREEN (Reliable),Imran Yousaf
D0172,SM001,High,False,Te-Peshawar-0172 Traders,Peshawar,Textile,750000,Reliable,0.045454545454545456,1.5,1.760681686165901,575008.7722575058,0.0,0.068719473424382,0.06923686438237063,0,"[{'factor': 'Late payment pattern (excluding Eid/Ramzan)', 'direction': 'reduces_risk', 'weight': -1.041}, {'factor': 'Inflation-adjusted credit exposure', 'direction': 'increases_risk', 'weight': 0.767}, {'factor': 'Inconsistent / unpredictable payment timing', 'direction': 'reduces_risk', 'weight': -0.564}]",0.1731305054075891,860.0,GREEN (Reliable),Tariq Mehmood
D0173,SM005,Low,False,FM-Islamabad-0173 Traders,Islamabad,FMCG,500000,Reliable,0.0,1.4545454545454546,1.408308678285174,307622.05024440004,-0.2222222222222222,0.025015859380840076,0.017698558717844946,0,"[{'factor': 'Late payment pattern (excluding Eid/Ramzan)', 'direction': 'reduces_risk', 'weight': -1.049}, {'factor': 'Inconsistent / unpredictable payment timing', 'direction': 'reduces_risk', 'weight': -0.633}, {'factor': ""Salesman's track record with similar dealers"", 'direction': 'increases_risk', 'weight': 0.342}]",0.23425276520116028,838.0,GREEN (Reliable),Kamran Shahid
D0174,SM005,High,True,Te-InteriorSindh-0174 Traders,Interior Sindh,Textile,750000,Reliable,0.0,1.8095238095238095,2.4138847998278266,581291.2243251917,0.4444444444444444,0.025015859380840076,0.0704023655478718,0,"[{'factor': 'Late payment pattern (excluding Eid/Ramzan)', 'direction': 'reduces_risk', 'weight': -0.991}, {'factor': 'Inflation-adjusted credit exposure', 'direction': 'increases_risk', 'weight': 0.78}, {'factor': 'Inconsistent / unpredictable payment timing', 'direction': 'reduces_risk', 'weight': -0.436}]",0.3227075737326095,813.0,GREEN (Reliable),Kamran Shahid
D0175,SM001,Medium,False,Ph-Faisalabad-0175 Traders,Faisalabad,Pharma,350000,Reliable,0.07692307692307693,1.8,1.5879984667608413,258042.82318902708,-0.14285714285714285,0.06740828461319319,0.051373645167150275,0,"[{'factor': 'Late payment pattern (excluding Eid/Ramzan)', 'direction': 'reduces_risk', 'weight': -0.993}, {'factor': 'Inconsistent / unpredictable payment timing', 'direction': 'reduces_risk', 'weight': -0.598}, {'factor': ""Salesman's track record with similar dealers"", 'direction': 'reduces_risk', 'weight': -0.453}]",0.12081222241424831,884.0,GREEN (Reliable),Tariq Mehmood
D0176,SM002,Medium,False,Ph-Karachi-0176 Traders,Karachi,Pharma,100000,Risky,0.11764705882352941,25.833333333333332,14.08883380891542,58683.83932551594,0.42857142857142855,0.033708895679483916,0.0509857977204793,1,"[{'factor': 'Late payment pattern (excluding Eid/Ramzan)', 'direction': 'increases_risk', 'weight': 2.904}, {'factor': 'Inconsistent / unpredictable payment timing', 'direction': 'increases_risk', 'weight': 1.855}, {'factor': 'Inflation-adjusted credit exposure', 'direction': 'reduces_risk', 'weight': -0.315}]",0.9418566654571041,609.0,AMBER (Moderate),Aamir Sohail
D0177,SM002,Low,True,Ph-Lahore-0177 Traders,Lahore,Pharma,500000,Risky,0.0,25.4,13.739404711633812,412289.71029055794,4.0,0.038414778032425094,0.017698558717844946,1,"[{'factor': 'Late payment pattern (excluding Eid/Ramzan)', 'direction': 'increases_risk', 'weight': 2.834}, {'factor': 'Inconsistent / unpredictable payment timing', 'direction': 'increases_risk', 'weight': 1.787}, {'factor': 'Inflation-adjusted credit exposure', 'direction': 'increases_risk', 'weight': 0.426}]",0.9693950110779268,571.0,RED (High Risk),Aamir Sohail
D0178,SM006,Medium,False,FM-Karachi-0178 Traders,Karachi,FMCG,50000,Reliable,0.0,1.4615384615384615,1.6888013236829962,29230.53538796499,-0.5217391304347826,0.04057246715117146,0.052106245899751005,0,"[{'factor': 'Late payment pattern (excluding Eid/Ramzan)', 'direction': 'reduces_risk', 'weight': -1.048}, {'factor': 'Inconsistent / unpredictable payment timing', 'direction': 'reduces_risk', 'weight': -0.578}, {'factor': 'Inflation-adjusted credit exposure', 'direction': 'reduces_risk', 'weight': -0.377}]",0.12534081687104018,882.0,GREEN (Reliable),Waqas Ahmed
D0179,SM007,Low,False,FM-Rawalpindi-0179 Traders,Rawalpindi,FMCG,100000,Moderate,0.0,9.222222222222221,6.303438215238834,57359.848716201835,0.0,0.031461751367213554,0.017698558717844946,0,"[{'factor': 'Inconsistent / unpredictable payment timing', 'direction': 'increases_risk', 'weight': 0.327}, {'factor': 'Inflation-adjusted credit exposure', 'direction': 'reduces_risk', 'weight': -0.318}, {'factor': ""Salesman's track record with similar dealers"", 'direction': 'increases_risk', 'weight': 0.221}]",0.509235344056989,768.0,GREEN (Reliable),Imran Yousaf
D0180,SM005,Medium,False,Ph-Karachi-0180 Traders,Karachi,Pharma,200000,Reliable,0.0,2.090909090909091,1.9277263893659975,130627.1895201025,-0.7083333333333334,0.025015859380840076,0.052106245899751005,0,"[{'factor': 'Late payment pattern (excluding Eid/Ramzan)', 'direction': 'reduces_risk', 'weight': -0.946}, {'factor': 'Inconsistent / unpredictable payment timing', 'direction': 'reduces_risk', 'weight': -0.531}, {'factor': ""Salesman's track record with similar dealers"", 'direction': 'increases_risk', 'weight': 0.342}]",0.19041343472523067,853.0,GREEN (Reliable),Kamran Shahid
D0181,SM005,Medium,False,Ph-Faisalabad-0181 Traders,Faisalabad,Pharma,750000,Risky,0.11764705882352941,30.666666666666668,15.028096291976558,363315.73227491236,0.125,0.021220792967177837,0.0509857977204793,1,"[{'factor': 'Late payment pattern (excluding Eid/Ramzan)', 'direction': 'increases_risk', 'weight': 3.688}, {'factor': 'Inconsistent / unpredictable payment timing', 'direction': 'increases_risk', 'weight': 2.04}, {'factor': ""Salesman's track record with similar dealers"", 'direction': 'increases_risk', 'weight': 0.414}]",0.9830355081563251,536.0,RED (High Risk),Kamran Shahid
D0182,SM003,Low,False,Ph-Lahore-0182 Traders,Lahore,Pharma,750000,Reliable,0.02857142857142857,2.142857142857143,2.0999957558738203,522854.2327219947,0.1875,0.04992049858392364,0.017307169285359626,0,"[{'factor': 'Late payment pattern (excluding Eid/Ramzan)', 'direction': 'reduces_risk', 'weight': -0.937}, {'factor': 'Inflation-adjusted credit exposure', 'direction': 'increases_risk', 'weight': 0.657}, {'factor': 'Inconsistent / unpredictable payment timing', 'direction': 'reduces_risk', 'weight': -0.498}]",0.2640575243400588,829.0,GREEN (Reliable),Bilal Aslam
D0183,SM001,High,True,Te-Peshawar-0183 Traders,Peshawar,Textile,100000,Moderate,0.03571428571428571,10.375,6.391099580365952,46205.53487700069,-0.4444444444444444,0.06912531758022615,0.06948661463212089,0,"[{'factor': ""Salesman's track record with similar dealers"", 'direction': 'reduces_risk', 'weight': -0.485}, {'factor': 'Late payment pattern (excluding Eid/Ramzan)', 'direction': 'increases_risk', 'weight': 0.398}, {'factor': 'Inconsistent / unpredictable payment timing', 'direction': 'increases_risk', 'weight': 0.345}]",0.3516515980521426,805.0,GREEN (Reliable),Tariq Mehmood
D0184,SM007,Medium,False,Te-InteriorPunjab-0184 Traders,Interior Punjab,Textile,200000,Risky,0.17647058823529413,29.583333333333332,10.133179100426414,138070.84851506722,0.8333333333333334,0.023058390022675734,0.05042557363084344,1,"[{'factor': 'Late payment pattern (excluding Eid/Ramzan)', 'direction': 'increases_risk', 'weight': 3.512}, {'factor': 'Inconsistent / unpredictable payment timing', 'direction': 'increases_risk', 'weight': 1.079}, {'factor': ""Salesman's track record with similar dealers"", 'direction': 'increases_risk', 'weight': 0.379}]",0.9470264703973623,604.0,AMBER (Moderate),Imran Yousaf
D0185,SM007,Low,False,Ph-Islamabad-0185 Traders,Islamabad,Pharma,750000,Reliable,0.0,2.6666666666666665,1.8575654633281302,472597.2314247784,1.5,0.031461751367213554,0.017698558717844946,0,"[{'factor': 'Late payment pattern (excluding Eid/Ramzan)', 'direction': 'reduces_risk', 'weight': -0.852}, {'factor': 'Inflation-adjusted credit exposure', 'direction': 'increases_risk', 'weight': 0.552}, {'factor': 'Inconsistent / unpredictable payment timing', 'direction': 'reduces_risk', 'weight': -0.545}]",0.3182549949012593,814.0,GREEN (Reliable),Imran Yousaf
D0186,SM006,High,False,Ph-InteriorSindh-0186 Traders,Interior Sindh,Pharma,50000,Reliable,0.1,2.2857142857142856,1.130388330520878,41139.46473493058,8.0,0.037001038579742886,0.06783826298376923,0,"[{'factor': 'Late payment pattern (excluding Eid/Ramzan)', 'direction': 'reduces_risk', 'weight': -0.914}, {'factor': 'Inconsistent / unpredictable payment timing', 'direction': 'reduces_risk', 'weight': -0.688}, {'factor': 'Inflation-adjusted credit exposure', 'direction': 'reduces_risk', 'weight': -0.352}]",0.14291002342635536,873.0,GREEN (Reliable),Waqas Ahmed
D0187,SM007,High,False,Te-InteriorSindh-0187 Traders,Interior Sindh,Textile,100000,Reliable,0.0,0.7142857142857143,0.4879500364742666,88444.72836862764,7.0,0.031461751367213554,0.0704023655478718,1,"[{'factor': 'Late payment pattern (excluding Eid/Ramzan)', 'direction': 'reduces_risk', 'weight': -1.169}, {'factor': 'Inconsistent / unpredictable payment timing', 'direction': 'reduces_risk', 'weight': -0.814}, {'factor': 'Inflation-adjusted credit exposure', 'direction': 'reduces_risk', 'weight': -0.253}]",0.13351402788744526,878.0,GREEN (Reliable),Imran Yousaf
D0188,SM001,High,False,Ph-Peshawar-0188 Traders,Peshawar,Pharma,200000,Reliable,0.0,2.310344827586207,1.3732131246511903,115407.38641065374,-0.7142857142857143,0.0706134128183214,0.0704023655478718,1,"[{'factor': 'Late payment pattern (excluding Eid/Ramzan)', 'direction': 'reduces_risk', 'weight': -0.91}, {'factor': 'Inconsistent / unpredictable payment timing', 'direction': 'reduces_risk', 'weight': -0.64}, {'factor': ""Salesman's track record with similar dealers"", 'direction': 'reduces_risk', 'weight': -0.513}]",0.09390215569545887,900.0,GREEN (Reliable),Tariq Mehmood
D0189,SM005,Low,False,Ph-Lahore-0189 Traders,Lahore,Pharma,100000,Reliable,0.0,1.411764705882353,1.3890959226126398,46684.996807940646,-0.48,0.025015859380840076,0.017698558717844946,1,"[{'factor': 'Late payment pattern (excluding Eid/Ramzan)', 'direction': 'reduces_risk', 'weight': -1.056}, {'factor': 'Inconsistent / unpredictable payment timing', 'direction': 'reduces_risk', 'weight': -0.637}, {'factor': ""Salesman's track record with similar dealers"", 'direction': 'increases_risk', 'weight': 0.342}]",0.16714360890407715,863.0,GREEN (Reliable),Kamran Shahid
D0190,SM002,Low,False,Te-Rawalpindi-0190 Traders,Rawalpindi,Textile,100000,Moderate,0.0,9.90625,6.266226707353484,70898.04731572127,0.26666666666666666,0.038414778032425094,0.017698558717844946,1,"[{'factor': 'Late payment pattern (excluding Eid/Ramzan)', 'direction': 'increases_risk', 'weight': 0.322}, {'factor': 'Inconsistent / unpredictable payment timing', 'direction': 'increases_risk', 'weight': 0.32}, {'factor': 'Inflation-adjusted credit exposure', 'direction': 'reduces_risk', 'weight': -0.29}]",0.5095449354122481,768.0,GREEN (Reliable),Aamir Sohail
D0191,SM005,High,True,Ph-InteriorSindh-0191 Traders,Interior Sindh,Pharma,350000,Reliable,0.037037037037037035,2.0,2.141171498179299,182351.8903735632,-0.5,0.02382111625061308,0.06945269793153751,0,"[{'factor': 'Late payment pattern (excluding Eid/Ramzan)', 'direction': 'reduces_risk', 'weight': -0.96}, {'factor': 'Inconsistent / unpredictable payment timing', 'direction': 'reduces_risk', 'weight': -0.49}, {'factor': ""Salesman's track record with similar dealers"", 'direction': 'increases_risk', 'weight': 0.365}]",0.19461157508671456,852.0,GREEN (Reliable),Kamran Shahid
D0192,SM004,Medium,False,Te-Multan-0192 Traders,Multan,Textile,500000,Reliable,0.02564102564102564,1.7037037037037037,1.8814434094564731,232918.2286015695,0.05263157894736842,0.056454724020513505,0.05186204565555076,0,"[{'factor': 'Late payment pattern (excluding Eid/Ramzan)', 'direction': 'reduces_risk', 'weight': -1.008}, {'factor': 'Inconsistent / unpredictable payment timing', 'direction': 'reduces_risk', 'weight': -0.54}, {'factor': ""Salesman's track record with similar dealers"", 'direction': 'reduces_risk', 'weight': -0.247}]",0.14224203534452598,874.0,GREEN (Reliable),Nasir Iqbal
D0193,SM001,High,False,Te-Peshawar-0193 Traders,Peshawar,Textile,50000,Risky,0.25,18.5,19.5021366350801,42341.35692267461,4.0,0.06019674615165473,0.06399210913761538,1,"[{'factor': 'Inconsistent / unpredictable payment timing', 'direction': 'increases_risk', 'weight': 2.918}, {'factor': 'Late payment pattern (excluding Eid/Ramzan)', 'direction': 'increases_risk', 'weight': 1.715}, {'factor': 'Inflation-adjusted credit exposure', 'direction': 'reduces_risk', 'weight': -0.35}]",0.9116866788417639,635.0,AMBER (Moderate),Tariq Mehmood
D0194,SM005,Medium,True,FM-Gujranwala-0194 Traders,Gujranwala,FMCG,50000,Reliable,0.0,1.75,1.6362578957724947,36405.46261026072,0.23076923076923078,0.025015859380840076,0.052106245899751005,0,"[{'factor': 'Late payment pattern (excluding Eid/Ramzan)', 'direction': 'reduces_risk', 'weight': -1.001}, {'factor': 'Inconsistent / unpredictable payment timing', 'direction': 'reduces_risk', 'weight': -0.589}, {'factor': 'Inflation-adjusted credit exposure', 'direction': 'reduces_risk', 'weight': -0.362}]",0.16003413771864033,866.0,GREEN (Reliable),Kamran Shahid
D0195,SM008,Medium,False,Ph-Karachi-0195 Traders,Karachi,Pharma,350000,Risky,0.26666666666666666,17.25,17.177681079608135,193687.84358465768,-0.3333333333333333,0.04042258924956872,0.04956656336006846,1,"[{'factor': 'Inconsistent / unpredictable payment timing', 'direction': 'increases_risk', 'weight': 2.461}, {'factor': 'Late payment pattern (excluding Eid/Ramzan)', 'direction': 'increases_risk', 'weight': 1.512}, {'factor': 'Cheque bounce history', 'direction': 'reduces_risk', 'weight': -0.29}]",0.9078357938043075,638.0,AMBER (Moderate),Rizwan Malik
D0196,SM003,Medium,False,Ph-Karachi-0196 Traders,Karachi,Pharma,100000,Reliable,0.0,1.2857142857142858,1.2478553029669976,65065.65912836507,-0.5,0.05087287953630459,0.052106245899751005,0,"[{'factor': 'Late payment pattern (excluding Eid/Ramzan)', 'direction': 'reduces_risk', 'weight': -1.076}, {'factor': 'Inconsistent / unpredictable payment timing', 'direction': 'reduces_risk', 'weight': -0.665}, {'factor': 'Inflation-adjusted credit exposure', 'direction': 'reduces_risk', 'weight': -0.302}]",0.10648271509079801,893.0,GREEN (Reliable),Bilal Aslam
D0197,SM001,Low,False,Ph-Lahore-0197 Traders,Lahore,Pharma,200000,Reliable,0.0,2.2857142857142856,1.2880570286640687,131624.60786653394,0.0,0.0706134128183214,0.017698558717844946,0,"[{'factor': 'Late payment pattern (excluding Eid/Ramzan)', 'direction': 'reduces_risk', 'weight': -0.914}, {'factor': 'Inconsistent / unpredictable payment timing', 'direction': 'reduces_risk', 'weight': -0.657}, {'factor': ""Salesman's track record with similar dealers"", 'direction': 'reduces_risk', 'weight': -0.513}]",0.1172868955832197,886.0,GREEN (Reliable),Tariq Mehmood
D0198,SM007,High,False,Ph-InteriorSindh-0198 Traders,Interior Sindh,Pharma,200000,Moderate,0.11904761904761904,8.962962962962964,6.068799743798631,123182.60477291537,-0.09090909090909091,0.025792817126850737,0.06734986249536874,1,"[{'factor': ""Salesman's track record with similar dealers"", 'direction': 'increases_risk', 'weight': 0.328}, {'factor': 'Inconsistent / unpredictable payment timing', 'direction': 'increases_risk', 'weight': 0.281}, {'factor': 'Inflation-adjusted credit exposure', 'direction': 'reduces_risk', 'weight': -0.18}]",0.46309233221432133,778.0,GREEN (Reliable),Imran Yousaf
D0199,SM001,High,False,Ph-InteriorSindh-0199 Traders,Interior Sindh,Pharma,750000,Moderate,0.06896551724137931,8.181818181818182,6.282748958293215,448822.3919819404,-0.7391304347826086,0.0677398495999306,0.06863401895193899,0,"[{'factor': 'Inflation-adjusted credit exposure', 'direction': 'increases_risk', 'weight': 0.502}, {'factor': ""Salesman's track record with similar dealers"", 'direction': 'reduces_risk', 'weight': -0.459}, {'factor': 'Inconsistent / unpredictable payment timing', 'direction': 'increases_risk', 'weight': 0.323}]",0.42938970186212544,786.0,GREEN (Reliable),Tariq Mehmood
D0200,SM008,Medium,False,Ph-InteriorPunjab-0200 Traders,Interior Punjab,Pharma,100000,Reliable,0.0,1.6666666666666667,1.562128004498679,46180.43688607629,-0.5357142857142857,0.0485033973303768,0.052106245899751005,0,"[{'factor': 'Late payment pattern (excluding Eid/Ramzan)', 'direction': 'reduces_risk', 'weight': -1.014}, {'factor': 'Inconsistent / unpredictable payment timing', 'direction': 'reduces_risk', 'weight': -0.603}, {'factor': 'Inflation-adjusted credit exposure', 'direction': 'reduces_risk', 'weight': -0.342}]",0.11632983479850309,887.0,GREEN (Reliable),Rizwan Malik
D0201,SM005,High,False,FM-InteriorSindh-0201 Traders,Interior Sindh,FMCG,50000,Reliable,0.0,1.4615384615384615,1.5984195491000022,33356.17313153993,-0.4444444444444444,0.025015859380840076,0.0704023655478718,0,"[{'factor': 'Late payment pattern (excluding Eid/Ramzan)', 'direction': 'reduces_risk', 'weight': -1.048}, {'factor': 'Inconsistent / unpredictable payment timing', 'direction': 'reduces_risk', 'weight': -0.596}, {'factor': 'Inflation-adjusted credit exposure', 'direction': 'reduces_risk', 'weight': -0.369}]",0.1430449884686251,873.0,GREEN (Reliable),Kamran Shahid
D0202,SM002,Low,True,FM-Lahore-0202 Traders,Lahore,FMCG,750000,Reliable,0.0,1.52,1.53055303488399,354540.4466747056,-0.5263157894736842,0.038414778032425094,0.017698558717844946,0,"[{'factor': 'Late payment pattern (excluding Eid/Ramzan)', 'direction': 'reduces_risk', 'weight': -1.038}, {'factor': 'Inconsistent / unpredictable payment timing', 'direction': 'reduces_risk', 'weight': -0.609}, {'factor': 'Inflation-adjusted credit exposure', 'direction': 'increases_risk', 'weight': 0.305}]",0.21681144643282863,844.0,GREEN (Reliable),Aamir Sohail
D0203,SM003,High,False,FM-InteriorSindh-0203 Traders,Interior Sindh,FMCG,200000,Moderate,0.045454545454545456,9.941176470588236,5.06575806389377,112864.93830849837,-0.3076923076923077,0.049357728021153076,0.06923686438237063,0,"[{'factor': 'Late payment pattern (excluding Eid/Ramzan)', 'direction': 'increases_risk', 'weight': 0.327}, {'factor': 'Inflation-adjusted credit exposure', 'direction': 'reduces_risk', 'weight': -0.202}, {'factor': ""Elevated risk in dealer's territory"", 'direction': 'reduces_risk', 'weight': -0.139}]",0.3789160492296887,798.0,GREEN (Reliable),Bilal Aslam
D0204,SM002,Medium,False,Te-InteriorPunjab-0204 Traders,Interior Punjab,Textile,500000,Moderate,0.0,7.875,4.971027168615266,267822.114930016,-0.75,0.038414778032425094,0.052106245899751005,0,"[{'factor': 'Inflation-adjusted credit exposure', 'direction': 'increases_risk', 'weight': 0.123}, {'factor': ""Salesman's track record with similar dealers"", 'direction': 'increases_risk', 'weight': 0.091}, {'factor': 'Declining order activity', 'direction': 'reduces_risk', 'weight': -0.09}]",0.4353999817088991,785.0,GREEN (Reliable),Aamir Sohail
D0205,SM007,Low,True,Ph-Lahore-0205 Traders,Lahore,Pharma,100000,Reliable,0.0,1.6,1.2724180205607036,51341.810044507816,-0.8333333333333334,0.031461751367213554,0.017698558717844946,0,"[{'factor': 'Late payment pattern (excluding Eid/Ramzan)', 'direction': 'reduces_risk', 'weight': -1.025}, {'factor': 'Inconsistent / unpredictable payment timing', 'direction': 'reduces_risk', 'weight': -0.66}, {'factor': 'Inflation-adjusted credit exposure', 'direction': 'reduces_risk', 'weight': -0.331}]",0.15473151482021344,868.0,GREEN (Reliable),Imran Yousaf
D0206,SM003,Medium,False,FM-Faisalabad-0206 Traders,Faisalabad,FMCG,500000,Moderate,0.21428571428571427,10.3,4.941475672122834,379196.1462540127,0.8,0.04373002239344745,0.05006542957322039,0,"[{'factor': 'Late payment pattern (excluding Eid/Ramzan)', 'direction': 'increases_risk', 'weight': 0.385}, {'factor': 'Inflation-adjusted credit exposure', 'direction': 'increases_risk', 'weight': 0.356}, {'factor': 'Cheque bounce history', 'direction': 'reduces_risk', 'weight': -0.222}]",0.4916576119729627,772.0,GREEN (Reliable),Bilal Aslam
D0207,SM004,High,False,Ph-InteriorSindh-0207 Traders,Interior Sindh,Pharma,100000,Risky,0.15151515151515152,23.041666666666668,15.587396550320108,54474.26009440256,0.0625,0.0501610177268072,0.06651736166286791,1,"[{'factor': 'Late payment pattern (excluding Eid/Ramzan)', 'direction': 'increases_risk', 'weight': 2.451}, {'factor': 'Inconsistent / unpredictable payment timing', 'direction': 'increases_risk', 'weight': 2.149}, {'factor': 'Inflation-adjusted credit exposure', 'direction': 'reduces_risk', 'weight': -0.324}]",0.9152710842349705,633.0,AMBER (Moderate),Nasir Iqbal
D0208,SM006,Medium,False,Te-Faisalabad-0208 Traders,Faisalabad,Textile,200000,Risky,0.14814814814814814,26.647058823529413,12.605601364899295,102683.62008901563,-0.7142857142857143,0.03528146186016617,0.05069531115548293,1,"[{'factor': 'Late payment pattern (excluding Eid/Ramzan)', 'direction': 'increases_risk', 'weight': 3.036}, {'factor': 'Inconsistent / unpredictable payment timing', 'direction': 'increases_risk', 'weight': 1.564}, {'factor': 'Inflation-adjusted credit exposure', 'direction': 'reduces_risk', 'weight': -0.223}]",0.9352023550256293,616.0,AMBER (Moderate),Waqas Ahmed
D0209,SM005,High,False,FM-InteriorSindh-0209 Traders,Interior Sindh,FMCG,350000,Reliable,0.0,1.7647058823529411,1.5264551613058028,223683.0311067119,-0.6153846153846154,0.025015859380840076,0.0704023655478718,0,"[{'factor': 'Late payment pattern (excluding Eid/Ramzan)', 'direction': 'reduces_risk', 'weight': -0.998}, {'factor': 'Inconsistent / unpredictable payment timing', 'direction': 'reduces_risk', 'weight': -0.61}, {'factor': ""Salesman's track record with similar dealers"", 'direction': 'increases_risk', 'weight': 0.342}]",0.18646460493972952,855.0,GREEN (Reliable),Kamran Shahid
D0210,SM004,Medium,False,FM-Karachi-0210 Traders,Karachi,FMCG,100000,Reliable,0.0,1.6666666666666667,1.5366550286574245,63944.17074851137,-0.4166666666666667,0.05773677530256478,0.052106245899751005,0,"[{'factor': 'Late payment pattern (excluding Eid/Ramzan)', 'direction': 'reduces_risk', 'weight': -1.014}, {'factor': 'Inconsistent / unpredictable payment timing', 'direction': 'reduces_risk', 'weight': -0.608}, {'factor': 'Inflation-adjusted credit exposure', 'direction': 'reduces_risk', 'weight': -0.304}]",0.10596843013666905,893.0,GREEN (Reliable),Nasir Iqbal
D0211,SM008,Medium,False,Ph-Faisalabad-0211 Traders,Faisalabad,Pharma,50000,Reliable,0.0,1.6521739130434783,1.7916472867168918,35142.19152218443,1.125,0.0485033973303768,0.052106245899751005,0,"[{'factor': 'Late payment pattern (excluding Eid/Ramzan)', 'direction': 'reduces_risk', 'weight': -1.017}, {'factor': 'Inconsistent / unpredictable payment timing', 'direction': 'reduces_risk', 'weight': -0.558}, {'factor': 'Inflation-adjusted credit exposure', 'direction': 'reduces_risk', 'weight': -0.365}]",0.12266633096902826,883.0,GREEN (Reliable),Rizwan Malik
D0212,SM002,High,False,FM-Peshawar-0212 Traders,Peshawar,FMCG,500000,Risky,0.15,19.9,15.789516253812584,245923.45958984384,-0.18181818181818182,0.03241477803242509,0.06655621170171795,1,"[{'factor': 'Inconsistent / unpredictable payment timing', 'direction': 'increases_risk', 'weight': 2.189}, {'factor': 'Late payment pattern (excluding Eid/Ramzan)', 'direction': 'increases_risk', 'weight': 1.942}, {'factor': ""Salesman's track record with similar dealers"", 'direction': 'increases_risk', 'weight': 0.204}]",0.929871208225433,621.0,AMBER (Moderate),Aamir Sohail
D0213,SM008,Medium,False,Te-Faisalabad-0213 Traders,Faisalabad,Textile,50000,Reliable,0.027777777777777776,1.8571428571428572,2.1111946516469904,29614.194572495693,0.11764705882352941,0.04766164648862596,0.05184169563520074,0,"[{'factor': 'Late payment pattern (excluding Eid/Ramzan)', 'direction': 'reduces_risk', 'weight': -0.983}, {'factor': 'Inconsistent / unpredictable payment timing', 'direction': 'reduces_risk', 'weight': -0.495}, {'factor': 'Inflation-adjusted credit exposure', 'direction': 'reduces_risk', 'weight': -0.376}]",0.12620710537058596,882.0,GREEN (Reliable),Rizwan Malik
D0214,SM002,Medium,False,Ph-Karachi-0214 Traders,Karachi,Pharma,750000,Reliable,0.0,0.3333333333333333,0.5773502691896258,661176.5271182362,3.0,0.038414778032425094,0.052106245899751005,0,"[{'factor': 'Late payment pattern (excluding Eid/Ramzan)', 'direction': 'reduces_risk', 'weight': -1.231}, {'factor': 'Inflation-adjusted credit exposure', 'direction': 'increases_risk', 'weight': 0.947}, {'factor': 'Inconsistent / unpredictable payment timing', 'direction': 'reduces_risk', 'weight': -0.796}]",0.24129736244025746,836.0,GREEN (Reliable),Aamir Sohail
D0215,SM001,Medium,False,Te-InteriorPunjab-0215 Traders,Interior Punjab,Textile,500000,Risky,0.23529411764705882,34.18181818181818,15.818392410783671,236617.28022013573,-0.38095238095238093,0.060809491249693946,0.04986534954120759,1,"[{'factor': 'Late payment pattern (excluding Eid/Ramzan)', 'direction': 'increases_risk', 'weight': 4.258}, {'factor': 'Inconsistent / unpredictable payment timing', 'direction': 'increases_risk', 'weight': 2.195}, {'factor': ""Salesman's track record with similar dealers"", 'direction': 'reduces_risk', 'weight': -0.329}]",0.9778273598308471,551.0,RED (High Risk),Tariq Mehmood
D0216,SM002,Low,False,Ph-Rawalpindi-0216 Traders,Rawalpindi,Pharma,500000,Reliable,0.0,1.9523809523809523,1.5617789341495933,341261.0647301927,-0.5263157894736842,0.038414778032425094,0.017698558717844946,0,"[{'factor': 'Late payment pattern (excluding Eid/Ramzan)', 'direction': 'reduces_risk', 'weight': -0.968}, {'factor': 'Inconsistent / unpredictable payment timing', 'direction': 'reduces_risk', 'weight': -0.603}, {'factor': 'Inflation-adjusted credit exposure', 'direction': 'increases_risk', 'weight': 0.277}]",0.22281174964876188,842.0,GREEN (Reliable),Aamir Sohail
D0217,SM008,Medium,False,Te-Karachi-0217 Traders,Karachi,Textile,100000,Reliable,0.0,1.6428571428571428,1.6763879860706166,66063.08468869167,-0.6470588235294118,0.0485033973303768,0.052106245899751005,0,"[{'factor': 'Late payment pattern (excluding Eid/Ramzan)', 'direction': 'reduces_risk', 'weight': -1.018}, {'factor': 'Inconsistent / unpredictable payment timing', 'direction': 'reduces_risk', 'weight': -0.581}, {'factor': 'Inflation-adjusted credit exposure', 'direction': 'reduces_risk', 'weight': -0.3}]",0.12096050911674541,884.0,GREEN (Reliable),Rizwan Malik
D0218,SM007,Medium,False,Ph-Karachi-0218 Traders,Karachi,Pharma,100000,Reliable,0.0,2.25,1.7986923354612536,77970.10445957995,0.8333333333333334,0.031461751367213554,0.052106245899751005,0,"[{'factor': 'Late payment pattern (excluding Eid/Ramzan)', 'direction': 'reduces_risk', 'weight': -0.92}, {'factor': 'Inconsistent / unpredictable payment timing', 'direction': 'reduces_risk', 'weight': -0.557}, {'factor': 'Inflation-adjusted credit exposure', 'direction': 'reduces_risk', 'weight': -0.275}]",0.16981569373677421,861.0,GREEN (Reliable),Imran Yousaf
D0219,SM003,Medium,False,Ph-Karachi-0219 Traders,Karachi,Pharma,350000,Reliable,0.0,0.5,0.9374368665610922,263855.6158589572,2.0,0.05087287953630459,0.052106245899751005,0,"[{'factor': 'Late payment pattern (excluding Eid/Ramzan)', 'direction': 'reduces_risk', 'weight': -1.204}, {'factor': 'Inconsistent / unpredictable payment timing', 'direction': 'reduces_risk', 'weight': -0.726}, {'factor': ""Salesman's track record with similar dealers"", 'direction': 'reduces_risk', 'weight': -0.143}]",0.13062896522704545,879.0,GREEN (Reliable),Bilal Aslam
D0220,SM005,High,False,Ph-InteriorSindh-0220 Traders,Interior Sindh,Pharma,500000,Reliable,0.0,2.5,1.4433756729740645,274898.73808016937,-0.2857142857142857,0.025015859380840076,0.0704023655478718,0,"[{'factor': 'Late payment pattern (excluding Eid/Ramzan)', 'direction': 'reduces_risk', 'weight': -0.879}, {'factor': 'Inconsistent / unpredictable payment timing', 'direction': 'reduces_risk', 'weight': -0.626}, {'factor': ""Salesman's track record with similar dealers"", 'direction': 'increases_risk', 'weight': 0.342}]",0.21228454733252805,846.0,GREEN (Reliable),Kamran Shahid
